decoder_grad_norm,diag_sft_hq_psnr_full,diag_sft_mmse_psnr_full,encoder_grad_norm,epoch,fid,flow_gain_psnr,fmir_grad_norm,global_step,gpu_peak_allocated_gb,latent_delta_cosine,latent_gain_charb,loss_fm,loss_gan_d,loss_gan_g,loss_mmse_char,loss_pixel_total,lr,mmse_grad_norm,psnr,ssim,step,train_loss,warmup_ratio,wavelet_grad_norm
,,,,0,,,0.00014596735127270222,,,,,0.005072616506367922,0.0,0.0,0.0656384527683258,0.0,9.999999747378752e-05,,,,49,0.011636462062597275,0.0,
,,,,0,,,0.00014596735127270222,,,,,0.005072616506367922,0.0,0.0,0.0656384527683258,0.0,9.999999747378752e-05,,,,99,0.011636462062597275,0.0,
,,,,0,,,0.000133012086735107,,,,,0.005137216299772263,0.0,0.0,0.05361948534846306,0.00035768261295743287,9.999998292187229e-05,,,,149,0.010856847278773785,0.004999999888241291,
,,,,0,,,0.000133012086735107,,,,,0.005137216299772263,0.0,0.0,0.05361948534846306,0.00035768261295743287,9.999998292187229e-05,,,,199,0.010856847278773785,0.004999999888241291,
,,,,0,,,0.00010394800483481959,,,,,0.005193410441279411,0.0,0.0,0.05643129348754883,0.0007668305188417435,9.99999392661266e-05,,,,249,0.011603370308876038,0.009999999776482582,
,,,,0,,,0.00010394800483481959,,,,,0.005193410441279411,0.0,0.0,0.05643129348754883,0.0007668305188417435,9.99999392661266e-05,,,,299,0.011603370308876038,0.009999999776482582,
,,,,0,,,0.00014050037134438753,,,,,0.003932042513042688,0.0,0.0,0.04720854014158249,0.0014028542209416628,9.999985923059285e-05,,,,349,0.010055750608444214,0.014999999664723873,
,,,,0,,,0.00014050037134438753,,,,,0.003932042513042688,0.0,0.0,0.04720854014158249,0.0014028542209416628,9.999985923059285e-05,,,,399,0.010055750608444214,0.014999999664723873,
,,,,0,,,0.00010321805166313425,,,,,0.0033279622439295053,0.0,0.0,0.05901799723505974,0.0014217958087101579,9.999975736718625e-05,,,,449,0.010651558637619019,0.019999999552965164,
0.005547918379306793,,,0.18221788108348846,0,,,0.015553215518593788,,,,,0.0033279622439295053,0.0,0.0,0.05901799723505974,0.0014217958087101579,9.999975736718625e-05,0.019717369228601456,,,499,0.010651558637619019,0.019999999552965164,0.002170782070606947
0.005547918379306793,,,0.18221788108348846,0,,,0.00018420969718135893,,,,,0.0048794494941830635,0.0,0.0,0.04284760355949402,0.0017468605656176805,9.999961912399158e-05,0.019717369228601456,,,549,0.010911070741713047,0.02500000037252903,0.002170782070606947
0.005547918379306793,,,0.18221788108348846,0,,,0.00018420969718135893,,,,,0.0048794494941830635,0.0,0.0,0.04284760355949402,0.0017468605656176805,9.999961912399158e-05,0.019717369228601456,,,599,0.010911070741713047,0.02500000037252903,0.002170782070606947
0.005547918379306793,,,0.18221788108348846,0,,,0.0004095829790458083,,,,,0.0035829658154398203,0.0,0.0,0.05255194008350372,0.002848965348675847,9.999945177696645e-05,0.019717369228601456,,,649,0.011687125079333782,0.029999999329447746,0.002170782070606947
0.005547918379306793,,,0.18221788108348846,0,,,0.0004095829790458083,,,,,0.0035829658154398203,0.0,0.0,0.05255194008350372,0.002848965348675847,9.999945177696645e-05,0.019717369228601456,,,699,0.011687125079333782,0.029999999329447746,0.002170782070606947
0.005547918379306793,,,0.18221788108348846,0,,,0.0004769053484778851,,,,,0.005104489158838987,0.0,0.0,0.06905882060527802,0.002764808014035225,9.999924805015326e-05,0.019717369228601456,,,749,0.014775179326534271,0.03500000014901161,0.002170782070606947
0.005547918379306793,,,0.18221788108348846,0,,,0.0004769053484778851,,,,,0.005104489158838987,0.0,0.0,0.06905882060527802,0.002764808014035225,9.999924805015326e-05,0.019717369228601456,,,799,0.014775179326534271,0.03500000014901161,0.002170782070606947
0.005547918379306793,,,0.18221788108348846,0,,,0.00020701211178675294,,,,,0.002836049534380436,0.0,0.0,0.06169186532497406,0.002581608248874545,9.999902249546722e-05,0.019717369228601456,,,849,0.011586843989789486,0.03999999910593033,0.002170782070606947
0.005547918379306793,,,0.18221788108348846,0,,,0.00020701211178675294,,,,,0.002836049534380436,0.0,0.0,0.06169186532497406,0.002581608248874545,9.999902249546722e-05,0.019717369228601456,,,899,0.011586843989789486,0.03999999910593033,0.002170782070606947
0.005547918379306793,,,0.18221788108348846,0,,,0.00021928889327682555,,,,,0.003495481563732028,0.0,0.0,0.049369778484106064,0.003152249613776803,9.99987605609931e-05,0.019717369228601456,,,949,0.011584708467125893,0.04500000178813934,0.002170782070606947
0.014487288892269135,,,0.23989565670490265,0,,,0.027367549017071724,,,,,0.003495481563732028,0.0,0.0,0.049369778484106064,0.003152249613776803,9.99987605609931e-05,0.022315697744488716,,,999,0.011584708467125893,0.04500000178813934,0.025038739666342735
0.014487288892269135,,,0.23989565670490265,0,,,0.0006419044802896678,,,,,0.005298290401697159,0.0,0.0,0.06415221840143204,0.004906358662992716,9.999846952268854e-05,0.022315697744488716,,,1049,0.01661987043917179,0.05000000074505806,0.025038739666342735
0.014487288892269135,,,0.23989565670490265,0,,,0.0006419044802896678,,,,,0.005298290401697159,0.0,0.0,0.06415221840143204,0.004906358662992716,9.999846952268854e-05,0.022315697744488716,,,1099,0.01661987043917179,0.05000000074505806,0.025038739666342735
0.014487288892269135,,,0.23989565670490265,0,,,0.0003042386379092932,,,,,0.003419812535867095,0.0,0.0,0.057512491941452026,0.004058813210576773,9.999814938055351e-05,0.022315697744488716,,,1149,0.013229874894022942,0.054999999701976776,0.025038739666342735
0.014487288892269135,,,0.23989565670490265,0,,,0.0003042386379092932,,,,,0.003419812535867095,0.0,0.0,0.057512491941452026,0.004058813210576773,9.999814938055351e-05,0.022315697744488716,,,1199,0.013229874894022942,0.054999999701976776,0.025038739666342735
0.014487288892269135,,,0.23989565670490265,0,,,0.00036303693195804954,,,,,0.004315087106078863,0.0,0.0,0.04401790723204613,0.004359050653874874,9.999780013458803e-05,0.022315697744488716,,,1249,0.013075928203761578,0.05999999865889549,0.025038739666342735
0.014487288892269135,,,0.23989565670490265,0,,,0.00036303693195804954,,,,,0.004315087106078863,0.0,0.0,0.04401790723204613,0.004359050653874874,9.999780013458803e-05,0.022315697744488716,,,1299,0.013075928203761578,0.05999999865889549,0.025038739666342735
0.014487288892269135,,,0.23989565670490265,0,,,0.0003955982974730432,,,,,0.005130064208060503,0.0,0.0,0.052320875227451324,0.004946435336023569,9.999741450883448e-05,0.022315697744488716,,,1349,0.01530858688056469,0.06499999761581421,0.025038739666342735
0.014487288892269135,,,0.23989565670490265,0,,,0.0003955982974730432,,,,,0.005130064208060503,0.0,0.0,0.052320875227451324,0.004946435336023569,9.999741450883448e-05,0.022315697744488716,,,1399,0.01530858688056469,0.06499999761581421,0.025038739666342735
0.014487288892269135,,,0.23989565670490265,0,,,0.0007039910997264087,,,,,0.005337586626410484,0.0,0.0,0.05915486067533493,0.005340671632438898,9.999699977925047e-05,0.022315697744488716,,,1449,0.016593744978308678,0.07000000029802322,0.025038739666342735
0.014721782878041267,,,0.2393733561038971,0,,,0.028327206149697304,,,,,0.005337586626410484,0.0,0.0,0.05915486067533493,0.005340671632438898,9.999699977925047e-05,0.015040495432913303,,,1499,0.016593744978308678,0.07000000029802322,0.011663573794066906
0.014721782878041267,,,0.2393733561038971,0,,,0.0009514843113720417,,,,,0.004352624993771315,0.0,0.0,0.059339240193367004,0.007950632832944393,9.999656322179362e-05,0.015040495432913303,,,1549,0.01823718100786209,0.07500000298023224,0.011663573794066906
0.014721782878041267,,,0.2393733561038971,0,,,0.0009514843113720417,,,,,0.004352624993771315,0.0,0.0,0.059339240193367004,0.007950632832944393,9.999656322179362e-05,0.015040495432913303,,,1599,0.01823718100786209,0.07500000298023224,0.011663573794066906
0.014721782878041267,,,0.2393733561038971,0,,,0.0007181105320341885,,,,,0.0054840510711073875,0.0,0.0,0.06331326067447662,0.00824196171015501,9.99960902845487e-05,0.015040495432913303,,,1649,0.02005733922123909,0.07999999821186066,0.011663573794066906
0.014721782878041267,,,0.2393733561038971,0,,,0.0007181105320341885,,,,,0.0054840510711073875,0.0,0.0,0.06331326067447662,0.00824196171015501,9.99960902845487e-05,0.015040495432913303,,,1699,0.02005733922123909,0.07999999821186066,0.011663573794066906
0.014721782878041267,,,0.2393733561038971,0,,,0.0012183000799268484,,,,,0.003727837698534131,0.0,0.0,0.07741209119558334,0.009922659024596214,9.999558096751571e-05,0.015040495432913303,,,1749,0.02139170467853546,0.08500000089406967,0.011663573794066906
0.014721782878041267,,,0.2393733561038971,0,,,0.0012183000799268484,,,,,0.003727837698534131,0.0,0.0,0.07741209119558334,0.009922659024596214,9.999558096751571e-05,0.015040495432913303,,,1799,0.02139170467853546,0.08500000089406967,0.011663573794066906
0.014721782878041267,,,0.2393733561038971,0,,,0.0006481281016021967,,,,,0.004405810032039881,0.0,0.0,0.054769255220890045,0.007947880774736404,9.999504982260987e-05,0.015040495432913303,,,1849,0.017830615863204002,0.09000000357627869,0.011663573794066906
0.014721782878041267,,,0.2393733561038971,0,,,0.0006481281016021967,,,,,0.004405810032039881,0.0,0.0,0.054769255220890045,0.007947880774736404,9.999504982260987e-05,0.015040495432913303,,,1899,0.017830615863204002,0.09000000357627869,0.011663573794066906
0.014721782878041267,,,0.2393733561038971,0,,,0.0011967280879616737,,,,,0.003023038385435939,0.0,0.0,0.06706339120864868,0.008281920105218887,9.999448229791597e-05,0.015040495432913303,,,1949,0.018011298030614853,0.0949999988079071,0.011663573794066906
0.034984610974788666,,,0.24566620588302612,0,,,0.07099669426679611,,,,,0.003023038385435939,0.0,0.0,0.06706339120864868,0.008281920105218887,9.999448229791597e-05,0.03100595809519291,,,1999,0.018011298030614853,0.0949999988079071,0.020312737673521042
0.034984610974788666,,,0.24566620588302612,0,,,0.0006971993716433644,,,,,0.005166966002434492,0.0,0.0,0.050721291452646255,0.008103327825665474,9.99938856693916e-05,0.03100595809519291,,,2049,0.01834242418408394,0.10000000149011612,0.020312737673521042
0.034984610974788666,,,0.24566620588302612,0,,,0.0006971993716433644,,,,,0.005166966002434492,0.0,0.0,0.050721291452646255,0.008103327825665474,9.99938856693916e-05,0.03100595809519291,,,2099,0.01834242418408394,0.10000000149011612,0.020312737673521042
0.034984610974788666,,,0.24566620588302612,0,,,0.0013534901663661003,,,,,0.0043897177092731,0.0,0.0,0.06284044682979584,0.011390682309865952,9.999325993703678e-05,0.03100595809519291,,,2149,0.022064443677663803,0.10499999672174454,0.020312737673521042
0.034984610974788666,,,0.24566620588302612,0,,,0.0013534901663661003,,,,,0.0043897177092731,0.0,0.0,0.06284044682979584,0.011390682309865952,9.999325993703678e-05,0.03100595809519291,,,2199,0.022064443677663803,0.10499999672174454,0.020312737673521042
0.034984610974788666,,,0.24566620588302612,0,,,0.00046521314652636647,,,,,0.005440172739326954,0.0,0.0,0.06465817987918854,0.008975333534181118,9.99926051008515e-05,0.03100595809519291,,,2249,0.020881325006484985,0.10999999940395355,0.020312737673521042
0.034984610974788666,,,0.24566620588302612,0,,,0.00046521314652636647,,,,,0.005440172739326954,0.0,0.0,0.06465817987918854,0.008975333534181118,9.99926051008515e-05,0.03100595809519291,,,2299,0.020881325006484985,0.10999999940395355,0.020312737673521042
0.034984610974788666,,,0.24566620588302612,0,,,0.0009047346538864076,,,,,0.004594651982188225,0.0,0.0,0.05229268968105316,0.009749582968652248,9.999191388487816e-05,0.03100595809519291,,,2349,0.019573504105210304,0.11500000208616257,0.020312737673521042
0.034984610974788666,,,0.24566620588302612,0,,,0.0009047346538864076,,,,,0.004594651982188225,0.0,0.0,0.05229268968105316,0.009749582968652248,9.999191388487816e-05,0.03100595809519291,,,2399,0.019573504105210304,0.11500000208616257,0.020312737673521042
0.034984610974788666,,,0.24566620588302612,0,,,0.0012808027677237988,,,,,0.005684335250407457,0.0,0.0,0.06963039934635162,0.01008420716971159,9.999120084103197e-05,0.03100595809519291,,,2449,0.022731583565473557,0.11999999731779099,0.020312737673521042
0.0354507714509964,,,0.3345348536968231,0,,,0.08303435146808624,,,,,0.005684335250407457,0.0,0.0,0.06963039934635162,0.01008420716971159,9.999120084103197e-05,0.020144594833254814,,,2499,0.022731583565473557,0.11999999731779099,0.01181925181299448
0.0354507714509964,,,0.3345348536968231,0,,,0.0008270089165307581,,,,,0.004100300837308168,0.0,0.0,0.055882200598716736,0.011541278101503849,9.999045141739771e-05,0.020144594833254814,,,2549,0.021229799836874008,0.125,0.01181925181299448
0.0354507714509964,,,0.3345348536968231,0,,,0.0008270089165307581,,,,,0.004100300837308168,0.0,0.0,0.055882200598716736,0.011541278101503849,9.999045141739771e-05,0.020144594833254814,,,2599,0.021229799836874008,0.125,0.01181925181299448
0.0354507714509964,,,0.3345348536968231,0,,,0.0007819297607056797,,,,,0.005100509151816368,0.0,0.0,0.05007903650403023,0.010377394035458565,9.998967288993299e-05,0.020144594833254814,,,2649,0.020485807210206985,0.12999999523162842,0.01181925181299448
0.0354507714509964,,,0.3345348536968231,0,,,0.0007819297607056797,,,,,0.005100509151816368,0.0,0.0,0.05007903650403023,0.010377394035458565,9.998967288993299e-05,0.020144594833254814,,,2699,0.020485807210206985,0.12999999523162842,0.01181925181299448
0.0354507714509964,,,0.3345348536968231,0,,,0.0006812539650127292,,,,,0.0040202694945037365,0.0,0.0,0.05267420411109924,0.008514968678355217,9.998886525863782e-05,0.020144594833254814,,,2749,0.017802659422159195,0.13500000536441803,0.01181925181299448
0.0354507714509964,,,0.3345348536968231,0,,,0.0006812539650127292,,,,,0.0040202694945037365,0.0,0.0,0.05267420411109924,0.008514968678355217,9.998886525863782e-05,0.020144594833254814,,,2799,0.017802659422159195,0.13500000536441803,0.01181925181299448
0.0354507714509964,,,0.3345348536968231,0,,,0.0011803846573457122,,,,,0.005573862697929144,0.0,0.0,0.06791160255670547,0.011775924824178219,9.998802124755457e-05,0.020144594833254814,,,2849,0.024140946567058563,0.14000000059604645,0.01181925181299448
0.0354507714509964,,,0.3345348536968231,0,,,0.0011803846573457122,,,,,0.005573862697929144,0.0,0.0,0.06791160255670547,0.011775924824178219,9.998802124755457e-05,0.020144594833254814,,,2899,0.024140946567058563,0.14000000059604645,0.01181925181299448
0.0354507714509964,,,0.3345348536968231,0,,,0.0013630761532112956,,,,,0.0049779172986745834,0.0,0.0,0.05906122922897339,0.014457751996815205,9.998715540859848e-05,0.020144594833254814,,,2949,0.02534179389476776,0.14499999582767487,0.01181925181299448
0.06348972022533417,,,0.40977469086647034,0,,,0.09963972866535187,,,,,0.0049779172986745834,0.0,0.0,0.05906122922897339,0.014457751996815205,9.998715540859848e-05,0.038783006370067596,,,2999,0.02534179389476776,0.14499999582767487,0.059663183987140656
0.06348972022533417,,,0.40977469086647034,0,,,0.0009164103539660573,,,,,0.004101729951798916,0.0,0.0,0.05106796324253082,0.011282527819275856,9.998625318985432e-05,0.038783006370067596,,,3049,0.02049105428159237,0.15000000596046448,0.059663183987140656
0.06348972022533417,,,0.40977469086647034,0,,,0.0009164103539660573,,,,,0.004101729951798916,0.0,0.0,0.05106796324253082,0.011282527819275856,9.998625318985432e-05,0.038783006370067596,,,3099,0.02049105428159237,0.15000000596046448,0.059663183987140656
0.06348972022533417,,,0.40977469086647034,0,,,0.0007944223470985889,,,,,0.005538054741919041,0.0,0.0,0.06328776478767395,0.012934953905642033,9.998532186727971e-05,0.038783006370067596,,,3149,0.02480178512632847,0.1550000011920929,0.059663183987140656
0.06348972022533417,,,0.40977469086647034,0,,,0.0007944223470985889,,,,,0.005538054741919041,0.0,0.0,0.06328776478767395,0.012934953905642033,9.998532186727971e-05,0.038783006370067596,,,3199,0.02480178512632847,0.1550000011920929,0.059663183987140656
0.06348972022533417,,,0.40977469086647034,0,,,0.0008025129209272563,,,,,0.005299869924783707,0.0,0.0,0.05905082821846008,0.014195655472576618,9.998435416491702e-05,0.038783006370067596,,,3249,0.025400608777999878,0.1599999964237213,0.059663183987140656
0.06348972022533417,,,0.40977469086647034,0,,,0.0008025129209272563,,,,,0.005299869924783707,0.0,0.0,0.05905082821846008,0.014195655472576618,9.998435416491702e-05,0.038783006370067596,,,3299,0.025400608777999878,0.1599999964237213,0.059663183987140656
0.06348972022533417,,,0.40977469086647034,0,,,0.001143313362263143,,,,,0.005642930511385202,0.0,0.0,0.06566764414310455,0.01652938313782215,9.998336463468149e-05,0.038783006370067596,,,3349,0.02873907797038555,0.16500000655651093,0.059663183987140656
0.06348972022533417,,,0.40977469086647034,0,,,0.001143313362263143,,,,,0.005642930511385202,0.0,0.0,0.06566764414310455,0.01652938313782215,9.998336463468149e-05,0.038783006370067596,,,3399,0.02873907797038555,0.16500000655651093,0.059663183987140656
0.06348972022533417,,,0.40977469086647034,0,,,0.0016384178306907415,,,,,0.004534674342721701,0.0,0.0,0.05292128026485443,0.014482200145721436,9.998233872465789e-05,0.038783006370067596,,,3449,0.024309001863002777,0.17000000178813934,0.059663183987140656
0.07224871218204498,,,0.32117247581481934,0,,,0.1182066798210144,,,,,0.004534674342721701,0.0,0.0,0.05292128026485443,0.014482200145721436,9.998233872465789e-05,0.03552611172199249,,,3499,0.024309001863002777,0.17000000178813934,0.030209628865122795
0.07224871218204498,,,0.32117247581481934,0,,,0.0011051743058487773,,,,,0.0051400926895439625,0.0,0.0,0.06092705577611923,0.018064841628074646,9.998129098676145e-05,0.03552611172199249,,,3549,0.029297640547156334,0.17499999701976776,0.030209628865122795
0.07224871218204498,,,0.32117247581481934,0,,,0.0011051743058487773,,,,,0.0051400926895439625,0.0,0.0,0.06092705577611923,0.018064841628074646,9.998129098676145e-05,0.03552611172199249,,,3599,0.029297640547156334,0.17499999701976776,0.030209628865122795
0.07224871218204498,,,0.32117247581481934,0,,,0.0013980178628116846,,,,,0.004653377458453178,0.0,0.0,0.06229141727089882,0.017381897196173668,9.998020686907694e-05,0.03552611172199249,,,3649,0.028264416381716728,0.18000000715255737,0.030209628865122795
0.07224871218204498,,,0.32117247581481934,0,,,0.0013980178628116846,,,,,0.004653377458453178,0.0,0.0,0.06229141727089882,0.017381897196173668,9.998020686907694e-05,0.03552611172199249,,,3699,0.028264416381716728,0.18000000715255737,0.030209628865122795
0.07224871218204498,,,0.32117247581481934,0,,,0.0020672648679465055,,,,,0.004916043486446142,0.0,0.0,0.05687399208545685,0.014130336232483387,9.997908637160435e-05,0.03552611172199249,,,3749,0.024733778089284897,0.1850000023841858,0.030209628865122795
0.07224871218204498,,,0.32117247581481934,0,,,0.0020672648679465055,,,,,0.004916043486446142,0.0,0.0,0.05687399208545685,0.014130336232483387,9.997908637160435e-05,0.03552611172199249,,,3799,0.024733778089284897,0.1850000023841858,0.030209628865122795
0.07224871218204498,,,0.32117247581481934,0,,,0.0012059834552928805,,,,,0.004680716898292303,0.0,0.0,0.044899456202983856,0.01716713048517704,9.997794404625893e-05,0.03552611172199249,,,3849,0.026337793096899986,0.1899999976158142,0.030209628865122795
0.07224871218204498,,,0.32117247581481934,0,,,0.0012059834552928805,,,,,0.004680716898292303,0.0,0.0,0.044899456202983856,0.01716713048517704,9.997794404625893e-05,0.03552611172199249,,,3899,0.026337793096899986,0.1899999976158142,0.030209628865122795
0.07224871218204498,,,0.32117247581481934,0,,,0.0015263179084286094,,,,,0.003745849011465907,0.0,0.0,0.05522257089614868,0.021066641435027122,9.997676534112543e-05,0.03552611172199249,,,3949,0.030334748327732086,0.19499999284744263,0.030209628865122795
0.052283789962530136,,,0.330663800239563,0,,,0.14313089847564697,,,,,0.003745849011465907,0.0,0.0,0.05522257089614868,0.021066641435027122,9.997676534112543e-05,0.029272262006998062,,,3999,0.030334748327732086,0.19499999284744263,0.03145340830087662
0.052283789962530136,,,0.330663800239563,0,,,0.0018168534152209759,,,,,0.005272247362881899,0.0,0.0,0.05607030540704727,0.017872529104351997,9.997556480811909e-05,0.029272262006998062,,,4049,0.028751807287335396,0.20000000298023224,0.03145340830087662
0.052283789962530136,,,0.330663800239563,0,,,0.0018168534152209759,,,,,0.005272247362881899,0.0,0.0,0.05607030540704727,0.017872529104351997,9.997556480811909e-05,0.029272262006998062,,,4099,0.028751807287335396,0.20000000298023224,0.03145340830087662
0.052283789962530136,,,0.330663800239563,0,,,0.0011839314829558134,,,,,0.0053360858000814915,0.0,0.0,0.05871545523405075,0.014369050972163677,9.997432789532468e-05,0.029272262006998062,,,4149,0.025576680898666382,0.20499999821186066,0.03145340830087662
0.052283789962530136,,,0.330663800239563,0,,,0.0011839314829558134,,,,,0.0053360858000814915,0.0,0.0,0.05871545523405075,0.014369050972163677,9.997432789532468e-05,0.029272262006998062,,,4199,0.025576680898666382,0.20499999821186066,0.03145340830087662
0.052283789962530136,,,0.330663800239563,0,,,0.0013413623673841357,,,,,0.005174541380256414,0.0,0.0,0.052721694111824036,0.014779143035411835,9.997306187869981e-05,0.029272262006998062,,,4249,0.02522585354745388,0.20999999344348907,0.03145340830087662
0.052283789962530136,,,0.330663800239563,0,,,0.0013413623673841357,,,,,0.005174541380256414,0.0,0.0,0.052721694111824036,0.014779143035411835,9.997306187869981e-05,0.029272262006998062,,,4299,0.02522585354745388,0.20999999344348907,0.03145340830087662
0.052283789962530136,,,0.330663800239563,0,,,0.001256192452274263,,,,,0.004278047941625118,0.0,0.0,0.05501977354288101,0.016320401802659035,9.997175948228687e-05,0.029272262006998062,,,4349,0.02610042691230774,0.2150000035762787,0.03145340830087662
0.052283789962530136,,,0.330663800239563,0,,,0.001256192452274263,,,,,0.004278047941625118,0.0,0.0,0.05501977354288101,0.016320401802659035,9.997175948228687e-05,0.029272262006998062,,,4399,0.02610042691230774,0.2150000035762787,0.03145340830087662
0.052283789962530136,,,0.330663800239563,0,,,0.0027393903583288193,,,,,0.005328572355210781,0.0,0.0,0.057720527052879333,0.02549748308956623,9.997043525800109e-05,0.029272262006998062,,,4449,0.03659810870885849,0.2199999988079071,0.03145340830087662
0.0582454577088356,,,0.13322827219963074,0,,,0.0953507348895073,,,,,0.005328572355210781,0.0,0.0,0.057720527052879333,0.02549748308956623,9.997043525800109e-05,0.022457566112279892,,,4499,0.03659810870885849,0.2199999988079071,0.03830702602863312
0.0582454577088356,,,0.13322827219963074,0,,,0.0011647515930235386,,,,,0.004997396841645241,0.0,0.0,0.04753291606903076,0.02022804506123066,9.996907465392724e-05,0.022457566112279892,,,4549,0.029978733509778976,0.22499999403953552,0.03830702602863312
0.0582454577088356,,,0.13322827219963074,0,,,0.0011647515930235386,,,,,0.004997396841645241,0.0,0.0,0.04753291606903076,0.02022804506123066,9.996907465392724e-05,0.022457566112279892,,,4599,0.029978733509778976,0.22499999403953552,0.03830702602863312
0.0582454577088356,,,0.13322827219963074,0,,,0.0020170356146991253,,,,,0.00468951091170311,0.0,0.0,0.07114279270172119,0.020394938066601753,9.996768494602293e-05,0.022457566112279892,,,4649,0.03219872713088989,0.23000000417232513,0.03830702602863312
0.0582454577088356,,,0.13322827219963074,0,,,0.0020170356146991253,,,,,0.00468951091170311,0.0,0.0,0.07114279270172119,0.020394938066601753,9.996768494602293e-05,0.022457566112279892,,,4699,0.03219872713088989,0.23000000417232513,0.03830702602863312
0.0582454577088356,,,0.13322827219963074,0,,,0.0027066345792263746,,,,,0.005008756648749113,0.0,0.0,0.06420054286718369,0.022263916209340096,9.996626613428816e-05,0.022457566112279892,,,4749,0.033692725002765656,0.23499999940395355,0.03830702602863312
0.0582454577088356,,,0.13322827219963074,0,,,0.0027066345792263746,,,,,0.005008756648749113,0.0,0.0,0.06420054286718369,0.022263916209340096,9.996626613428816e-05,0.022457566112279892,,,4799,0.033692725002765656,0.23499999940395355,0.03830702602863312
0.0582454577088356,,,0.13322827219963074,0,,,0.001540632452815771,,,,,0.005195873323827982,0.0,0.0,0.05756358802318573,0.023413952440023422,9.996481094276533e-05,0.022457566112279892,,,4849,0.0343661829829216,0.23999999463558197,0.03830702602863312
0.0582454577088356,,,0.13322827219963074,0,,,0.001540632452815771,,,,,0.005195873323827982,0.0,0.0,0.05756358802318573,0.023413952440023422,9.996481094276533e-05,0.022457566112279892,,,4899,0.0343661829829216,0.23999999463558197,0.03830702602863312
0.0582454577088356,,,0.13322827219963074,0,,,0.0012040747096762061,,,,,0.0050063966773450375,0.0,0.0,0.05509458854794502,0.014709626324474812,9.996333392336965e-05,0.022457566112279892,,,4949,0.025225482881069183,0.24500000476837158,0.03830702602863312
0.09692182391881943,,,0.27772775292396545,0,,,0.16042841970920563,,,,,0.0050063966773450375,0.0,0.0,0.05509458854794502,0.014709626324474812,9.996333392336965e-05,0.02652665227651596,,,4999,0.025225482881069183,0.24500000476837158,0.0440373420715332
0.09692182391881943,,,0.27772775292396545,0,,,0.0018052980303764343,,,,,0.0054750763811171055,0.0,0.0,0.06139780580997467,0.017668358981609344,9.99618205241859e-05,0.02652665227651596,,,5049,0.02928321622312069,0.25,0.0440373420715332
0.09692182391881943,,,0.27772775292396545,0,,,0.0018052980303764343,,,,,0.0054750763811171055,0.0,0.0,0.06139780580997467,0.017668358981609344,9.99618205241859e-05,0.02652665227651596,,,5099,0.02928321622312069,0.25,0.0440373420715332
0.09692182391881943,,,0.27772775292396545,0,,,0.0026653476525098085,,,,,0.005059252958744764,0.0,0.0,0.05127889662981033,0.01731349714100361,9.996027802117169e-05,0.02652665227651596,,,5149,0.027500640600919724,0.2549999952316284,0.0440373420715332
0.09692182391881943,,,0.27772775292396545,0,,,0.0026653476525098085,,,,,0.005059252958744764,0.0,0.0,0.05127889662981033,0.01731349714100361,9.996027802117169e-05,0.02652665227651596,,,5199,0.027500640600919724,0.2549999952316284,0.0440373420715332
0.09692182391881943,,,0.27772775292396545,0,,,0.0012176907621324062,,,,,0.005346298683434725,0.0,0.0,0.06055862456560135,0.015031113289296627,9.995870641432703e-05,0.02652665227651596,,,5249,0.026433274149894714,0.25999999046325684,0.0440373420715332
0.09692182391881943,,,0.27772775292396545,0,,,0.0012176907621324062,,,,,0.005346298683434725,0.0,0.0,0.06055862456560135,0.015031113289296627,9.995870641432703e-05,0.02652665227651596,,,5299,0.026433274149894714,0.25999999046325684,0.0440373420715332
0.09692182391881943,,,0.27772775292396545,0,,,0.0018572479020804167,,,,,0.004845521878451109,0.0,0.0,0.054323166608810425,0.016378089785575867,9.99571057036519e-05,0.02652665227651596,,,5349,0.026655927300453186,0.26499998569488525,0.0440373420715332
0.09692182391881943,,,0.27772775292396545,0,,,0.0018572479020804167,,,,,0.004845521878451109,0.0,0.0,0.054323166608810425,0.016378089785575867,9.99571057036519e-05,0.02652665227651596,,,5399,0.026655927300453186,0.26499998569488525,0.0440373420715332
0.09692182391881943,,,0.27772775292396545,0,,,0.0018393583595752716,,,,,0.005183486733585596,0.0,0.0,0.0525834783911705,0.020452236756682396,9.995546861318871e-05,0.02652665227651596,,,5449,0.030894070863723755,0.27000001072883606,0.0440373420715332
0.09369508177042007,,,0.18437343835830688,0,,,0.10332698374986649,,,,,0.005183486733585596,0.0,0.0,0.0525834783911705,0.020452236756682396,9.995546861318871e-05,0.02624342031776905,,,5499,0.030894070863723755,0.27000001072883606,0.12197457998991013
0.09369508177042007,,,0.18437343835830688,0,,,0.0020149529445916414,,,,,0.004573929123580456,0.0,0.0,0.05018484964966774,0.025804342702031136,9.995380969485268e-05,0.02624342031776905,,,5549,0.0353967547416687,0.2750000059604645,0.12197457998991013
0.09369508177042007,,,0.18437343835830688,0,,,0.0020149529445916414,,,,,0.004573929123580456,0.0,0.0,0.05018484964966774,0.025804342702031136,9.995380969485268e-05,0.02624342031776905,,,5599,0.0353967547416687,0.2750000059604645,0.12197457998991013
0.09369508177042007,,,0.18437343835830688,0,,,0.0019118560012429953,,,,,0.004767475184053183,0.0,0.0,0.044423844665288925,0.019747579470276833,9.995211439672858e-05,0.02624342031776905,,,5649,0.028957439586520195,0.2800000011920929,0.12197457998991013
0.09369508177042007,,,0.18437343835830688,0,,,0.0019118560012429953,,,,,0.004767475184053183,0.0,0.0,0.044423844665288925,0.019747579470276833,9.995211439672858e-05,0.02624342031776905,,,5699,0.028957439586520195,0.2800000011920929,0.12197457998991013
0.09369508177042007,,,0.18437343835830688,0,,,0.0026809240225702524,,,,,0.00569404661655426,0.0,0.0,0.06898697465658188,0.030823253095149994,9.995038999477401e-05,0.02624342031776905,,,5749,0.04341599717736244,0.2849999964237213,0.12197457998991013
0.09369508177042007,,,0.18437343835830688,0,,,0.0026809240225702524,,,,,0.00569404661655426,0.0,0.0,0.06898697465658188,0.030823253095149994,9.995038999477401e-05,0.02624342031776905,,,5799,0.04341599717736244,0.2849999964237213,0.12197457998991013
0.09369508177042007,,,0.18437343835830688,0,,,0.003227175446227193,,,,,0.003983588889241219,0.0,0.0,0.07137100398540497,0.023269882425665855,9.994862921303138e-05,0.02624342031776905,,,5849,0.03439057245850563,0.28999999165534973,0.12197457998991013
0.09369508177042007,,,0.18437343835830688,0,,,0.003227175446227193,,,,,0.003983588889241219,0.0,0.0,0.07137100398540497,0.023269882425665855,9.994862921303138e-05,0.02624342031776905,,,5899,0.03439057245850563,0.28999999165534973,0.12197457998991013
0.09369508177042007,,,0.18437343835830688,0,,,0.0012039074208587408,,,,,0.005271997302770615,0.0,0.0,0.05964498594403267,0.017654696479439735,9.99468466034159e-05,0.02624342031776905,,,5949,0.028891192749142647,0.29499998688697815,0.12197457998991013
0.05325137823820114,,,0.2846469283103943,0,,,0.0888524204492569,,,,,0.005271997302770615,0.0,0.0,0.05964498594403267,0.017654696479439735,9.99468466034159e-05,0.03902352228760719,,,5999,0.028891192749142647,0.29499998688697815,0.020041026175022125
0.05325137823820114,,,0.2846469283103943,0,,,0.0024645475205034018,,,,,0.005584126804023981,0.0,0.0,0.06304122507572174,0.019555727019906044,9.994502761401236e-05,0.03902352228760719,,,6049,0.03144397586584091,0.30000001192092896,0.020041026175022125
0.05325137823820114,,,0.2846469283103943,0,,,0.0024645475205034018,,,,,0.005584126804023981,0.0,0.0,0.06304122507572174,0.019555727019906044,9.994502761401236e-05,0.03902352228760719,,,6099,0.03144397586584091,0.30000001192092896,0.020041026175022125
0.05325137823820114,,,0.2846469283103943,0,,,0.0024602278135716915,,,,,0.0042104572057724,0.0,0.0,0.06421174108982086,0.03385632112622261,9.994318679673597e-05,0.03902352228760719,,,6149,0.044487953186035156,0.3050000071525574,0.020041026175022125
0.05325137823820114,,,0.2846469283103943,0,,,0.0024602278135716915,,,,,0.0042104572057724,0.0,0.0,0.06421174108982086,0.03385632112622261,9.994318679673597e-05,0.03902352228760719,,,6199,0.044487953186035156,0.3050000071525574,0.020041026175022125
0.05325137823820114,,,0.2846469283103943,0,,,0.0035335079301148653,,,,,0.005326925776898861,0.0,0.0,0.05517997965216637,0.0288219191133976,9.994130959967151e-05,0.03902352228760719,,,6249,0.03966684266924858,0.3100000023841858,0.020041026175022125
0.05325137823820114,,,0.2846469283103943,0,,,0.0035335079301148653,,,,,0.005326925776898861,0.0,0.0,0.05517997965216637,0.0288219191133976,9.994130959967151e-05,0.03902352228760719,,,6299,0.03966684266924858,0.3100000023841858,0.020041026175022125
0.05325137823820114,,,0.2846469283103943,0,,,0.002125541912391782,,,,,0.005877913907170296,0.0,0.0,0.07589520514011383,0.028306005522608757,9.993939602281898e-05,0.03902352228760719,,,6349,0.041773438453674316,0.3149999976158142,0.020041026175022125
0.05325137823820114,,,0.2846469283103943,0,,,0.002125541912391782,,,,,0.005877913907170296,0.0,0.0,0.07589520514011383,0.028306005522608757,9.993939602281898e-05,0.03902352228760719,,,6399,0.041773438453674316,0.3149999976158142,0.020041026175022125
0.05325137823820114,,,0.2846469283103943,0,,,0.0024012026842683554,,,,,0.005401507951319218,0.0,0.0,0.0603160560131073,0.023257754743099213,9.993746061809361e-05,0.03902352228760719,,,6449,0.034690868109464645,0.3199999928474426,0.020041026175022125
0.08763500303030014,,,0.38009539246559143,0,,,0.14197513461112976,,,,,0.005401507951319218,0.0,0.0,0.0603160560131073,0.023257754743099213,9.993746061809361e-05,0.026639044284820557,,,6499,0.034690868109464645,0.3199999928474426,0.018443159759044647
0.08763500303030014,,,0.38009539246559143,0,,,0.002339365892112255,,,,,0.005083634052425623,0.0,0.0,0.05011498183012009,0.016601290553808212,9.993548883358017e-05,0.026639044284820557,,,6549,0.026696423068642616,0.32499998807907104,0.018443159759044647
0.08763500303030014,,,0.38009539246559143,0,,,0.002339365892112255,,,,,0.005083634052425623,0.0,0.0,0.05011498183012009,0.016601290553808212,9.993548883358017e-05,0.026639044284820557,,,6599,0.026696423068642616,0.32499998807907104,0.018443159759044647
0.08763500303030014,,,0.38009539246559143,0,,,0.0018782325787469745,,,,,0.005210708826780319,0.0,0.0,0.06211182475090027,0.02165055088698864,9.993348794523627e-05,0.026639044284820557,,,6649,0.033072441816329956,0.33000001311302185,0.018443159759044647
0.08763500303030014,,,0.38009539246559143,0,,,0.0018782325787469745,,,,,0.005210708826780319,0.0,0.0,0.06211182475090027,0.02165055088698864,9.993348794523627e-05,0.026639044284820557,,,6699,0.033072441816329956,0.33000001311302185,0.018443159759044647
0.08763500303030014,,,0.38009539246559143,0,,,0.00393723463639617,,,,,0.004703159909695387,0.0,0.0,0.0753604918718338,0.02957579866051674,9.993146522901952e-05,0.026639044284820557,,,6749,0.04181500896811485,0.33500000834465027,0.018443159759044647
0.08763500303030014,,,0.38009539246559143,0,,,0.00393723463639617,,,,,0.004703159909695387,0.0,0.0,0.0753604918718338,0.02957579866051674,9.993146522901952e-05,0.026639044284820557,,,6799,0.04181500896811485,0.33500000834465027,0.018443159759044647
0.08763500303030014,,,0.38009539246559143,0,,,0.0019918777979910374,,,,,0.004434870555996895,0.0,0.0,0.061686206609010696,0.023242659866809845,9.99293988570571e-05,0.026639044284820557,,,6849,0.03384615108370781,0.3400000035762787,0.018443159759044647
0.08763500303030014,,,0.38009539246559143,0,,,0.0019918777979910374,,,,,0.004434870555996895,0.0,0.0,0.061686206609010696,0.023242659866809845,9.99293988570571e-05,0.026639044284820557,,,6899,0.03384615108370781,0.3400000035762787,0.018443159759044647
0.08763500303030014,,,0.38009539246559143,0,,,0.002347978064790368,,,,,0.005140955559909344,0.0,0.0,0.05443773418664932,0.019183948636054993,9.992731065722182e-05,0.026639044284820557,,,6949,0.029768677428364754,0.3449999988079071,0.018443159759044647
0.13983574509620667,,,0.3460994064807892,0,,,0.26553529500961304,,,,,0.005140955559909344,0.0,0.0,0.05443773418664932,0.019183948636054993,9.992731065722182e-05,0.043196991086006165,,,6999,0.029768677428364754,0.3449999988079071,0.08784125745296478
0.13983574509620667,,,0.3460994064807892,0,,,0.005074969958513975,,,,,0.005522128660231829,0.0,0.0,0.061222389340400696,0.03324512392282486,9.992518607759848e-05,0.043196991086006165,,,7049,0.04488949105143547,0.3499999940395355,0.08784125745296478
0.13983574509620667,,,0.3460994064807892,0,,,0.005074969958513975,,,,,0.005522128660231829,0.0,0.0,0.061222389340400696,0.03324512392282486,9.992518607759848e-05,0.043196991086006165,,,7099,0.04488949105143547,0.3499999940395355,0.08784125745296478
0.13983574509620667,,,0.3460994064807892,0,,,0.0015552050899714231,,,,,0.005316573660820723,0.0,0.0,0.05431831255555153,0.019269727170467377,9.99230396701023e-05,0.043196991086006165,,,7149,0.03001813217997551,0.35499998927116394,0.08784125745296478
0.13983574509620667,,,0.3460994064807892,0,,,0.0015552050899714231,,,,,0.005316573660820723,0.0,0.0,0.05431831255555153,0.019269727170467377,9.99230396701023e-05,0.043196991086006165,,,7199,0.03001813217997551,0.35499998927116394,0.08784125745296478
0.13983574509620667,,,0.3460994064807892,0,,,0.0015907521592453122,,,,,0.005397106520831585,0.0,0.0,0.060367412865161896,0.0185150858014822,9.992085688281804e-05,0.043196991086006165,,,7249,0.02994893305003643,0.36000001430511475,0.08784125745296478
0.13983574509620667,,,0.3460994064807892,0,,,0.0015907521592453122,,,,,0.005397106520831585,0.0,0.0,0.060367412865161896,0.0185150858014822,9.992085688281804e-05,0.043196991086006165,,,7299,0.02994893305003643,0.36000001430511475,0.08784125745296478
0.13983574509620667,,,0.3460994064807892,0,,,0.0018909318605437875,,,,,0.004033317789435387,0.0,0.0,0.06140832602977753,0.022539950907230377,9.991864499170333e-05,0.043196991086006165,,,7349,0.032714102417230606,0.36500000953674316,0.08784125745296478
0.13983574509620667,,,0.3460994064807892,0,,,0.0018909318605437875,,,,,0.004033317789435387,0.0,0.0,0.06140832602977753,0.022539950907230377,9.991864499170333e-05,0.043196991086006165,,,7399,0.032714102417230606,0.36500000953674316,0.08784125745296478
0.13983574509620667,,,0.3460994064807892,0,,,0.0009491400560364127,,,,,0.004793911706656218,0.0,0.0,0.048607826232910156,0.016231155022978783,9.991639672080055e-05,0.043196991086006165,,,7449,0.025885850191116333,0.3700000047683716,0.08784125745296478
0.05381070822477341,,,0.2345387190580368,0,,,0.08364119380712509,,,,,0.004793911706656218,0.0,0.0,0.048607826232910156,0.016231155022978783,9.991639672080055e-05,0.01637335866689682,,,7499,0.025885850191116333,0.3700000047683716,0.019817598164081573
0.05381070822477341,,,0.2345387190580368,0,,,0.0020400502253323793,,,,,0.0051695480942726135,0.0,0.0,0.06601379811763763,0.02035759948194027,9.991412662202492e-05,0.01637335866689682,,,7549,0.032128527760505676,0.375,0.019817598164081573
0.05381070822477341,,,0.2345387190580368,0,,,0.0020400502253323793,,,,,0.0051695480942726135,0.0,0.0,0.06601379811763763,0.02035759948194027,9.991412662202492e-05,0.01637335866689682,,,7599,0.032128527760505676,0.375,0.019817598164081573
0.05381070822477341,,,0.2345387190580368,0,,,0.0024533658288419247,,,,,0.005321968346834183,0.0,0.0,0.0544622465968132,0.013290398754179478,9.991182014346123e-05,0.01637335866689682,,,7649,0.024058591574430466,0.3799999952316284,0.019817598164081573
0.05381070822477341,,,0.2345387190580368,0,,,0.0024533658288419247,,,,,0.005321968346834183,0.0,0.0,0.0544622465968132,0.013290398754179478,9.991182014346123e-05,0.01637335866689682,,,7699,0.024058591574430466,0.3799999952316284,0.019817598164081573
0.05381070822477341,,,0.2345387190580368,0,,,0.0023706993088126183,,,,,0.004612739663571119,0.0,0.0,0.051888879388570786,0.01973947323858738,9.990948456106707e-05,0.01637335866689682,,,7749,0.029541101306676865,0.38499999046325684,0.019817598164081573
0.05381070822477341,,,0.2345387190580368,0,,,0.0023706993088126183,,,,,0.004612739663571119,0.0,0.0,0.051888879388570786,0.01973947323858738,9.990948456106707e-05,0.01637335866689682,,,7799,0.029541101306676865,0.38499999046325684,0.019817598164081573
0.05381070822477341,,,0.2345387190580368,0,,,0.0012264368124306202,,,,,0.003972930368036032,0.0,0.0,0.042921293526887894,0.017422335222363472,9.990711987484246e-05,0.01637335866689682,,,7849,0.02568739466369152,0.38999998569488525,0.019817598164081573
0.05381070822477341,,,0.2345387190580368,0,,,0.0012264368124306202,,,,,0.003972930368036032,0.0,0.0,0.042921293526887894,0.017422335222363472,9.990711987484246e-05,0.01637335866689682,,,7899,0.02568739466369152,0.38999998569488525,0.019817598164081573
0.05381070822477341,,,0.2345387190580368,0,,,0.00137435388751328,,,,,0.005392376333475113,0.0,0.0,0.06107773631811142,0.02489304170012474,9.99047260847874e-05,0.01637335866689682,,,7949,0.036393191665410995,0.39500001072883606,0.019817598164081573
0.06198945268988609,,,0.2430737465620041,0,,,0.14509083330631256,,,,,0.005392376333475113,0.0,0.0,0.06107773631811142,0.02489304170012474,9.99047260847874e-05,0.020659705623984337,,,7999,0.036393191665410995,0.39500001072883606,0.06392193585634232
0.06198945268988609,,,0.2430737465620041,0,,,0.006412026006728411,,,,,0.004994748625904322,0.0,0.0,0.06148171424865723,0.02790365181863308,9.990229591494426e-05,0.020659705623984337,,,8049,0.03904657065868378,0.4000000059604645,0.06392193585634232
0.06198945268988609,,,0.2430737465620041,0,,,0.006412026006728411,,,,,0.004994748625904322,0.0,0.0,0.06148171424865723,0.02790365181863308,9.990229591494426e-05,0.020659705623984337,,,8099,0.03904657065868378,0.4000000059604645,0.06392193585634232
0.06198945268988609,,,0.2430737465620041,0,,,0.0007798415026627481,,,,,0.004957105033099651,0.0,0.0,0.04720330238342285,0.014895264059305191,9.989984391722828e-05,0.020659705623984337,,,8149,0.024572700262069702,0.4050000011920929,0.06392193585634232
0.06198945268988609,,,0.2430737465620041,0,,,0.0007798415026627481,,,,,0.004957105033099651,0.0,0.0,0.04720330238342285,0.014895264059305191,9.989984391722828e-05,0.020659705623984337,,,8199,0.024572700262069702,0.4050000011920929,0.06392193585634232
0.06198945268988609,,,0.2430737465620041,0,,,0.0019003981724381447,,,,,0.005077167879790068,0.0,0.0,0.05194797366857529,0.022581858560442924,9.989735553972423e-05,0.020659705623984337,,,8249,0.03285382315516472,0.4099999964237213,0.06392193585634232
0.06198945268988609,,,0.2430737465620041,0,,,0.0019003981724381447,,,,,0.005077167879790068,0.0,0.0,0.05194797366857529,0.022581858560442924,9.989735553972423e-05,0.020659705623984337,,,8299,0.03285382315516472,0.4099999964237213,0.06392193585634232
0.06198945268988609,,,0.2430737465620041,0,,,0.0014523897552862763,,,,,0.004418861120939255,0.0,0.0,0.0580361932516098,0.017222458496689796,9.989483805838972e-05,0.020659705623984337,,,8349,0.02744494006037712,0.41499999165534973,0.06392193585634232
0.06198945268988609,,,0.2430737465620041,0,,,0.0014523897552862763,,,,,0.004418861120939255,0.0,0.0,0.0580361932516098,0.017222458496689796,9.989483805838972e-05,0.020659705623984337,,,8399,0.02744494006037712,0.41499999165534973,0.06392193585634232
0.06198945268988609,,,0.2430737465620041,0,,,0.0013419321039691567,,,,,0.0048070200718939304,0.0,0.0,0.04737710952758789,0.012998433783650398,9.989229147322476e-05,0.020659705623984337,,,8449,0.02254316583275795,0.41999998688697815,0.06392193585634232
0.10051622986793518,,,0.22859935462474823,0,,,0.14167481660842896,,,,,0.0048070200718939304,0.0,0.0,0.04737710952758789,0.012998433783650398,9.989229147322476e-05,0.031371235847473145,,,8499,0.02254316583275795,0.41999998688697815,0.023015940561890602
0.10051622986793518,,,0.22859935462474823,0,,,0.0010400436585769057,,,,,0.005276080686599016,0.0,0.0,0.05770581588149071,0.01653597503900528,9.988970850827172e-05,0.031371235847473145,,,8549,0.02758263796567917,0.42500001192092896,0.023015940561890602
0.10051622986793518,,,0.22859935462474823,0,,,0.0010400436585769057,,,,,0.005276080686599016,0.0,0.0,0.05770581588149071,0.01653597503900528,9.988970850827172e-05,0.031371235847473145,,,8599,0.02758263796567917,0.42500001192092896,0.023015940561890602
0.10051622986793518,,,0.22859935462474823,0,,,0.001917478279210627,,,,,0.004527409095317125,0.0,0.0,0.05215589702129364,0.014716566540300846,9.988710371544585e-05,0.031371235847473145,,,8649,0.024459566920995712,0.4300000071525574,0.023015940561890602
0.10051622986793518,,,0.22859935462474823,0,,,0.001917478279210627,,,,,0.004527409095317125,0.0,0.0,0.05215589702129364,0.014716566540300846,9.988710371544585e-05,0.031371235847473145,,,8699,0.024459566920995712,0.4300000071525574,0.023015940561890602
0.10051622986793518,,,0.22859935462474823,0,,,0.005270231515169144,,,,,0.005901125725358725,0.0,0.0,0.0715411901473999,0.03186881169676781,9.98844625428319e-05,0.031371235847473145,,,8749,0.0449240580201149,0.4350000023841858,0.023015940561890602
0.10051622986793518,,,0.22859935462474823,0,,,0.005270231515169144,,,,,0.005901125725358725,0.0,0.0,0.0715411901473999,0.03186881169676781,9.98844625428319e-05,0.031371235847473145,,,8799,0.0449240580201149,0.4350000023841858,0.023015940561890602
0.10051622986793518,,,0.22859935462474823,0,,,0.0019245853181928396,,,,,0.003699504304677248,0.0,0.0,0.04680664837360382,0.016500694677233696,9.988179226638749e-05,0.031371235847473145,,,8849,0.02488086372613907,0.4399999976158142,0.023015940561890602
0.10051622986793518,,,0.22859935462474823,0,,,0.0019245853181928396,,,,,0.003699504304677248,0.0,0.0,0.04680664837360382,0.016500694677233696,9.988179226638749e-05,0.031371235847473145,,,8899,0.02488086372613907,0.4399999976158142,0.023015940561890602
0.10051622986793518,,,0.22859935462474823,0,,,0.0015237260377034545,,,,,0.004286737646907568,0.0,0.0,0.056331269443035126,0.017770659178495407,9.987909288611263e-05,0.031371235847473145,,,8949,0.027690524235367775,0.4449999928474426,0.023015940561890602
0.031065210700035095,,,0.23432134091854095,0,,,0.05300768464803696,,,,,0.004286737646907568,0.0,0.0,0.056331269443035126,0.017770659178495407,9.987909288611263e-05,0.019670262932777405,,,8999,0.027690524235367775,0.4449999928474426,0.01623752899467945
0.031065210700035095,,,0.23432134091854095,0,,,0.001917000743560493,,,,,0.004956994205713272,0.0,0.0,0.04255804792046547,0.014945772476494312,9.987636440200731e-05,0.019670262932777405,,,9049,0.024158570915460587,0.44999998807907104,0.01623752899467945
0.031065210700035095,,,0.23432134091854095,0,,,0.001917000743560493,,,,,0.004956994205713272,0.0,0.0,0.04255804792046547,0.014945772476494312,9.987636440200731e-05,0.019670262932777405,,,9099,0.024158570915460587,0.44999998807907104,0.01623752899467945
0.031065210700035095,,,0.23432134091854095,0,,,0.0022018388845026493,,,,,0.00438435934484005,0.0,0.0,0.056668590754270554,0.016252120956778526,9.987359953811392e-05,0.019670262932777405,,,9149,0.02630333974957466,0.45500001311302185,0.01623752899467945
0.031065210700035095,,,0.23432134091854095,0,,,0.0022018388845026493,,,,,0.00438435934484005,0.0,0.0,0.056668590754270554,0.016252120956778526,9.987359953811392e-05,0.019670262932777405,,,9199,0.02630333974957466,0.45500001311302185,0.01623752899467945
0.031065210700035095,,,0.23432134091854095,0,,,0.0012620884226635098,,,,,0.0031605069525539875,0.0,0.0,0.043518006801605225,0.012373913079500198,9.987080557039008e-05,0.019670262932777405,,,9249,0.01988622173666954,0.46000000834465027,0.01623752899467945
0.031065210700035095,,,0.23432134091854095,0,,,0.0012620884226635098,,,,,0.0031605069525539875,0.0,0.0,0.043518006801605225,0.012373913079500198,9.987080557039008e-05,0.019670262932777405,,,9299,0.01988622173666954,0.46000000834465027,0.01623752899467945
0.031065210700035095,,,0.23432134091854095,0,,,0.0028419799637049437,,,,,0.005429317709058523,0.0,0.0,0.06056126207113266,0.022971004247665405,9.986798249883577e-05,0.019670262932777405,,,9349,0.03445644676685333,0.4650000035762787,0.01623752899467945
0.031065210700035095,,,0.23432134091854095,0,,,0.0028419799637049437,,,,,0.005429317709058523,0.0,0.0,0.06056126207113266,0.022971004247665405,9.986798249883577e-05,0.019670262932777405,,,9399,0.03445644676685333,0.4650000035762787,0.01623752899467945
0.031065210700035095,,,0.23432134091854095,0,,,0.0031784160528331995,,,,,0.004189586732536554,0.0,0.0,0.05768757313489914,0.02983417920768261,9.986513032345101e-05,0.019670262932777405,,,9449,0.03979252278804779,0.4699999988079071,0.01623752899467945
0.07003843039274216,,,0.19922302663326263,0,,,0.13623976707458496,,,,,0.004189586732536554,0.0,0.0,0.05768757313489914,0.02983417920768261,9.986513032345101e-05,0.02189265564084053,,,9499,0.03979252278804779,0.4699999988079071,0.028205949813127518
0.07003843039274216,,,0.19922302663326263,0,,,0.002171267755329609,,,,,0.005236354190856218,0.0,0.0,0.0548761785030365,0.01886674575507641,9.98622490442358e-05,0.02189265564084053,,,9549,0.02959071844816208,0.4749999940395355,0.028205949813127518
0.07003843039274216,,,0.19922302663326263,0,,,0.002171267755329609,,,,,0.005236354190856218,0.0,0.0,0.0548761785030365,0.01886674575507641,9.98622490442358e-05,0.02189265564084053,,,9599,0.02959071844816208,0.4749999940395355,0.028205949813127518
0.07003843039274216,,,0.19922302663326263,0,,,0.0016165036940947175,,,,,0.00505469786003232,0.0,0.0,0.07012008875608444,0.01978352665901184,9.985933866119012e-05,0.02189265564084053,,,9649,0.03185023367404938,0.47999998927116394,0.028205949813127518
0.07003843039274216,,,0.19922302663326263,0,,,0.0016165036940947175,,,,,0.00505469786003232,0.0,0.0,0.07012008875608444,0.01978352665901184,9.985933866119012e-05,0.02189265564084053,,,9699,0.03185023367404938,0.47999998927116394,0.028205949813127518
0.07003843039274216,,,0.19922302663326263,0,,,0.0031961279455572367,,,,,0.004819589667022228,0.0,0.0,0.06080331280827522,0.019869843497872353,9.985639189835638e-05,0.02189265564084053,,,9749,0.030769765377044678,0.48500001430511475,0.028205949813127518
0.07003843039274216,,,0.19922302663326263,0,,,0.0031961279455572367,,,,,0.004819589667022228,0.0,0.0,0.06080331280827522,0.019869843497872353,9.985639189835638e-05,0.02189265564084053,,,9799,0.030769765377044678,0.48500001430511475,0.028205949813127518
0.07003843039274216,,,0.19922302663326263,0,,,0.002329921582713723,,,,,0.00407920079305768,0.0,0.0,0.04554065316915512,0.02012559399008751,9.985341603169218e-05,0.02189265564084053,,,9849,0.028758861124515533,0.49000000953674316,0.028205949813127518
0.07003843039274216,,,0.19922302663326263,0,,,0.002329921582713723,,,,,0.00407920079305768,0.0,0.0,0.04554065316915512,0.02012559399008751,9.985341603169218e-05,0.02189265564084053,,,9899,0.028758861124515533,0.49000000953674316,0.028205949813127518
0.07003843039274216,,,0.19922302663326263,0,,,0.001583057688549161,,,,,0.004850317258387804,0.0,0.0,0.04886474087834358,0.017840467393398285,9.985041106119752e-05,0.02189265564084053,,,9949,0.02757725864648819,0.4950000047683716,0.028205949813127518
0.04836588352918625,,,0.16889455914497375,0,,,0.07806071639060974,,,,,0.004850317258387804,0.0,0.0,0.04886474087834358,0.017840467393398285,9.985041106119752e-05,0.01550595834851265,,,9999,0.02757725864648819,0.4950000047683716,0.04418176785111427
0.04836588352918625,,,0.16889455914497375,0,,,0.0015111865941435099,,,,,0.0054076118394732475,0.0,0.0,0.059557974338531494,0.017446130514144897,9.98473769868724e-05,0.01550595834851265,,,10049,0.02880953997373581,0.5,0.04418176785111427
0.04836588352918625,,,0.16889455914497375,0,,,0.0015111865941435099,,,,,0.0054076118394732475,0.0,0.0,0.059557974338531494,0.017446130514144897,9.98473769868724e-05,0.01550595834851265,,,10099,0.02880953997373581,0.5,0.04418176785111427
0.04836588352918625,,,0.16889455914497375,0,,,0.0017553558573126793,,,,,0.004835857544094324,0.0,0.0,0.047523193061351776,0.019671496003866196,9.984431380871683e-05,0.01550595834851265,,,10149,0.02925967238843441,0.5049999952316284,0.04418176785111427
0.04836588352918625,,,0.16889455914497375,0,,,0.0017553558573126793,,,,,0.004835857544094324,0.0,0.0,0.047523193061351776,0.019671496003866196,9.984431380871683e-05,0.01550595834851265,,,10199,0.02925967238843441,0.5049999952316284,0.04418176785111427
0.04836588352918625,,,0.16889455914497375,0,,,0.0013053668662905693,,,,,0.00589372031390667,0.0,0.0,0.07427217066287994,0.024407053366303444,9.984121425077319e-05,0.01550595834851265,,,10249,0.03772798925638199,0.5099999904632568,0.04418176785111427
0.04836588352918625,,,0.16889455914497375,0,,,0.0013053668662905693,,,,,0.00589372031390667,0.0,0.0,0.07427217066287994,0.024407053366303444,9.984121425077319e-05,0.01550595834851265,,,10299,0.03772798925638199,0.5099999904632568,0.04418176785111427
0.04836588352918625,,,0.16889455914497375,0,,,0.0015435816021636128,,,,,0.004052271135151386,0.0,0.0,0.05707288533449173,0.028299856930971146,9.983808558899909e-05,0.01550595834851265,,,10349,0.03805941715836525,0.5149999856948853,0.04418176785111427
0.04836588352918625,,,0.16889455914497375,0,,,0.0015435816021636128,,,,,0.004052271135151386,0.0,0.0,0.05707288533449173,0.028299856930971146,9.983808558899909e-05,0.01550595834851265,,,10399,0.03805941715836525,0.5149999856948853,0.04418176785111427
0.04836588352918625,,,0.16889455914497375,0,,,0.001999303000047803,,,,,0.004488822538405657,0.0,0.0,0.06771080195903778,0.022366194054484367,9.983493509935215e-05,0.01550595834851265,,,10449,0.033626094460487366,0.5199999809265137,0.04418176785111427
0.059346284717321396,,,0.29151037335395813,0,,,0.0947655513882637,,,,,0.004488822538405657,0.0,0.0,0.06771080195903778,0.022366194054484367,9.983493509935215e-05,0.01586517132818699,,,10499,0.033626094460487366,0.5199999809265137,0.01744690164923668
0.059346284717321396,,,0.29151037335395813,0,,,0.0019928927067667246,,,,,0.005322181154042482,0.0,0.0,0.05662274360656738,0.020326055586338043,9.983174095395952e-05,0.01586517132818699,,,10549,0.031310513615608215,0.5249999761581421,0.01744690164923668
0.059346284717321396,,,0.29151037335395813,0,,,0.0019928927067667246,,,,,0.005322181154042482,0.0,0.0,0.05662274360656738,0.020326055586338043,9.983174095395952e-05,0.01586517132818699,,,10599,0.031310513615608215,0.5249999761581421,0.01744690164923668
0.059346284717321396,,,0.29151037335395813,0,,,0.004829379264265299,,,,,0.005319472402334213,0.0,0.0,0.0609944723546505,0.027997242286801338,9.982852498069406e-05,0.01586517132818699,,,10649,0.03941616415977478,0.5299999713897705,0.01744690164923668
0.059346284717321396,,,0.29151037335395813,0,,,0.004829379264265299,,,,,0.005319472402334213,0.0,0.0,0.0609944723546505,0.027997242286801338,9.982852498069406e-05,0.01586517132818699,,,10699,0.03941616415977478,0.5299999713897705,0.01744690164923668
0.059346284717321396,,,0.29151037335395813,0,,,0.002513730200007558,,,,,0.0046492284163832664,0.0,0.0,0.0683666542172432,0.019712768495082855,9.982527990359813e-05,0.01586517132818699,,,10749,0.031198661774396896,0.5350000262260437,0.01744690164923668
0.059346284717321396,,,0.29151037335395813,0,,,0.002513730200007558,,,,,0.0046492284163832664,0.0,0.0,0.0683666542172432,0.019712768495082855,9.982527990359813e-05,0.01586517132818699,,,10799,0.031198661774396896,0.5350000262260437,0.01744690164923668
0.059346284717321396,,,0.29151037335395813,0,,,0.0012721446109935641,,,,,0.004951887298375368,0.0,0.0,0.0434616357088089,0.01908448338508606,9.982199844671413e-05,0.01586517132818699,,,10849,0.02838253416121006,0.5400000214576721,0.01744690164923668
0.059346284717321396,,,0.29151037335395813,0,,,0.0012721446109935641,,,,,0.004951887298375368,0.0,0.0,0.0434616357088089,0.01908448338508606,9.982199844671413e-05,0.01586517132818699,,,10899,0.02838253416121006,0.5400000214576721,0.01744690164923668
0.059346284717321396,,,0.29151037335395813,0,,,0.0016633791383355856,,,,,0.0054174126125872135,0.0,0.0,0.06274877488613129,0.015382581390440464,9.981868788599968e-05,0.01586517132818699,,,10949,0.027074871584773064,0.5450000166893005,0.01744690164923668
0.03469809517264366,,,0.1575796753168106,0,,,0.05403430759906769,,,,,0.0054174126125872135,0.0,0.0,0.06274877488613129,0.015382581390440464,9.981868788599968e-05,0.019159672781825066,,,10999,0.027074871584773064,0.5450000166893005,0.005556162912398577
0.03469809517264366,,,0.1575796753168106,0,,,0.0018659332999959588,,,,,0.0058013140223920345,0.0,0.0,0.07324826717376709,0.031631529331207275,9.981534822145477e-05,0.019159672781825066,,,11049,0.044757671654224396,0.550000011920929,0.005556162912398577
0.03469809517264366,,,0.1575796753168106,0,,,0.0018659332999959588,,,,,0.0058013140223920345,0.0,0.0,0.07324826717376709,0.031631529331207275,9.981534822145477e-05,0.019159672781825066,,,11099,0.044757671654224396,0.550000011920929,0.005556162912398577
0.03469809517264366,,,0.1575796753168106,0,,,0.0024688958656042814,,,,,0.005654309876263142,0.0,0.0,0.0677589476108551,0.030391709879040718,9.98119794530794e-05,0.019159672781825066,,,11149,0.042821913957595825,0.5550000071525574,0.005556162912398577
0.03469809517264366,,,0.1575796753168106,0,,,0.0024688958656042814,,,,,0.005654309876263142,0.0,0.0,0.0677589476108551,0.030391709879040718,9.98119794530794e-05,0.019159672781825066,,,11199,0.042821913957595825,0.5550000071525574,0.005556162912398577
0.03469809517264366,,,0.1575796753168106,0,,,0.002067010151222348,,,,,0.004938825033605099,0.0,0.0,0.04107579588890076,0.018269045278429985,9.980858158087358e-05,0.019159672781825066,,,11249,0.027315448969602585,0.5600000023841858,0.005556162912398577
0.03469809517264366,,,0.1575796753168106,0,,,0.002067010151222348,,,,,0.004938825033605099,0.0,0.0,0.04107579588890076,0.018269045278429985,9.980858158087358e-05,0.019159672781825066,,,11299,0.027315448969602585,0.5600000023841858,0.005556162912398577
0.03469809517264366,,,0.1575796753168106,0,,,0.000856308382935822,,,,,0.0042310734279453754,0.0,0.0,0.048890262842178345,0.019758520647883415,9.980514732887968e-05,0.019159672781825066,,,11349,0.028878619894385338,0.5649999976158142,0.005556162912398577
0.03469809517264366,,,0.1575796753168106,0,,,0.000856308382935822,,,,,0.0042310734279453754,0.0,0.0,0.048890262842178345,0.019758520647883415,9.980514732887968e-05,0.019159672781825066,,,11399,0.028878619894385338,0.5649999976158142,0.005556162912398577
0.03469809517264366,,,0.1575796753168106,0,,,0.002263100817799568,,,,,0.005226700566709042,0.0,0.0,0.05137521028518677,0.020905550569295883,9.980168397305533e-05,0.019159672781825066,,,11449,0.031269773840904236,0.5699999928474426,0.005556162912398577
0.12285145372152328,,,0.3662000298500061,0,,,0.19460202753543854,,,,,0.005226700566709042,0.0,0.0,0.05137521028518677,0.020905550569295883,9.980168397305533e-05,0.03269468620419502,,,11499,0.031269773840904236,0.5699999928474426,0.1110311821103096
0.12285145372152328,,,0.3662000298500061,0,,,0.0031001833267509937,,,,,0.0035793951246887445,0.0,0.0,0.04383176565170288,0.017767196521162987,9.979819878935814e-05,0.03269468620419502,,,11549,0.025729767978191376,0.574999988079071,0.1110311821103096
0.12285145372152328,,,0.3662000298500061,0,,,0.0031001833267509937,,,,,0.0035793951246887445,0.0,0.0,0.04383176565170288,0.017767196521162987,9.979819878935814e-05,0.03269468620419502,,,11599,0.025729767978191376,0.574999988079071,0.1110311821103096
0.12285145372152328,,,0.3662000298500061,0,,,0.002052496885880828,,,,,0.005310518201440573,0.0,0.0,0.05563054606318474,0.0211368165910244,9.979466994991526e-05,0.03269468620419502,,,11649,0.03201039135456085,0.5799999833106995,0.1110311821103096
0.12285145372152328,,,0.3662000298500061,0,,,0.002052496885880828,,,,,0.005310518201440573,0.0,0.0,0.05563054606318474,0.0211368165910244,9.979466994991526e-05,0.03269468620419502,,,11699,0.03201039135456085,0.5799999833106995,0.1110311821103096
0.12285145372152328,,,0.3662000298500061,0,,,0.0019385690102353692,,,,,0.004685895051807165,0.0,0.0,0.06737768650054932,0.014685510657727718,9.979111928259954e-05,0.03269468620419502,,,11749,0.026109173893928528,0.5849999785423279,0.1110311821103096
0.12285145372152328,,,0.3662000298500061,0,,,0.0019385690102353692,,,,,0.004685895051807165,0.0,0.0,0.06737768650054932,0.014685510657727718,9.979111928259954e-05,0.03269468620419502,,,11799,0.026109173893928528,0.5849999785423279,0.1110311821103096
0.12285145372152328,,,0.3662000298500061,0,,,0.0012565432116389275,,,,,0.004899749532341957,0.0,0.0,0.05483217537403107,0.02116060070693493,9.978753951145336e-05,0.03269468620419502,,,11849,0.03154356777667999,0.5899999737739563,0.1110311821103096
0.12285145372152328,,,0.3662000298500061,0,,,0.0012565432116389275,,,,,0.004899749532341957,0.0,0.0,0.05483217537403107,0.02116060070693493,9.978753951145336e-05,0.03269468620419502,,,11899,0.03154356777667999,0.5899999737739563,0.1110311821103096
0.12285145372152328,,,0.3662000298500061,0,,,0.0026381395291537046,,,,,0.005528348032385111,0.0,0.0,0.07056309282779694,0.022550655528903008,9.978392336051911e-05,0.03269468620419502,,,11949,0.035135313868522644,0.5950000286102295,0.1110311821103096
0.09732498973608017,,,0.25899460911750793,0,,,0.18277814984321594,,,,,0.005528348032385111,0.0,0.0,0.07056309282779694,0.022550655528903008,9.978392336051911e-05,0.024503305554389954,,,11999,0.035135313868522644,0.5950000286102295,0.0492277555167675
,24.36273193359375,25.24095344543457,,0,14.992384910583496,6.564356803894043,,12040.0,19.46179962158203,0.13649404048919678,-0.13136708736419678,,,,,,,,31.805309295654297,0.9853764176368713,12039,,,
,,,,1,,,0.0033829647582024336,,,,,0.0054910494945943356,0.0,0.0,0.05795668810606003,0.01775296777486801,9.977881563827395e-05,,,,12049,0.029039686545729637,0.6019999980926514,
,,,,1,,,0.0033829647582024336,,,,,0.0054910494945943356,0.0,0.0,0.05795668810606003,0.01775296777486801,9.977881563827395e-05,,,,12099,0.029039686545729637,0.6019999980926514,
,,,,1,,,0.0014323480427265167,,,,,0.0037743656430393457,0.0,0.0,0.07925206422805786,0.017189286649227142,9.977512672776356e-05,,,,12149,0.02888885885477066,0.6069999933242798,
,,,,1,,,0.0014323480427265167,,,,,0.0037743656430393457,0.0,0.0,0.07925206422805786,0.017189286649227142,9.977512672776356e-05,,,,12199,0.02888885885477066,0.6069999933242798,
,,,,1,,,0.0028153781313449144,,,,,0.005130034871399403,0.0,0.0,0.05441849306225777,0.018505200743675232,9.977140871342272e-05,,,,12249,0.029077084735035896,0.6119999885559082,
,,,,1,,,0.0028153781313449144,,,,,0.005130034871399403,0.0,0.0,0.05441849306225777,0.018505200743675232,9.977140871342272e-05,,,,12299,0.029077084735035896,0.6119999885559082,
,,,,1,,,0.0011295245494693518,,,,,0.004311134573072195,0.0,0.0,0.047062721103429794,0.021364448592066765,9.976766159525141e-05,,,,12349,0.030381854623556137,0.6169999837875366,
,,,,1,,,0.0011295245494693518,,,,,0.004311134573072195,0.0,0.0,0.047062721103429794,0.021364448592066765,9.976766159525141e-05,,,,12399,0.030381854623556137,0.6169999837875366,
,,,,1,,,0.003249131375923753,,,,,0.005059039685875177,0.0,0.0,0.06450022757053375,0.02483368292450905,9.976388537324965e-05,,,,12449,0.03634274750947952,0.621999979019165,
0.0672459527850151,,,0.18770146369934082,1,,,0.08253864198923111,,,,,0.005059039685875177,0.0,0.0,0.06450022757053375,0.02483368292450905,9.976388537324965e-05,0.021402200683951378,,,12499,0.03634274750947952,0.621999979019165,0.03376712277531624
0.0672459527850151,,,0.18770146369934082,1,,,0.003348022233694792,,,,,0.005524572916328907,0.0,0.0,0.06663662195205688,0.02477973699569702,9.976008004741743e-05,0.021402200683951378,,,12549,0.03696797043085098,0.6269999742507935,0.03376712277531624
0.0672459527850151,,,0.18770146369934082,1,,,0.003348022233694792,,,,,0.005524572916328907,0.0,0.0,0.06663662195205688,0.02477973699569702,9.976008004741743e-05,0.021402200683951378,,,12599,0.03696797043085098,0.6269999742507935,0.03376712277531624
0.0672459527850151,,,0.18770146369934082,1,,,0.0026838446501642466,,,,,0.005339428782463074,0.0,0.0,0.06630533933639526,0.021965330466628075,9.975623834179714e-05,0.021402200683951378,,,12649,0.033935293555259705,0.6320000290870667,0.03376712277531624
0.0672459527850151,,,0.18770146369934082,1,,,0.0026838446501642466,,,,,0.005339428782463074,0.0,0.0,0.06630533933639526,0.021965330466628075,9.975623834179714e-05,0.021402200683951378,,,12699,0.033935293555259705,0.6320000290870667,0.03376712277531624
0.0672459527850151,,,0.18770146369934082,1,,,0.0023444495163857937,,,,,0.0053349705412983894,0.0,0.0,0.06037271395325661,0.022889884188771248,9.975237480830401e-05,0.021402200683951378,,,12749,0.03426212817430496,0.6370000243186951,0.03376712277531624
0.0672459527850151,,,0.18770146369934082,1,,,0.0023444495163857937,,,,,0.0053349705412983894,0.0,0.0,0.06037271395325661,0.022889884188771248,9.975237480830401e-05,0.021402200683951378,,,12799,0.03426212817430496,0.6370000243186951,0.03376712277531624
0.0672459527850151,,,0.18770146369934082,1,,,0.0016266204183921218,,,,,0.0042775217443704605,0.0,0.0,0.04861018806695938,0.015471379272639751,9.974847489502281e-05,0.021402200683951378,,,12849,0.024609919637441635,0.6420000195503235,0.03376712277531624
0.0672459527850151,,,0.18770146369934082,1,,,0.0016266204183921218,,,,,0.0042775217443704605,0.0,0.0,0.04861018806695938,0.015471379272639751,9.974847489502281e-05,0.021402200683951378,,,12899,0.024609919637441635,0.6420000195503235,0.03376712277531624
0.0672459527850151,,,0.18770146369934082,1,,,0.0014140588464215398,,,,,0.004986735060811043,0.0,0.0,0.04315628856420517,0.015340430662035942,9.974454587791115e-05,0.021402200683951378,,,12949,0.02464279532432556,0.6470000147819519,0.03376712277531624
0.028307227417826653,,,0.15660327672958374,1,,,0.06890067458152771,,,,,0.004986735060811043,0.0,0.0,0.04315628856420517,0.015340430662035942,9.974454587791115e-05,0.01598287560045719,,,12999,0.02464279532432556,0.6470000147819519,0.03261484205722809
0.028307227417826653,,,0.15660327672958374,1,,,0.0011261004256084561,,,,,0.00460619805380702,0.0,0.0,0.04857991263270378,0.013689406216144562,9.974058048101142e-05,0.01598287560045719,,,13049,0.023153595626354218,0.6520000100135803,0.03261484205722809
0.028307227417826653,,,0.15660327672958374,1,,,0.0011261004256084561,,,,,0.00460619805380702,0.0,0.0,0.04857991263270378,0.013689406216144562,9.974058048101142e-05,0.01598287560045719,,,13099,0.023153595626354218,0.6520000100135803,0.03261484205722809
0.028307227417826653,,,0.15660327672958374,1,,,0.0006879210704937577,,,,,0.003959331661462784,0.0,0.0,0.04432111233472824,0.014092128723859787,9.973659325623885e-05,0.01598287560045719,,,13149,0.022483572363853455,0.6570000052452087,0.03261484205722809
0.028307227417826653,,,0.15660327672958374,1,,,0.0006879210704937577,,,,,0.003959331661462784,0.0,0.0,0.04432111233472824,0.014092128723859787,9.973659325623885e-05,0.01598287560045719,,,13199,0.022483572363853455,0.6570000052452087,0.03261484205722809
0.028307227417826653,,,0.15660327672958374,1,,,0.0033479267731308937,,,,,0.004425398539751768,0.0,0.0,0.04897616431117058,0.021558852866292,9.97325696516782e-05,0.01598287560045719,,,13249,0.030881866812705994,0.6620000004768372,0.03261484205722809
0.028307227417826653,,,0.15660327672958374,1,,,0.0033479267731308937,,,,,0.004425398539751768,0.0,0.0,0.04897616431117058,0.021558852866292,9.97325696516782e-05,0.01598287560045719,,,13299,0.030881866812705994,0.6620000004768372,0.03261484205722809
0.028307227417826653,,,0.15660327672958374,1,,,0.0007404240313917398,,,,,0.0042908694595098495,0.0,0.0,0.04977170750498772,0.013505577109754086,9.972852421924472e-05,0.01598287560045719,,,13349,0.022773616015911102,0.6669999957084656,0.03261484205722809
0.028307227417826653,,,0.15660327672958374,1,,,0.0007404240313917398,,,,,0.0042908694595098495,0.0,0.0,0.04977170750498772,0.013505577109754086,9.972852421924472e-05,0.01598287560045719,,,13399,0.022773616015911102,0.6669999957084656,0.03261484205722809
0.028307227417826653,,,0.15660327672958374,1,,,0.001406409777700901,,,,,0.005221869330853224,0.0,0.0,0.054106101393699646,0.018938813358545303,9.972444240702316e-05,0.01598287560045719,,,13449,0.02957129292190075,0.671999990940094,0.03261484205722809
0.07842866331338882,,,0.24276120960712433,1,,,0.12956306338310242,,,,,0.005221869330853224,0.0,0.0,0.054106101393699646,0.018938813358545303,9.972444240702316e-05,0.019708391278982162,,,13499,0.02957129292190075,0.671999990940094,0.08169446140527725
0.07842866331338882,,,0.24276120960712433,1,,,0.0018963041948154569,,,,,0.004097941797226667,0.0,0.0,0.049559786915779114,0.02142353542149067,9.972033149097115e-05,0.019708391278982162,,,13549,0.030477456748485565,0.6769999861717224,0.08169446140527725
0.07842866331338882,,,0.24276120960712433,1,,,0.0018963041948154569,,,,,0.004097941797226667,0.0,0.0,0.049559786915779114,0.02142353542149067,9.972033149097115e-05,0.019708391278982162,,,13599,0.030477456748485565,0.6769999861717224,0.08169446140527725
0.07842866331338882,,,0.24276120960712433,1,,,0.0018243322847411036,,,,,0.004413321614265442,0.0,0.0,0.045001883059740067,0.020660333335399628,9.971618419513106e-05,0.019708391278982162,,,13649,0.029573842883110046,0.6819999814033508,0.08169446140527725
0.07842866331338882,,,0.24276120960712433,1,,,0.0018243322847411036,,,,,0.004413321614265442,0.0,0.0,0.045001883059740067,0.020660333335399628,9.971618419513106e-05,0.019708391278982162,,,13699,0.029573842883110046,0.6819999814033508,0.08169446140527725
0.07842866331338882,,,0.24276120960712433,1,,,0.001115994295105338,,,,,0.004472410771995783,0.0,0.0,0.055111393332481384,0.014960039407014847,9.971201507141814e-05,0.019708391278982162,,,13749,0.02494359016418457,0.6869999766349792,0.08169446140527725
0.07842866331338882,,,0.24276120960712433,1,,,0.001115994295105338,,,,,0.004472410771995783,0.0,0.0,0.055111393332481384,0.014960039407014847,9.971201507141814e-05,0.019708391278982162,,,13799,0.02494359016418457,0.6869999766349792,0.08169446140527725
0.07842866331338882,,,0.24276120960712433,1,,,0.0016963365487754345,,,,,0.004152598790824413,0.0,0.0,0.05285266041755676,0.020290402695536613,9.970780956791714e-05,0.019708391278982162,,,13849,0.029728267341852188,0.6919999718666077,0.08169446140527725
0.07842866331338882,,,0.24276120960712433,1,,,0.0016963365487754345,,,,,0.004152598790824413,0.0,0.0,0.05285266041755676,0.020290402695536613,9.970780956791714e-05,0.019708391278982162,,,13899,0.029728267341852188,0.6919999718666077,0.08169446140527725
0.07842866331338882,,,0.24276120960712433,1,,,0.001521349768154323,,,,,0.0052023413591086864,0.0,0.0,0.05698786675930023,0.020712021738290787,9.97035822365433e-05,0.019708391278982162,,,13949,0.031613148748874664,0.6970000267028809,0.08169446140527725
0.07176674902439117,,,0.17228499054908752,1,,,0.1565743386745453,,,,,0.0052023413591086864,0.0,0.0,0.05698786675930023,0.020712021738290787,9.97035822365433e-05,0.01438732910901308,,,13999,0.031613148748874664,0.6970000267028809,0.1692657619714737
0.07176674902439117,,,0.17228499054908752,1,,,0.0013601138489320874,,,,,0.005083838943392038,0.0,0.0,0.044533438980579376,0.01756647601723671,9.969931852538139e-05,0.01438732910901308,,,14049,0.027103658765554428,0.7020000219345093,0.1692657619714737
0.07176674902439117,,,0.17228499054908752,1,,,0.0013601138489320874,,,,,0.005083838943392038,0.0,0.0,0.044533438980579376,0.01756647601723671,9.969931852538139e-05,0.01438732910901308,,,14099,0.027103658765554428,0.7020000219345093,0.1692657619714737
0.07176674902439117,,,0.17228499054908752,1,,,0.001840930082835257,,,,,0.005048675462603569,0.0,0.0,0.04615265876054764,0.01887763850390911,9.96950184344314e-05,0.01438732910901308,,,14149,0.028541579842567444,0.7070000171661377,0.1692657619714737
0.07176674902439117,,,0.17228499054908752,1,,,0.001840930082835257,,,,,0.005048675462603569,0.0,0.0,0.04615265876054764,0.01887763850390911,9.96950184344314e-05,0.01438732910901308,,,14199,0.028541579842567444,0.7070000171661377,0.1692657619714737
0.07176674902439117,,,0.17228499054908752,1,,,0.002397221280261874,,,,,0.004231713712215424,0.0,0.0,0.07196807116270065,0.033422406762838364,9.969069651560858e-05,0.01438732910901308,,,14249,0.04485092684626579,0.7120000123977661,0.1692657619714737
0.07176674902439117,,,0.17228499054908752,1,,,0.002397221280261874,,,,,0.004231713712215424,0.0,0.0,0.07196807116270065,0.033422406762838364,9.969069651560858e-05,0.01438732910901308,,,14299,0.04485092684626579,0.7120000123977661,0.1692657619714737
0.07176674902439117,,,0.17228499054908752,1,,,0.0024315970949828625,,,,,0.005013602785766125,0.0,0.0,0.05389166995882988,0.020297769457101822,9.96863454929553e-05,0.01438732910901308,,,14349,0.03070053830742836,0.7170000076293945,0.1692657619714737
0.07176674902439117,,,0.17228499054908752,1,,,0.0024315970949828625,,,,,0.005013602785766125,0.0,0.0,0.05389166995882988,0.020297769457101822,9.96863454929553e-05,0.01438732910901308,,,14399,0.03070053830742836,0.7170000076293945,0.1692657619714737
0.07176674902439117,,,0.17228499054908752,1,,,0.0021453057415783405,,,,,0.005029827356338501,0.0,0.0,0.061775870621204376,0.02228146605193615,9.968195809051394e-05,0.01438732910901308,,,14449,0.03348888084292412,0.722000002861023,0.1692657619714737
0.061321426182985306,,,0.25561001896858215,1,,,0.1120767891407013,,,,,0.005029827356338501,0.0,0.0,0.061775870621204376,0.02228146605193615,9.968195809051394e-05,0.021218271926045418,,,14499,0.03348888084292412,0.722000002861023,0.1627342253923416
0.061321426182985306,,,0.25561001896858215,1,,,0.0014925580471754074,,,,,0.004205450415611267,0.0,0.0,0.05363660305738449,0.021899769082665443,9.967754158424214e-05,0.021218271926045418,,,14549,0.03146887943148613,0.7269999980926514,0.1627342253923416
0.061321426182985306,,,0.25561001896858215,1,,,0.0014925580471754074,,,,,0.004205450415611267,0.0,0.0,0.05363660305738449,0.021899769082665443,9.967754158424214e-05,0.021218271926045418,,,14599,0.03146887943148613,0.7269999980926514,0.1627342253923416
0.061321426182985306,,,0.25561001896858215,1,,,0.0012869499623775482,,,,,0.005119317676872015,0.0,0.0,0.05401303246617317,0.01458416786044836,9.967309597413987e-05,0.021218271926045418,,,14649,0.025104789063334465,0.7319999933242798,0.1627342253923416
0.061321426182985306,,,0.25561001896858215,1,,,0.0012869499623775482,,,,,0.005119317676872015,0.0,0.0,0.05401303246617317,0.01458416786044836,9.967309597413987e-05,0.021218271926045418,,,14699,0.025104789063334465,0.7319999933242798,0.1627342253923416
0.061321426182985306,,,0.25561001896858215,1,,,0.0033542055170983076,,,,,0.005067338701337576,0.0,0.0,0.07492554187774658,0.02639259211719036,9.966862126020715e-05,0.021218271926045418,,,14749,0.03895248472690582,0.7369999885559082,0.1627342253923416
0.061321426182985306,,,0.25561001896858215,1,,,0.0033542055170983076,,,,,0.005067338701337576,0.0,0.0,0.07492554187774658,0.02639259211719036,9.966862126020715e-05,0.021218271926045418,,,14799,0.03895248472690582,0.7369999885559082,0.1627342253923416
0.061321426182985306,,,0.25561001896858215,1,,,0.0020085666328668594,,,,,0.005471786949783564,0.0,0.0,0.0597391203045845,0.015141671523451805,9.966411744244397e-05,0.021218271926045418,,,14849,0.02658737078309059,0.7419999837875366,0.1627342253923416
0.061321426182985306,,,0.25561001896858215,1,,,0.0020085666328668594,,,,,0.005471786949783564,0.0,0.0,0.0597391203045845,0.015141671523451805,9.966411744244397e-05,0.021218271926045418,,,14899,0.02658737078309059,0.7419999837875366,0.1627342253923416
0.061321426182985306,,,0.25561001896858215,1,,,0.0007577268406748772,,,,,0.004165228456258774,0.0,0.0,0.05218024551868439,0.015028692781925201,9.965957724489272e-05,0.021218271926045418,,,14949,0.024411946535110474,0.746999979019165,0.1627342253923416
0.06925909966230392,,,0.28634878993034363,1,,,0.12272251397371292,,,,,0.004165228456258774,0.0,0.0,0.05218024551868439,0.015028692781925201,9.965957724489272e-05,0.031187064945697784,,,14999,0.024411946535110474,0.746999979019165,0.044208258390426636
0.06925909966230392,,,0.28634878993034363,1,,,0.0022366782650351524,,,,,0.004321955610066652,0.0,0.0,0.05933960899710655,0.01869240403175354,9.965501521946862e-05,0.031187064945697784,,,15049,0.02894832007586956,0.7519999742507935,0.044208258390426636
0.06925909966230392,,,0.28634878993034363,1,,,0.0022366782650351524,,,,,0.004321955610066652,0.0,0.0,0.05933960899710655,0.01869240403175354,9.965501521946862e-05,0.031187064945697784,,,15099,0.02894832007586956,0.7519999742507935,0.044208258390426636
0.06925909966230392,,,0.28634878993034363,1,,,0.003136082785204053,,,,,0.004580548964440823,0.0,0.0,0.062164243310689926,0.02074539288878441,9.965041681425646e-05,0.031187064945697784,,,15149,0.03154236823320389,0.7570000290870667,0.044208258390426636
0.06925909966230392,,,0.28634878993034363,1,,,0.003136082785204053,,,,,0.004580548964440823,0.0,0.0,0.062164243310689926,0.02074539288878441,9.965041681425646e-05,0.031187064945697784,,,15199,0.03154236823320389,0.7570000290870667,0.044208258390426636
0.06925909966230392,,,0.28634878993034363,1,,,0.0025013170670717955,,,,,0.005515735130757093,0.0,0.0,0.06156448274850845,0.02522439695894718,9.964578930521384e-05,0.031187064945697784,,,15249,0.03689657896757126,0.7620000243186951,0.044208258390426636
0.06925909966230392,,,0.28634878993034363,1,,,0.0025013170670717955,,,,,0.005515735130757093,0.0,0.0,0.06156448274850845,0.02522439695894718,9.964578930521384e-05,0.031187064945697784,,,15299,0.03689657896757126,0.7620000243186951,0.044208258390426636
0.06925909966230392,,,0.28634878993034363,1,,,0.002728196093812585,,,,,0.004378514364361763,0.0,0.0,0.06217910721898079,0.02557198330760002,9.964113269234076e-05,0.031187064945697784,,,15349,0.036168407648801804,0.7670000195503235,0.044208258390426636
0.06925909966230392,,,0.28634878993034363,1,,,0.002728196093812585,,,,,0.004378514364361763,0.0,0.0,0.06217910721898079,0.02557198330760002,9.964113269234076e-05,0.031187064945697784,,,15399,0.036168407648801804,0.7670000195503235,0.044208258390426636
0.06925909966230392,,,0.28634878993034363,1,,,0.0033658400643616915,,,,,0.0052506811916828156,0.0,0.0,0.06122706085443497,0.021449796855449677,9.963643969967961e-05,0.031187064945697784,,,15449,0.03282318264245987,0.7720000147819519,0.044208258390426636
0.06304942071437836,,,0.28158292174339294,1,,,0.2081969678401947,,,,,0.0052506811916828156,0.0,0.0,0.06122706085443497,0.021449796855449677,9.963643969967961e-05,0.027284247800707817,,,15499,0.03282318264245987,0.7720000147819519,0.023183107376098633
0.06304942071437836,,,0.28158292174339294,1,,,0.001146579277701676,,,,,0.005726397968828678,0.0,0.0,0.06952112168073654,0.017046073451638222,9.963172487914562e-05,0.027284247800707817,,,15549,0.02972458302974701,0.7770000100135803,0.023183107376098633
0.06304942071437836,,,0.28158292174339294,1,,,0.001146579277701676,,,,,0.005726397968828678,0.0,0.0,0.06952112168073654,0.017046073451638222,9.963172487914562e-05,0.027284247800707817,,,15599,0.02972458302974701,0.7770000100135803,0.023183107376098633
0.06304942071437836,,,0.28158292174339294,1,,,0.0018776352517306805,,,,,0.005403950810432434,0.0,0.0,0.06199786439538002,0.015796303749084473,9.962697367882356e-05,0.027284247800707817,,,15649,0.02740004099905491,0.7820000052452087,0.023183107376098633
0.06304942071437836,,,0.28158292174339294,1,,,0.0018776352517306805,,,,,0.005403950810432434,0.0,0.0,0.06199786439538002,0.015796303749084473,9.962697367882356e-05,0.027284247800707817,,,15699,0.02740004099905491,0.7820000052452087,0.023183107376098633
0.06304942071437836,,,0.28158292174339294,1,,,0.0019072521245107055,,,,,0.0052614216692745686,0.0,0.0,0.05660173296928406,0.01963563822209835,9.962219337467104e-05,0.027284247800707817,,,15749,0.030557233840227127,0.7870000004768372,0.023183107376098633
0.06304942071437836,,,0.28158292174339294,1,,,0.0019072521245107055,,,,,0.0052614216692745686,0.0,0.0,0.05660173296928406,0.01963563822209835,9.962219337467104e-05,0.027284247800707817,,,15799,0.030557233840227127,0.7870000004768372,0.023183107376098633
0.06304942071437836,,,0.28158292174339294,1,,,0.0011631614761427045,,,,,0.003349872538819909,0.0,0.0,0.05002362281084061,0.014057112857699394,9.961738396668807e-05,0.027284247800707817,,,15849,0.02240934781730175,0.7919999957084656,0.023183107376098633
0.06304942071437836,,,0.28158292174339294,1,,,0.0011631614761427045,,,,,0.003349872538819909,0.0,0.0,0.05002362281084061,0.014057112857699394,9.961738396668807e-05,0.027284247800707817,,,15899,0.02240934781730175,0.7919999957084656,0.023183107376098633
0.06304942071437836,,,0.28158292174339294,1,,,0.0023477249778807163,,,,,0.00548860989511013,0.0,0.0,0.06488540768623352,0.02230965532362461,9.961254545487463e-05,0.027284247800707817,,,15949,0.034286804497241974,0.796999990940094,0.023183107376098633
0.06762655824422836,,,0.23666784167289734,1,,,0.07806184887886047,,,,,0.00548860989511013,0.0,0.0,0.06488540768623352,0.02230965532362461,9.961254545487463e-05,0.020789681002497673,,,15999,0.034286804497241974,0.796999990940094,0.04309579357504845
0.06762655824422836,,,0.23666784167289734,1,,,0.00111214944627136,,,,,0.004748097155243158,0.0,0.0,0.05010366439819336,0.015879185870289803,9.960767783923075e-05,0.020789681002497673,,,16049,0.02563764899969101,0.8019999861717224,0.04309579357504845
0.06762655824422836,,,0.23666784167289734,1,,,0.00111214944627136,,,,,0.004748097155243158,0.0,0.0,0.05010366439819336,0.015879185870289803,9.960767783923075e-05,0.020789681002497673,,,16099,0.02563764899969101,0.8019999861717224,0.04309579357504845
0.06762655824422836,,,0.23666784167289734,1,,,0.0032383305951952934,,,,,0.00495913065969944,0.0,0.0,0.06963996589183807,0.023315507918596268,9.960277384379879e-05,0.020789681002497673,,,16149,0.035238634794950485,0.8069999814033508,0.04309579357504845
0.06762655824422836,,,0.23666784167289734,1,,,0.0032383305951952934,,,,,0.00495913065969944,0.0,0.0,0.06963996589183807,0.023315507918596268,9.960277384379879e-05,0.020789681002497673,,,16199,0.035238634794950485,0.8069999814033508,0.04309579357504845
0.06762655824422836,,,0.23666784167289734,1,,,0.0017919586971402168,,,,,0.005878509022295475,0.0,0.0,0.07850146293640137,0.024524463340640068,9.959784802049398e-05,0.020789681002497673,,,16249,0.038253121078014374,0.8119999766349792,0.04309579357504845
0.06762655824422836,,,0.23666784167289734,1,,,0.0017919586971402168,,,,,0.005878509022295475,0.0,0.0,0.07850146293640137,0.024524463340640068,9.959784802049398e-05,0.020789681002497673,,,16299,0.038253121078014374,0.8119999766349792,0.04309579357504845
0.06762655824422836,,,0.23666784167289734,1,,,0.0029520562384277582,,,,,0.00510957557708025,0.0,0.0,0.04916700720787048,0.020688600838184357,9.959288581740111e-05,0.020789681002497673,,,16349,0.03071487694978714,0.8169999718666077,0.04309579357504845
0.06762655824422836,,,0.23666784167289734,1,,,0.0029520562384277582,,,,,0.00510957557708025,0.0,0.0,0.04916700720787048,0.020688600838184357,9.959288581740111e-05,0.020789681002497673,,,16399,0.03071487694978714,0.8169999718666077,0.04309579357504845
0.06762655824422836,,,0.23666784167289734,1,,,0.002149077830836177,,,,,0.005105871707201004,0.0,0.0,0.04591537266969681,0.018855983391404152,9.958789451047778e-05,0.020789681002497673,,,16449,0.028553392738103867,0.8220000267028809,0.04309579357504845
0.12749214470386505,,,0.5833083391189575,1,,,0.22678068280220032,,,,,0.005105871707201004,0.0,0.0,0.04591537266969681,0.018855983391404152,9.958789451047778e-05,0.03153718262910843,,,16499,0.028553392738103867,0.8220000267028809,0.13724392652511597
0.12749214470386505,,,0.5833083391189575,1,,,0.002198693109676242,,,,,0.005522792227566242,0.0,0.0,0.06216810643672943,0.02987743355333805,9.9582874099724e-05,0.03153718262910843,,,16549,0.04161703586578369,0.8270000219345093,0.13724392652511597
0.12749214470386505,,,0.5833083391189575,1,,,0.002198693109676242,,,,,0.005522792227566242,0.0,0.0,0.06216810643672943,0.02987743355333805,9.9582874099724e-05,0.03153718262910843,,,16599,0.04161703586578369,0.8270000219345093,0.13724392652511597
0.12749214470386505,,,0.5833083391189575,1,,,0.001680212328210473,,,,,0.00550872040912509,0.0,0.0,0.06245924532413483,0.022455478087067604,9.957782458513975e-05,0.03153718262910843,,,16649,0.034210123121738434,0.8320000171661377,0.13724392652511597
0.12749214470386505,,,0.5833083391189575,1,,,0.001680212328210473,,,,,0.00550872040912509,0.0,0.0,0.06245924532413483,0.022455478087067604,9.957782458513975e-05,0.03153718262910843,,,16699,0.034210123121738434,0.8320000171661377,0.13724392652511597
0.12749214470386505,,,0.5833083391189575,1,,,0.004286772571504116,,,,,0.005660520400851965,0.0,0.0,0.06720630824565887,0.02705201879143715,9.957273869076744e-05,0.03153718262910843,,,16749,0.03943317010998726,0.8370000123977661,0.13724392652511597
0.12749214470386505,,,0.5833083391189575,1,,,0.004286772571504116,,,,,0.005660520400851965,0.0,0.0,0.06720630824565887,0.02705201879143715,9.957273869076744e-05,0.03153718262910843,,,16799,0.03943317010998726,0.8370000123977661,0.13724392652511597
0.12749214470386505,,,0.5833083391189575,1,,,0.0016616899520158768,,,,,0.005374307278543711,0.0,0.0,0.06508034467697144,0.019515270367264748,9.956763096852228e-05,0.03153718262910843,,,16849,0.031397610902786255,0.8420000076293945,0.13724392652511597
0.12749214470386505,,,0.5833083391189575,1,,,0.0016616899520158768,,,,,0.005374307278543711,0.0,0.0,0.06508034467697144,0.019515270367264748,9.956763096852228e-05,0.03153718262910843,,,16899,0.031397610902786255,0.8420000076293945,0.13724392652511597
0.12749214470386505,,,0.5833083391189575,1,,,0.0018958261935040355,,,,,0.004463480785489082,0.0,0.0,0.04942636936903,0.019695252180099487,9.956248686648905e-05,0.03153718262910843,,,16949,0.02910136990249157,0.847000002861023,0.13724392652511597
0.10579296201467514,,,0.22637350857257843,1,,,0.1979859471321106,,,,,0.004463480785489082,0.0,0.0,0.04942636936903,0.019695252180099487,9.956248686648905e-05,0.022904688492417336,,,16999,0.02910136990249157,0.847000002861023,0.08848266303539276
0.10579296201467514,,,0.22637350857257843,1,,,0.0016020238399505615,,,,,0.0036306302063167095,0.0,0.0,0.05565309152007103,0.01757293939590454,9.955731366062537e-05,0.022904688492417336,,,17049,0.02676887810230255,0.8519999980926514,0.08848266303539276
0.10579296201467514,,,0.22637350857257843,1,,,0.0016020238399505615,,,,,0.0036306302063167095,0.0,0.0,0.05565309152007103,0.01757293939590454,9.955731366062537e-05,0.022904688492417336,,,17099,0.02676887810230255,0.8519999980926514,0.08848266303539276
0.10579296201467514,,,0.22637350857257843,1,,,0.0017517547821626067,,,,,0.0029453327879309654,0.0,0.0,0.05932065099477768,0.01789986342191696,9.955211135093123e-05,0.022904688492417336,,,17149,0.02677726186811924,0.8569999933242798,0.08848266303539276
0.10579296201467514,,,0.22637350857257843,1,,,0.0017517547821626067,,,,,0.0029453327879309654,0.0,0.0,0.05932065099477768,0.01789986342191696,9.955211135093123e-05,0.022904688492417336,,,17199,0.02677726186811924,0.8569999933242798,0.08848266303539276
0.10579296201467514,,,0.22637350857257843,1,,,0.002211715327575803,,,,,0.004993518814444542,0.0,0.0,0.04924406483769417,0.01977606490254402,9.954687993740663e-05,0.022904688492417336,,,17249,0.02969399094581604,0.8619999885559082,0.08848266303539276
0.10579296201467514,,,0.22637350857257843,1,,,0.002211715327575803,,,,,0.004993518814444542,0.0,0.0,0.04924406483769417,0.01977606490254402,9.954687993740663e-05,0.022904688492417336,,,17299,0.02969399094581604,0.8619999885559082,0.08848266303539276
0.10579296201467514,,,0.22637350857257843,1,,,0.0031843138858675957,,,,,0.0055298577062785625,0.0,0.0,0.06476524472236633,0.026390137150883675,9.954161214409396e-05,0.022904688492417336,,,17349,0.03839651867747307,0.8669999837875366,0.08848266303539276
0.10579296201467514,,,0.22637350857257843,1,,,0.0031843138858675957,,,,,0.0055298577062785625,0.0,0.0,0.06476524472236633,0.026390137150883675,9.954161214409396e-05,0.022904688492417336,,,17399,0.03839651867747307,0.8669999837875366,0.08848266303539276
0.10579296201467514,,,0.22637350857257843,1,,,0.0020184048917144537,,,,,0.004925641231238842,0.0,0.0,0.048038557171821594,0.027213972061872482,9.953632252290845e-05,0.022904688492417336,,,17449,0.036943469196558,0.871999979019165,0.08848266303539276
0.05441109463572502,,,0.1779516190290451,1,,,0.11962481588125229,,,,,0.004925641231238842,0.0,0.0,0.048038557171821594,0.027213972061872482,9.953632252290845e-05,0.02083858661353588,,,17499,0.036943469196558,0.871999979019165,0.029668590053915977
0.05441109463572502,,,0.1779516190290451,1,,,0.0021544797345995903,,,,,0.005143053364008665,0.0,0.0,0.051072657108306885,0.021804504096508026,9.953099652193487e-05,0.02083858661353588,,,17549,0.03205482289195061,0.8769999742507935,0.029668590053915977
0.05441109463572502,,,0.1779516190290451,1,,,0.0021544797345995903,,,,,0.005143053364008665,0.0,0.0,0.051072657108306885,0.021804504096508026,9.953099652193487e-05,0.02083858661353588,,,17599,0.03205482289195061,0.8769999742507935,0.029668590053915977
0.05441109463572502,,,0.1779516190290451,1,,,0.0010521899675950408,,,,,0.005076135508716106,0.0,0.0,0.047358110547065735,0.014744305983185768,9.952564141713083e-05,0.02083858661353588,,,17649,0.024556253105401993,0.8820000290870667,0.029668590053915977
0.05441109463572502,,,0.1779516190290451,1,,,0.0010521899675950408,,,,,0.005076135508716106,0.0,0.0,0.047358110547065735,0.014744305983185768,9.952564141713083e-05,0.02083858661353588,,,17699,0.024556253105401993,0.8820000290870667,0.029668590053915977
0.05441109463572502,,,0.1779516190290451,1,,,0.002720183227211237,,,,,0.004945964552462101,0.0,0.0,0.043623052537441254,0.021938655525445938,9.952025720849633e-05,0.02083858661353588,,,17749,0.03124692477285862,0.8870000243186951,0.029668590053915977
0.05441109463572502,,,0.1779516190290451,1,,,0.002720183227211237,,,,,0.004945964552462101,0.0,0.0,0.043623052537441254,0.021938655525445938,9.952025720849633e-05,0.02083858661353588,,,17799,0.03124692477285862,0.8870000243186951,0.029668590053915977
0.05441109463572502,,,0.1779516190290451,1,,,0.003475646022707224,,,,,0.004115149844437838,0.0,0.0,0.05267912521958351,0.01954958401620388,9.951484389603138e-05,0.02083858661353588,,,17849,0.028932645916938782,0.8920000195503235,0.029668590053915977
0.05441109463572502,,,0.1779516190290451,1,,,0.003475646022707224,,,,,0.004115149844437838,0.0,0.0,0.05267912521958351,0.01954958401620388,9.951484389603138e-05,0.02083858661353588,,,17899,0.028932645916938782,0.8920000195503235,0.029668590053915977
0.05441109463572502,,,0.1779516190290451,1,,,0.0023033306933939457,,,,,0.003951232880353928,0.0,0.0,0.040709611028432846,0.015471698716282845,9.950939420377836e-05,0.02083858661353588,,,17949,0.023493893444538116,0.8970000147819519,0.029668590053915977
0.07873576134443283,,,0.2746022343635559,1,,,0.10194530338048935,,,,,0.003951232880353928,0.0,0.0,0.040709611028432846,0.015471698716282845,9.950939420377836e-05,0.039556000381708145,,,17999,0.023493893444538116,0.8970000147819519,0.04131021723151207
0.07873576134443283,,,0.2746022343635559,1,,,0.0029133823700249195,,,,,0.0051568946801126,0.0,0.0,0.05866704136133194,0.022110702469944954,9.950392268365249e-05,0.039556000381708145,,,18049,0.033134300261735916,0.9020000100135803,0.04131021723151207
0.07873576134443283,,,0.2746022343635559,1,,,0.0029133823700249195,,,,,0.0051568946801126,0.0,0.0,0.05866704136133194,0.022110702469944954,9.950392268365249e-05,0.039556000381708145,,,18099,0.033134300261735916,0.9020000100135803,0.04131021723151207
0.07873576134443283,,,0.2746022343635559,1,,,0.0024794889613986015,,,,,0.003406837349757552,0.0,0.0,0.04766298830509186,0.020802920684218407,9.949841478373855e-05,0.039556000381708145,,,18149,0.02897605672478676,0.9070000052452087,0.04131021723151207
0.07873576134443283,,,0.2746022343635559,1,,,0.0024794889613986015,,,,,0.003406837349757552,0.0,0.0,0.04766298830509186,0.020802920684218407,9.949841478373855e-05,0.039556000381708145,,,18199,0.02897605672478676,0.9070000052452087,0.04131021723151207
0.07873576134443283,,,0.2746022343635559,1,,,0.001544518512673676,,,,,0.005187599919736385,0.0,0.0,0.05306374281644821,0.014883114024996758,9.949288505595177e-05,0.039556000381708145,,,18249,0.02537708729505539,0.9120000004768372,0.04131021723151207
0.07873576134443283,,,0.2746022343635559,1,,,0.001544518512673676,,,,,0.005187599919736385,0.0,0.0,0.05306374281644821,0.014883114024996758,9.949288505595177e-05,0.039556000381708145,,,18299,0.02537708729505539,0.9120000004768372,0.04131021723151207
0.07873576134443283,,,0.2746022343635559,1,,,0.0014824960380792618,,,,,0.00493287481367588,0.0,0.0,0.04277009516954422,0.020771732553839684,9.948731894837692e-05,0.039556000381708145,,,18349,0.029981616884469986,0.9169999957084656,0.04131021723151207
0.07873576134443283,,,0.2746022343635559,1,,,0.0014824960380792618,,,,,0.00493287481367588,0.0,0.0,0.04277009516954422,0.020771732553839684,9.948731894837692e-05,0.039556000381708145,,,18399,0.029981616884469986,0.9169999957084656,0.04131021723151207
0.07873576134443283,,,0.2746022343635559,1,,,0.002955686068162322,,,,,0.006171293091028929,0.0,0.0,0.08079535514116287,0.03162062168121338,9.9481716461014e-05,0.039556000381708145,,,18449,0.04587145149707794,0.921999990940094,0.04131021723151207
0.10042834281921387,,,0.311097115278244,1,,,0.18507906794548035,,,,,0.006171293091028929,0.0,0.0,0.08079535514116287,0.03162062168121338,9.9481716461014e-05,0.020255517214536667,,,18499,0.04587145149707794,0.921999990940094,0.16052104532718658
0.10042834281921387,,,0.311097115278244,1,,,0.0025573261082172394,,,,,0.0053911590948700905,0.0,0.0,0.059042636305093765,0.016195569187402725,9.947609214577824e-05,0.020255517214536667,,,18549,0.027490992099046707,0.9269999861717224,0.16052104532718658
0.10042834281921387,,,0.311097115278244,1,,,0.0025573261082172394,,,,,0.0053911590948700905,0.0,0.0,0.059042636305093765,0.016195569187402725,9.947609214577824e-05,0.020255517214536667,,,18599,0.027490992099046707,0.9269999861717224,0.16052104532718658
0.10042834281921387,,,0.311097115278244,1,,,0.001597275142557919,,,,,0.004941120278090239,0.0,0.0,0.048576194792985916,0.013869578018784523,9.947043872671202e-05,0.020255517214536667,,,18649,0.0236683189868927,0.9319999814033508,0.16052104532718658
0.10042834281921387,,,0.311097115278244,1,,,0.001597275142557919,,,,,0.004941120278090239,0.0,0.0,0.048576194792985916,0.013869578018784523,9.947043872671202e-05,0.020255517214536667,,,18699,0.0236683189868927,0.9319999814033508,0.16052104532718658
0.10042834281921387,,,0.311097115278244,1,,,0.001101757981814444,,,,,0.00473662419244647,0.0,0.0,0.05300198867917061,0.026503896340727806,9.946474892785773e-05,0.020255517214536667,,,18749,0.036540720611810684,0.9369999766349792,0.16052104532718658
0.10042834281921387,,,0.311097115278244,1,,,0.001101757981814444,,,,,0.00473662419244647,0.0,0.0,0.05300198867917061,0.026503896340727806,9.946474892785773e-05,0.020255517214536667,,,18799,0.036540720611810684,0.9369999766349792,0.16052104532718658
0.10042834281921387,,,0.311097115278244,1,,,0.0013213356724008918,,,,,0.004690605215728283,0.0,0.0,0.054590385407209396,0.015816807746887207,9.945903730113059e-05,0.020255517214536667,,,18849,0.025966450572013855,0.9419999718666077,0.16052104532718658
0.10042834281921387,,,0.311097115278244,1,,,0.0013213356724008918,,,,,0.004690605215728283,0.0,0.0,0.054590385407209396,0.015816807746887207,9.945903730113059e-05,0.020255517214536667,,,18899,0.025966450572013855,0.9419999718666077,0.16052104532718658
0.10042834281921387,,,0.311097115278244,1,,,0.00261865695938468,,,,,0.004791300278156996,0.0,0.0,0.03593866527080536,0.023864133283495903,9.945328929461539e-05,0.020255517214536667,,,18949,0.03224930167198181,0.9470000267028809,0.16052104532718658
0.05121898278594017,,,0.16799692809581757,1,,,0.08641491830348969,,,,,0.004791300278156996,0.0,0.0,0.03593866527080536,0.023864133283495903,9.945328929461539e-05,0.01604560576379299,,,18999,0.03224930167198181,0.9470000267028809,0.0898478627204895
0.05121898278594017,,,0.16799692809581757,1,,,0.0009059025906026363,,,,,0.005351424217224121,0.0,0.0,0.05635303258895874,0.023921947926282883,9.944751218426973e-05,0.01604560576379299,,,19049,0.03490867465734482,0.9520000219345093,0.0898478627204895
0.05121898278594017,,,0.16799692809581757,1,,,0.0009059025906026363,,,,,0.005351424217224121,0.0,0.0,0.05635303258895874,0.023921947926282883,9.944751218426973e-05,0.01604560576379299,,,19099,0.03490867465734482,0.9520000219345093,0.0898478627204895
0.05121898278594017,,,0.16799692809581757,1,,,0.0011677785078063607,,,,,0.0041014449670910835,0.0,0.0,0.043558914214372635,0.014240187592804432,9.9441698694136e-05,0.01604560576379299,,,19149,0.02269752323627472,0.9570000171661377,0.0898478627204895
0.05121898278594017,,,0.16799692809581757,1,,,0.0011677785078063607,,,,,0.0041014449670910835,0.0,0.0,0.043558914214372635,0.014240187592804432,9.9441698694136e-05,0.01604560576379299,,,19199,0.02269752323627472,0.9570000171661377,0.0898478627204895
0.05121898278594017,,,0.16799692809581757,1,,,0.002937378827482462,,,,,0.006169261876493692,0.0,0.0,0.08395886421203613,0.0343601368367672,9.943586337612942e-05,0.01604560576379299,,,19249,0.048925288021564484,0.9620000123977661,0.0898478627204895
0.05121898278594017,,,0.16799692809581757,1,,,0.002937378827482462,,,,,0.006169261876493692,0.0,0.0,0.08395886421203613,0.0343601368367672,9.943586337612942e-05,0.01604560576379299,,,19299,0.048925288021564484,0.9620000123977661,0.0898478627204895
0.05121898278594017,,,0.16799692809581757,1,,,0.001992311794310808,,,,,0.005919259507209063,0.0,0.0,0.06959037482738495,0.02459579147398472,9.942999895429239e-05,0.01604560576379299,,,19349,0.03747408837080002,0.9670000076293945,0.0898478627204895
0.05121898278594017,,,0.16799692809581757,1,,,0.001992311794310808,,,,,0.005919259507209063,0.0,0.0,0.06959037482738495,0.02459579147398472,9.942999895429239e-05,0.01604560576379299,,,19399,0.03747408837080002,0.9670000076293945,0.0898478627204895
0.05121898278594017,,,0.16799692809581757,1,,,0.0034040738828480244,,,,,0.005866411607712507,0.0,0.0,0.07837168872356415,0.03252852335572243,9.942409815266728e-05,0.01604560576379299,,,19449,0.04623210430145264,0.972000002861023,0.0898478627204895
0.058649152517318726,,,0.24239200353622437,1,,,0.08392834663391113,,,,,0.005866411607712507,0.0,0.0,0.07837168872356415,0.03252852335572243,9.942409815266728e-05,0.02931353449821472,,,19499,0.04623210430145264,0.972000002861023,0.015514742583036423
0.058649152517318726,,,0.24239200353622437,1,,,0.0013105141697451472,,,,,0.005249049514532089,0.0,0.0,0.05364768207073212,0.022989029064774513,9.941816824721172e-05,0.02931353449821472,,,19549,0.03360284864902496,0.9769999980926514,0.015514742583036423
0.058649152517318726,,,0.24239200353622437,1,,,0.0013105141697451472,,,,,0.005249049514532089,0.0,0.0,0.05364768207073212,0.022989029064774513,9.941816824721172e-05,0.02931353449821472,,,19599,0.03360284864902496,0.9769999980926514,0.015514742583036423
0.058649152517318726,,,0.24239200353622437,1,,,0.0018137955339625478,,,,,0.005280300974845886,0.0,0.0,0.05479567497968674,0.018222451210021973,9.941220923792571e-05,0.02931353449821472,,,19649,0.028982318937778473,0.9819999933242798,0.015514742583036423
0.058649152517318726,,,0.24239200353622437,1,,,0.0018137955339625478,,,,,0.005280300974845886,0.0,0.0,0.05479567497968674,0.018222451210021973,9.941220923792571e-05,0.02931353449821472,,,19699,0.028982318937778473,0.9819999933242798,0.015514742583036423
0.058649152517318726,,,0.24239200353622437,1,,,0.0024247467517852783,,,,,0.005082862451672554,0.0,0.0,0.048363976180553436,0.02071916125714779,9.940622112480924e-05,0.02931353449821472,,,19749,0.030638420954346657,0.9869999885559082,0.015514742583036423
0.058649152517318726,,,0.24239200353622437,1,,,0.0024247467517852783,,,,,0.005082862451672554,0.0,0.0,0.048363976180553436,0.02071916125714779,9.940622112480924e-05,0.02931353449821472,,,19799,0.030638420954346657,0.9869999885559082,0.015514742583036423
0.058649152517318726,,,0.24239200353622437,1,,,0.0016861907206475735,,,,,0.005283160135149956,0.0,0.0,0.06387569010257721,0.022736914455890656,9.94002039078623e-05,0.02931353449821472,,,19849,0.03440764546394348,0.9919999837875366,0.015514742583036423
0.058649152517318726,,,0.24239200353622437,1,,,0.0016861907206475735,,,,,0.005283160135149956,0.0,0.0,0.06387569010257721,0.022736914455890656,9.94002039078623e-05,0.02931353449821472,,,19899,0.03440764546394348,0.9919999837875366,0.015514742583036423
0.058649152517318726,,,0.24239200353622437,1,,,0.002363614970818162,,,,,0.004588334355503321,0.0,0.0,0.05012024939060211,0.020932605490088463,9.939415758708492e-05,0.02931353449821472,,,19949,0.030532965436577797,0.996999979019165,0.015514742583036423
0.08805547654628754,,,0.2866261899471283,1,,,0.17069126665592194,,,,,0.004588334355503321,0.0,0.0,0.05012024939060211,0.020932605490088463,9.939415758708492e-05,0.02805059216916561,,,19999,0.030532965436577797,0.996999979019165,0.031318143010139465
0.08805547654628754,,,0.2866261899471283,1,,,0.001038938295096159,,,,,0.005597309675067663,0.0,0.0,0.06830671429634094,0.025354309007525444,9.938807488651946e-05,0.02805059216916561,,,20049,0.03778228908777237,1.0,0.031318143010139465
0.08805547654628754,,,0.2866261899471283,1,,,0.001038938295096159,,,,,0.005597309675067663,0.0,0.0,0.06830671429634094,0.025354309007525444,9.938807488651946e-05,0.02805059216916561,,,20099,0.03778228908777237,1.0,0.031318143010139465
0.08805547654628754,,,0.2866261899471283,1,,,0.002111580455675721,,,,,0.005128710530698299,0.0,0.0,0.05231256037950516,0.017045173794031143,9.938197035808116e-05,0.02805059216916561,,,20149,0.027405140921473503,1.0,0.031318143010139465
0.08805547654628754,,,0.2866261899471283,1,,,0.002111580455675721,,,,,0.005128710530698299,0.0,0.0,0.05231256037950516,0.017045173794031143,9.938197035808116e-05,0.02805059216916561,,,20199,0.027405140921473503,1.0,0.031318143010139465
0.08805547654628754,,,0.2866261899471283,1,,,0.0030465784948319197,,,,,0.003536633215844631,0.0,0.0,0.0658973753452301,0.02083749882876873,9.937582944985479e-05,0.02805059216916561,,,20249,0.030963869765400887,1.0,0.031318143010139465
0.08805547654628754,,,0.2866261899471283,1,,,0.0030465784948319197,,,,,0.003536633215844631,0.0,0.0,0.0658973753452301,0.02083749882876873,9.937582944985479e-05,0.02805059216916561,,,20299,0.030963869765400887,1.0,0.031318143010139465
0.08805547654628754,,,0.2866261899471283,1,,,0.002635719021782279,,,,,0.005283564794808626,0.0,0.0,0.06212598830461502,0.022768313065171242,9.936965943779796e-05,0.02805059216916561,,,20349,0.03426447510719299,1.0,0.031318143010139465
0.08805547654628754,,,0.2866261899471283,1,,,0.002635719021782279,,,,,0.005283564794808626,0.0,0.0,0.06212598830461502,0.022768313065171242,9.936965943779796e-05,0.02805059216916561,,,20399,0.03426447510719299,1.0,0.031318143010139465
0.08805547654628754,,,0.2866261899471283,1,,,0.0019899175968021154,,,,,0.0051418193615973,0.0,0.0,0.052586235105991364,0.017513835802674294,9.936346032191068e-05,0.02805059216916561,,,20449,0.027914278209209442,1.0,0.031318143010139465
0.049518246203660965,,,0.2449772208929062,1,,,0.09981318563222885,,,,,0.0051418193615973,0.0,0.0,0.052586235105991364,0.017513835802674294,9.936346032191068e-05,0.015336133539676666,,,20499,0.027914278209209442,1.0,0.04174100607633591
0.049518246203660965,,,0.2449772208929062,1,,,0.002231000456959009,,,,,0.005147753283381462,0.0,0.0,0.047976303845644,0.028855647891759872,9.935723210219294e-05,0.015336133539676666,,,20549,0.038801029324531555,1.0,0.04174100607633591
0.049518246203660965,,,0.2449772208929062,1,,,0.002231000456959009,,,,,0.005147753283381462,0.0,0.0,0.047976303845644,0.028855647891759872,9.935723210219294e-05,0.015336133539676666,,,20599,0.038801029324531555,1.0,0.04174100607633591
0.049518246203660965,,,0.2449772208929062,1,,,0.0017335095908492804,,,,,0.004252096638083458,0.0,0.0,0.040022000670433044,0.02057003416121006,9.935096750268713e-05,0.015336133539676666,,,20649,0.028824331238865852,1.0,0.04174100607633591
0.049518246203660965,,,0.2449772208929062,1,,,0.0017335095908492804,,,,,0.004252096638083458,0.0,0.0,0.040022000670433044,0.02057003416121006,9.935096750268713e-05,0.015336133539676666,,,20699,0.028824331238865852,1.0,0.04174100607633591
0.049518246203660965,,,0.2449772208929062,1,,,0.000977425486780703,,,,,0.0048203133046627045,0.0,0.0,0.04984327033162117,0.014932414516806602,9.934468107530847e-05,0.015336133539676666,,,20749,0.024737054482102394,1.0,0.04174100607633591
0.049518246203660965,,,0.2449772208929062,1,,,0.000977425486780703,,,,,0.0048203133046627045,0.0,0.0,0.04984327033162117,0.014932414516806602,9.934468107530847e-05,0.015336133539676666,,,20799,0.024737054482102394,1.0,0.04174100607633591
0.049518246203660965,,,0.2449772208929062,1,,,0.0021694174502044916,,,,,0.004554597195237875,0.0,0.0,0.05014123022556305,0.022244906052947044,9.933835826814175e-05,0.015336133539676666,,,20849,0.03181362524628639,1.0,0.04174100607633591
0.049518246203660965,,,0.2449772208929062,1,,,0.0021694174502044916,,,,,0.004554597195237875,0.0,0.0,0.05014123022556305,0.022244906052947044,9.933835826814175e-05,0.015336133539676666,,,20899,0.03181362524628639,1.0,0.04174100607633591
0.049518246203660965,,,0.2449772208929062,1,,,0.0010948650306090713,,,,,0.003442199667915702,0.0,0.0,0.0625714436173439,0.01680358126759529,9.933200635714456e-05,0.015336133539676666,,,20949,0.026502925902605057,1.0,0.04174100607633591
0.04908537119626999,,,0.16309791803359985,1,,,0.13606885075569153,,,,,0.003442199667915702,0.0,0.0,0.0625714436173439,0.01680358126759529,9.933200635714456e-05,0.01848442666232586,,,20999,0.026502925902605057,1.0,0.054608769714832306
0.04908537119626999,,,0.16309791803359985,1,,,0.002020224928855896,,,,,0.0048073288053274155,0.0,0.0,0.0500854030251503,0.016801096498966217,9.932562534231693e-05,0.01848442666232586,,,21049,0.026616966351866722,1.0,0.054608769714832306
0.04908537119626999,,,0.16309791803359985,1,,,0.002020224928855896,,,,,0.0048073288053274155,0.0,0.0,0.0500854030251503,0.016801096498966217,9.932562534231693e-05,0.01848442666232586,,,21099,0.026616966351866722,1.0,0.054608769714832306
0.04908537119626999,,,0.16309791803359985,1,,,0.0019205017015337944,,,,,0.0037725926376879215,0.0,0.0,0.061767034232616425,0.018596159294247627,9.931921522365883e-05,0.01848442666232586,,,21149,0.028545456007122993,1.0,0.054608769714832306
0.04908537119626999,,,0.16309791803359985,1,,,0.0019205017015337944,,,,,0.0037725926376879215,0.0,0.0,0.061767034232616425,0.018596159294247627,9.931921522365883e-05,0.01848442666232586,,,21199,0.028545456007122993,1.0,0.054608769714832306
0.04908537119626999,,,0.16309791803359985,1,,,0.0017810590798035264,,,,,0.00483488105237484,0.0,0.0,0.042515724897384644,0.019304104149341583,9.931277600117028e-05,0.01848442666232586,,,21249,0.028390558436512947,1.0,0.054608769714832306
0.04908537119626999,,,0.16309791803359985,1,,,0.0017810590798035264,,,,,0.00483488105237484,0.0,0.0,0.042515724897384644,0.019304104149341583,9.931277600117028e-05,0.01848442666232586,,,21299,0.028390558436512947,1.0,0.054608769714832306
0.04908537119626999,,,0.16309791803359985,1,,,0.002010957570746541,,,,,0.004360964987426996,0.0,0.0,0.0528392568230629,0.01722068339586258,9.930630767485127e-05,0.01848442666232586,,,21349,0.026865573599934578,1.0,0.054608769714832306
0.04908537119626999,,,0.16309791803359985,1,,,0.002010957570746541,,,,,0.004360964987426996,0.0,0.0,0.0528392568230629,0.01722068339586258,9.930630767485127e-05,0.01848442666232586,,,21399,0.026865573599934578,1.0,0.054608769714832306
0.04908537119626999,,,0.16309791803359985,1,,,0.003503494430333376,,,,,0.004222931805998087,0.0,0.0,0.05263657122850418,0.0274963341653347,9.929980296874419e-05,0.01848442666232586,,,21449,0.03698292374610901,1.0,0.054608769714832306
0.11825285106897354,,,0.4559350311756134,1,,,0.1874954104423523,,,,,0.004222931805998087,0.0,0.0,0.05263657122850418,0.0274963341653347,9.929980296874419e-05,0.04307732358574867,,,21499,0.03698292374610901,1.0,0.08734746277332306
0.11825285106897354,,,0.4559350311756134,1,,,0.0038155221845954657,,,,,0.005395440850406885,0.0,0.0,0.05641600489616394,0.027750352397561073,9.929327643476427e-05,0.04307732358574867,,,21549,0.038787394762039185,1.0,0.08734746277332306
0.11825285106897354,,,0.4559350311756134,1,,,0.0038155221845954657,,,,,0.005395440850406885,0.0,0.0,0.05641600489616394,0.027750352397561073,9.929327643476427e-05,0.04307732358574867,,,21599,0.038787394762039185,1.0,0.08734746277332306
0.11825285106897354,,,0.4559350311756134,1,,,0.0018768836744129658,,,,,0.004124441649764776,0.0,0.0,0.03733884170651436,0.019505372270941734,9.928671352099627e-05,0.04307732358574867,,,21649,0.027363698929548264,1.0,0.08734746277332306
0.11825285106897354,,,0.4559350311756134,1,,,0.0018768836744129658,,,,,0.004124441649764776,0.0,0.0,0.03733884170651436,0.019505372270941734,9.928671352099627e-05,0.04307732358574867,,,21699,0.027363698929548264,1.0,0.08734746277332306
0.11825285106897354,,,0.4559350311756134,1,,,0.0006902041495777667,,,,,0.0052427505142986774,0.0,0.0,0.0604502409696579,0.01593700610101223,9.928012150339782e-05,0.04307732358574867,,,21749,0.02722478099167347,1.0,0.08734746277332306
0.11825285106897354,,,0.4559350311756134,1,,,0.0006902041495777667,,,,,0.0052427505142986774,0.0,0.0,0.0604502409696579,0.01593700610101223,9.928012150339782e-05,0.04307732358574867,,,21799,0.02722478099167347,1.0,0.08734746277332306
0.11825285106897354,,,0.4559350311756134,1,,,0.002321140607818961,,,,,0.005746678449213505,0.0,0.0,0.0756092444062233,0.02428710088133812,9.927350038196892e-05,0.04307732358574867,,,21849,0.03759470582008362,1.0,0.08734746277332306
0.11825285106897354,,,0.4559350311756134,1,,,0.002321140607818961,,,,,0.005746678449213505,0.0,0.0,0.0756092444062233,0.02428710088133812,9.927350038196892e-05,0.04307732358574867,,,21899,0.03759470582008362,1.0,0.08734746277332306
0.11825285106897354,,,0.4559350311756134,1,,,0.001527708605863154,,,,,0.005068581085652113,0.0,0.0,0.0529719740152359,0.025949187576770782,9.926685015670955e-05,0.04307732358574867,,,21949,0.036314964294433594,1.0,0.08734746277332306
0.07025711983442307,,,0.3329823315143585,1,,,0.160521999001503,,,,,0.005068581085652113,0.0,0.0,0.0529719740152359,0.025949187576770782,9.926685015670955e-05,0.01843828521668911,,,21999,0.036314964294433594,1.0,0.0812489464879036
0.07025711983442307,,,0.3329823315143585,1,,,0.0016347594792023301,,,,,0.0046495976857841015,0.0,0.0,0.05907459557056427,0.01708739809691906,9.926017082761973e-05,0.01843828521668911,,,22049,0.027644455432891846,1.0,0.0812489464879036
0.07025711983442307,,,0.3329823315143585,1,,,0.0016347594792023301,,,,,0.0046495976857841015,0.0,0.0,0.05907459557056427,0.01708739809691906,9.926017082761973e-05,0.01843828521668911,,,22099,0.027644455432891846,1.0,0.0812489464879036
0.07025711983442307,,,0.3329823315143585,1,,,0.0010743228485807776,,,,,0.004357948899269104,0.0,0.0,0.06131228804588318,0.024413060396909714,9.925345511874184e-05,0.01843828521668911,,,22149,0.034902237355709076,1.0,0.0812489464879036
0.07025711983442307,,,0.3329823315143585,1,,,0.0010743228485807776,,,,,0.004357948899269104,0.0,0.0,0.06131228804588318,0.024413060396909714,9.925345511874184e-05,0.01843828521668911,,,22199,0.034902237355709076,1.0,0.0812489464879036
0.07025711983442307,,,0.3329823315143585,1,,,0.0009730102610774338,,,,,0.004616115242242813,0.0,0.0,0.04898322373628616,0.019389810040593147,9.92467175819911e-05,0.01843828521668911,,,22249,0.028904248028993607,1.0,0.0812489464879036
0.07025711983442307,,,0.3329823315143585,1,,,0.0009730102610774338,,,,,0.004616115242242813,0.0,0.0,0.04898322373628616,0.019389810040593147,9.92467175819911e-05,0.01843828521668911,,,22299,0.028904248028993607,1.0,0.0812489464879036
0.07025711983442307,,,0.3329823315143585,1,,,0.0016157239442691207,,,,,0.005001266486942768,0.0,0.0,0.042784787714481354,0.016684463247656822,9.92399436654523e-05,0.01843828521668911,,,22349,0.02596420794725418,1.0,0.0812489464879036
0.07025711983442307,,,0.3329823315143585,1,,,0.0016157239442691207,,,,,0.005001266486942768,0.0,0.0,0.042784787714481354,0.016684463247656822,9.92399436654523e-05,0.01843828521668911,,,22399,0.02596420794725418,1.0,0.0812489464879036
0.07025711983442307,,,0.3329823315143585,1,,,0.0006806065212003887,,,,,0.005070770159363747,0.0,0.0,0.06092030182480812,0.013382959179580212,9.923314064508304e-05,0.01843828521668911,,,22449,0.024545758962631226,1.0,0.0812489464879036
0.028634142130613327,,,0.21602997183799744,1,,,0.09473644942045212,,,,,0.005070770159363747,0.0,0.0,0.06092030182480812,0.013382959179580212,9.923314064508304e-05,0.024578537791967392,,,22499,0.024545758962631226,1.0,0.03114016354084015
0.028634142130613327,,,0.21602997183799744,1,,,0.001435162266716361,,,,,0.0049244919791817665,0.0,0.0,0.05546145886182785,0.011778213083744049,9.922630852088332e-05,0.024578537791967392,,,22549,0.022248851135373116,1.0,0.03114016354084015
0.028634142130613327,,,0.21602997183799744,1,,,0.001435162266716361,,,,,0.0049244919791817665,0.0,0.0,0.05546145886182785,0.011778213083744049,9.922630852088332e-05,0.024578537791967392,,,22599,0.022248851135373116,1.0,0.03114016354084015
0.028634142130613327,,,0.21602997183799744,1,,,0.0017293206183239818,,,,,0.005528036504983902,0.0,0.0,0.06776648759841919,0.019332392141222954,9.921944729285315e-05,0.024578537791967392,,,22649,0.031637080013751984,1.0,0.03114016354084015
0.028634142130613327,,,0.21602997183799744,1,,,0.0017293206183239818,,,,,0.005528036504983902,0.0,0.0,0.06776648759841919,0.019332392141222954,9.921944729285315e-05,0.024578537791967392,,,22699,0.031637080013751984,1.0,0.03114016354084015
0.028634142130613327,,,0.21602997183799744,1,,,0.0026362070348113775,,,,,0.005239889491349459,0.0,0.0,0.05223461985588074,0.028687642887234688,9.921255696099252e-05,0.024578537791967392,,,22749,0.03915099427103996,1.0,0.03114016354084015
0.028634142130613327,,,0.21602997183799744,1,,,0.0026362070348113775,,,,,0.005239889491349459,0.0,0.0,0.05223461985588074,0.028687642887234688,9.921255696099252e-05,0.024578537791967392,,,22799,0.03915099427103996,1.0,0.03114016354084015
0.028634142130613327,,,0.21602997183799744,1,,,0.0013192761689424515,,,,,0.006151970941573381,0.0,0.0,0.08732130378484726,0.017111079767346382,9.920563752530143e-05,0.024578537791967392,,,22849,0.03199518099427223,1.0,0.03114016354084015
0.028634142130613327,,,0.21602997183799744,1,,,0.0013192761689424515,,,,,0.006151970941573381,0.0,0.0,0.08732130378484726,0.017111079767346382,9.920563752530143e-05,0.024578537791967392,,,22899,0.03199518099427223,1.0,0.03114016354084015
0.028634142130613327,,,0.21602997183799744,1,,,0.0015830006450414658,,,,,0.005106950178742409,0.0,0.0,0.050205059349536896,0.02203572355210781,9.919868170982227e-05,0.024578537791967392,,,22949,0.03216318041086197,1.0,0.03114016354084015
0.054512497037649155,,,0.17966605722904205,1,,,0.09238073974847794,,,,,0.005106950178742409,0.0,0.0,0.050205059349536896,0.02203572355210781,9.919868170982227e-05,0.021211866289377213,,,22999,0.03216318041086197,1.0,0.01644756644964218
0.054512497037649155,,,0.17966605722904205,1,,,0.0015041539445519447,,,,,0.0037310407496988773,0.0,0.0,0.058788180351257324,0.01849208027124405,9.919170406647027e-05,0.021211866289377213,,,23049,0.02810193970799446,1.0,0.01644756644964218
0.054512497037649155,,,0.17966605722904205,1,,,0.0015041539445519447,,,,,0.0037310407496988773,0.0,0.0,0.058788180351257324,0.01849208027124405,9.919170406647027e-05,0.021211866289377213,,,23099,0.02810193970799446,1.0,0.01644756644964218
0.054512497037649155,,,0.17966605722904205,1,,,0.0019624168053269386,,,,,0.004932933486998081,0.0,0.0,0.05787798762321472,0.024070248007774353,9.918469004333019e-05,0.021211866289377213,,,23149,0.03479097783565521,1.0,0.01644756644964218
0.054512497037649155,,,0.17966605722904205,1,,,0.0019624168053269386,,,,,0.004932933486998081,0.0,0.0,0.05787798762321472,0.024070248007774353,9.918469004333019e-05,0.021211866289377213,,,23199,0.03479097783565521,1.0,0.01644756644964218
0.054512497037649155,,,0.17966605722904205,1,,,0.0009751718607731164,,,,,0.004268996883183718,0.0,0.0,0.059283409267663956,0.018108610063791275,9.917764691635966e-05,0.021211866289377213,,,23249,0.02830594778060913,1.0,0.01644756644964218
0.054512497037649155,,,0.17966605722904205,1,,,0.0009751718607731164,,,,,0.004268996883183718,0.0,0.0,0.059283409267663956,0.018108610063791275,9.917764691635966e-05,0.021211866289377213,,,23299,0.02830594778060913,1.0,0.01644756644964218
0.054512497037649155,,,0.17966605722904205,1,,,0.0030942291487008333,,,,,0.0048721409402787685,0.0,0.0,0.06286432594060898,0.016763539984822273,9.917057468555868e-05,0.021211866289377213,,,23349,0.027922112494707108,1.0,0.01644756644964218
0.054512497037649155,,,0.17966605722904205,1,,,0.0030942291487008333,,,,,0.0048721409402787685,0.0,0.0,0.06286432594060898,0.016763539984822273,9.917057468555868e-05,0.021211866289377213,,,23399,0.027922112494707108,1.0,0.01644756644964218
0.054512497037649155,,,0.17966605722904205,1,,,0.0010155974887311459,,,,,0.005152466241270304,0.0,0.0,0.05098769813776016,0.02196674421429634,9.916347335092723e-05,0.021211866289377213,,,23449,0.032217979431152344,1.0,0.01644756644964218
0.03068474307656288,,,0.31013765931129456,1,,,0.07096407562494278,,,,,0.005152466241270304,0.0,0.0,0.05098769813776016,0.02196674421429634,9.916347335092723e-05,0.017399050295352936,,,23499,0.032217979431152344,1.0,0.041849445551633835
0.03068474307656288,,,0.31013765931129456,1,,,0.001998690189793706,,,,,0.0053488872945308685,0.0,0.0,0.06087739020586014,0.015544867143034935,9.915634291246533e-05,0.017399050295352936,,,23549,0.026981493458151817,1.0,0.041849445551633835
0.03068474307656288,,,0.31013765931129456,1,,,0.001998690189793706,,,,,0.0053488872945308685,0.0,0.0,0.06087739020586014,0.015544867143034935,9.915634291246533e-05,0.017399050295352936,,,23599,0.026981493458151817,1.0,0.041849445551633835
0.03068474307656288,,,0.31013765931129456,1,,,0.0017793154111132026,,,,,0.005200413521379232,0.0,0.0,0.05621343478560448,0.022168179973959923,9.914917609421536e-05,0.017399050295352936,,,23649,0.03298993781208992,1.0,0.041849445551633835
0.03068474307656288,,,0.31013765931129456,1,,,0.0017793154111132026,,,,,0.005200413521379232,0.0,0.0,0.05621343478560448,0.022168179973959923,9.914917609421536e-05,0.017399050295352936,,,23699,0.03298993781208992,1.0,0.041849445551633835
0.03068474307656288,,,0.31013765931129456,1,,,0.0010469122789800167,,,,,0.0049303071573376656,0.0,0.0,0.04815838858485222,0.018038542941212654,9.914198744809255e-05,0.017399050295352936,,,23749,0.027784688398241997,1.0,0.041849445551633835
0.03068474307656288,,,0.31013765931129456,1,,,0.0010469122789800167,,,,,0.0049303071573376656,0.0,0.0,0.04815838858485222,0.018038542941212654,9.914198744809255e-05,0.017399050295352936,,,23799,0.027784688398241997,1.0,0.041849445551633835
0.03068474307656288,,,0.31013765931129456,1,,,0.0011089328909292817,,,,,0.0049065034836530685,0.0,0.0,0.05339071527123451,0.025898508727550507,9.913476242218167e-05,0.017399050295352936,,,23849,0.036144085228443146,1.0,0.041849445551633835
0.03068474307656288,,,0.31013765931129456,1,,,0.0011089328909292817,,,,,0.0049065034836530685,0.0,0.0,0.05339071527123451,0.025898508727550507,9.913476242218167e-05,0.017399050295352936,,,23899,0.036144085228443146,1.0,0.041849445551633835
0.03068474307656288,,,0.31013765931129456,1,,,0.0016688014147803187,,,,,0.0046446919441223145,0.0,0.0,0.05383056774735451,0.018949341028928757,9.912750829244033e-05,0.017399050295352936,,,23949,0.02897709049284458,1.0,0.041849445551633835
0.10458195954561234,,,0.222799614071846,1,,,0.16705024242401123,,,,,0.0046446919441223145,0.0,0.0,0.05383056774735451,0.018949341028928757,9.912750829244033e-05,0.029509667307138443,,,23999,0.02897709049284458,1.0,0.017375623807311058
0.10458195954561234,,,0.222799614071846,1,,,0.002055813791230321,,,,,0.0035431007854640484,0.0,0.0,0.046419546008110046,0.018888462334871292,9.912023233482614e-05,0.029509667307138443,,,24049,0.027073517441749573,1.0,0.017375623807311058
,23.88738250732422,25.244327545166016,,1,14.766831398010254,6.838291645050049,,24080.0,19.458942413330078,0.15517884492874146,-0.12275028228759766,,,,,,,,32.082618713378906,0.9856934547424316,24079,,,
,,,,2,,,0.001169713563285768,,,,,0.004331731703132391,0.0,0.0,0.08737017214298248,0.019229942932724953,9.911730739986524e-05,,,,24099,0.03229869157075882,1.0,
,,,,2,,,0.001169713563285768,,,,,0.004331731703132391,0.0,0.0,0.08737017214298248,0.019229942932724953,9.911730739986524e-05,,,,24149,0.03229869157075882,1.0,
,,,,2,,,0.0022780222352594137,,,,,0.0043937028385698795,0.0,0.0,0.05415990948677063,0.026716023683547974,9.910998778650537e-05,,,,24199,0.03652571886777878,1.0,
,,,,2,,,0.0022780222352594137,,,,,0.0043937028385698795,0.0,0.0,0.05415990948677063,0.026716023683547974,9.910998778650537e-05,,,,24249,0.03652571886777878,1.0,
,,,,2,,,0.0014132014475762844,,,,,0.0053462255746126175,0.0,0.0,0.06060845032334328,0.02291296422481537,9.910263179335743e-05,,,,24299,0.034320034086704254,1.0,
,,,,2,,,0.0014132014475762844,,,,,0.0053462255746126175,0.0,0.0,0.06060845032334328,0.02291296422481537,9.910263179335743e-05,,,,24349,0.034320034086704254,1.0,
,,,,2,,,0.0016510701971128583,,,,,0.0040554143488407135,0.0,0.0,0.052014753222465515,0.01607653498649597,9.909524669637904e-05,,,,24399,0.025333425030112267,1.0,
,,,,2,,,0.0016510701971128583,,,,,0.0040554143488407135,0.0,0.0,0.052014753222465515,0.01607653498649597,9.909524669637904e-05,,,,24449,0.025333425030112267,1.0,
0.06694475561380386,,,0.2077631950378418,2,,,0.12162260711193085,,,,,0.004901575390249491,0.0,0.0,0.06677558273077011,0.018514839932322502,9.908783249557018e-05,0.020599549636244774,,,24499,0.030093973502516747,1.0,0.015403169207274914
0.06694475561380386,,,0.2077631950378418,2,,,0.12162260711193085,,,,,0.004901575390249491,0.0,0.0,0.06677558273077011,0.018514839932322502,9.908783249557018e-05,0.020599549636244774,,,24549,0.030093973502516747,1.0,0.015403169207274914
0.06694475561380386,,,0.2077631950378418,2,,,0.0030329867731779814,,,,,0.005325811915099621,0.0,0.0,0.06365127861499786,0.023413818329572678,9.908038919093087e-05,0.020599549636244774,,,24599,0.03510475903749466,1.0,0.015403169207274914
0.06694475561380386,,,0.2077631950378418,2,,,0.0030329867731779814,,,,,0.005325811915099621,0.0,0.0,0.06365127861499786,0.023413818329572678,9.908038919093087e-05,0.020599549636244774,,,24649,0.03510475903749466,1.0,0.015403169207274914
0.06694475561380386,,,0.2077631950378418,2,,,0.0020560845732688904,,,,,0.004643402528017759,0.0,0.0,0.0514528825879097,0.017330512404441833,9.907291678246111e-05,0.020599549636244774,,,24699,0.02711920440196991,1.0,0.015403169207274914
0.06694475561380386,,,0.2077631950378418,2,,,0.0020560845732688904,,,,,0.004643402528017759,0.0,0.0,0.0514528825879097,0.017330512404441833,9.907291678246111e-05,0.020599549636244774,,,24749,0.02711920440196991,1.0,0.015403169207274914
0.06694475561380386,,,0.2077631950378418,2,,,0.0020289765670895576,,,,,0.005046802572906017,0.0,0.0,0.04515665024518967,0.021596893668174744,9.906540799420327e-05,0.020599549636244774,,,24799,0.031159361824393272,1.0,0.015403169207274914
0.06694475561380386,,,0.2077631950378418,2,,,0.0020289765670895576,,,,,0.005046802572906017,0.0,0.0,0.04515665024518967,0.021596893668174744,9.906540799420327e-05,0.020599549636244774,,,24849,0.031159361824393272,1.0,0.015403169207274914
0.06694475561380386,,,0.2077631950378418,2,,,0.0016297601396217942,,,,,0.0049688746221363544,0.0,0.0,0.05471230298280716,0.021426115185022354,9.905787737807259e-05,0.020599549636244774,,,24899,0.031866222620010376,1.0,0.015403169207274914
0.06694475561380386,,,0.2077631950378418,2,,,0.0016297601396217942,,,,,0.0049688746221363544,0.0,0.0,0.05471230298280716,0.021426115185022354,9.905787737807259e-05,0.020599549636244774,,,24949,0.031866222620010376,1.0,0.015403169207274914
0.06956686079502106,,,0.18416579067707062,2,,,0.08425911515951157,,,,,0.006235949229449034,0.0,0.0,0.08680737763643265,0.019866222515702248,9.905031038215384e-05,0.026938926428556442,,,24999,0.034782908856868744,1.0,0.01745065487921238
0.06956686079502106,,,0.18416579067707062,2,,,0.08425911515951157,,,,,0.006235949229449034,0.0,0.0,0.08680737763643265,0.019866222515702248,9.905031038215384e-05,0.026938926428556442,,,25049,0.034782908856868744,1.0,0.01745065487921238
0.06956686079502106,,,0.18416579067707062,2,,,0.00203980365768075,,,,,0.005319221876561642,0.0,0.0,0.057254984974861145,0.020513879135251045,9.904272155836225e-05,0.026938926428556442,,,25099,0.031558599323034286,1.0,0.01745065487921238
0.06956686079502106,,,0.18416579067707062,2,,,0.00203980365768075,,,,,0.005319221876561642,0.0,0.0,0.057254984974861145,0.020513879135251045,9.904272155836225e-05,0.026938926428556442,,,25149,0.031558599323034286,1.0,0.01745065487921238
0.06956686079502106,,,0.18416579067707062,2,,,0.0009697574423626065,,,,,0.0049549187533557415,0.0,0.0,0.04606809467077255,0.014281222596764565,9.903509635478258e-05,0.026938926428556442,,,25199,0.02384295128285885,1.0,0.01745065487921238
0.06956686079502106,,,0.18416579067707062,2,,,0.0009697574423626065,,,,,0.0049549187533557415,0.0,0.0,0.04606809467077255,0.014281222596764565,9.903509635478258e-05,0.026938926428556442,,,25249,0.02384295128285885,1.0,0.01745065487921238
0.06956686079502106,,,0.18416579067707062,2,,,0.0012574713909998536,,,,,0.004476970061659813,0.0,0.0,0.05934881046414375,0.024328036233782768,9.902744204737246e-05,0.026938926428556442,,,25299,0.034739889204502106,1.0,0.01745065487921238
0.06956686079502106,,,0.18416579067707062,2,,,0.0012574713909998536,,,,,0.004476970061659813,0.0,0.0,0.05934881046414375,0.024328036233782768,9.902744204737246e-05,0.026938926428556442,,,25349,0.034739889204502106,1.0,0.01745065487921238
0.06956686079502106,,,0.18416579067707062,2,,,0.0013685985468328,,,,,0.005182178691029549,0.0,0.0,0.08919407427310944,0.019479067996144295,9.901975863613188e-05,0.026938926428556442,,,25399,0.03358065336942673,1.0,0.01745065487921238
0.06956686079502106,,,0.18416579067707062,2,,,0.0013685985468328,,,,,0.005182178691029549,0.0,0.0,0.08919407427310944,0.019479067996144295,9.901975863613188e-05,0.026938926428556442,,,25449,0.03358065336942673,1.0,0.01745065487921238
0.047392360866069794,,,0.23054420948028564,2,,,0.11229592561721802,,,,,0.004296424798667431,0.0,0.0,0.053640786558389664,0.01775204762816429,9.901204612106085e-05,0.01914762333035469,,,25499,0.027412550523877144,1.0,0.029157040640711784
0.047392360866069794,,,0.23054420948028564,2,,,0.11229592561721802,,,,,0.004296424798667431,0.0,0.0,0.053640786558389664,0.01775204762816429,9.901204612106085e-05,0.01914762333035469,,,25549,0.027412550523877144,1.0,0.029157040640711784
0.047392360866069794,,,0.23054420948028564,2,,,0.0014260084135457873,,,,,0.005029113031923771,0.0,0.0,0.04697505384683609,0.016821347177028656,9.900429722620174e-05,0.01914762333035469,,,25599,0.02654796466231346,1.0,0.029157040640711784
0.047392360866069794,,,0.23054420948028564,2,,,0.0014260084135457873,,,,,0.005029113031923771,0.0,0.0,0.04697505384683609,0.016821347177028656,9.900429722620174e-05,0.01914762333035469,,,25649,0.02654796466231346,1.0,0.029157040640711784
0.047392360866069794,,,0.23054420948028564,2,,,0.004181325901299715,,,,,0.00496172159910202,0.0,0.0,0.06998929381370544,0.02990487590432167,9.89965265034698e-05,0.01914762333035469,,,25699,0.041865527629852295,1.0,0.029157040640711784
0.047392360866069794,,,0.23054420948028564,2,,,0.004181325901299715,,,,,0.00496172159910202,0.0,0.0,0.06998929381370544,0.02990487590432167,9.89965265034698e-05,0.01914762333035469,,,25749,0.041865527629852295,1.0,0.029157040640711784
0.047392360866069794,,,0.23054420948028564,2,,,0.0017517070518806577,,,,,0.0055810026824474335,0.0,0.0,0.07198753952980042,0.02207217738032341,9.898871940094978e-05,0.01914762333035469,,,25799,0.034851934760808945,1.0,0.029157040640711784
0.047392360866069794,,,0.23054420948028564,2,,,0.0017517070518806577,,,,,0.0055810026824474335,0.0,0.0,0.07198753952980042,0.02207217738032341,9.898871940094978e-05,0.01914762333035469,,,25849,0.034851934760808945,1.0,0.029157040640711784
0.047392360866069794,,,0.23054420948028564,2,,,0.0011718955356627703,,,,,0.005277317948639393,0.0,0.0,0.06556769460439682,0.012903871946036816,9.898089047055691e-05,0.01914762333035469,,,25899,0.02473795786499977,1.0,0.029157040640711784
0.047392360866069794,,,0.23054420948028564,2,,,0.0011718955356627703,,,,,0.005277317948639393,0.0,0.0,0.06556769460439682,0.012903871946036816,9.898089047055691e-05,0.01914762333035469,,,25949,0.02473795786499977,1.0,0.029157040640711784
0.060928814113140106,,,0.13496896624565125,2,,,0.11237264424562454,,,,,0.004444928374141455,0.0,0.0,0.06985130161046982,0.022771025076508522,9.897302516037598e-05,0.01175709255039692,,,25999,0.034201085567474365,1.0,0.02552100643515587
0.060928814113140106,,,0.13496896624565125,2,,,0.11237264424562454,,,,,0.004444928374141455,0.0,0.0,0.06985130161046982,0.022771025076508522,9.897302516037598e-05,0.01175709255039692,,,26049,0.034201085567474365,1.0,0.02552100643515587
0.060928814113140106,,,0.13496896624565125,2,,,0.0021966914646327496,,,,,0.005210879724472761,0.0,0.0,0.05300076678395271,0.018576623871922493,9.89651307463646e-05,0.01175709255039692,,,26099,0.029087580740451813,1.0,0.02552100643515587
0.060928814113140106,,,0.13496896624565125,2,,,0.0021966914646327496,,,,,0.005210879724472761,0.0,0.0,0.05300076678395271,0.018576623871922493,9.89651307463646e-05,0.01175709255039692,,,26149,0.029087580740451813,1.0,0.02552100643515587
0.060928814113140106,,,0.13496896624565125,2,,,0.001697469619102776,,,,,0.0044007087126374245,0.0,0.0,0.05848260596394539,0.023202599957585335,9.895720722852275e-05,0.01175709255039692,,,26199,0.033451568335294724,1.0,0.02552100643515587
0.060928814113140106,,,0.13496896624565125,2,,,0.001697469619102776,,,,,0.0044007087126374245,0.0,0.0,0.05848260596394539,0.023202599957585335,9.895720722852275e-05,0.01175709255039692,,,26249,0.033451568335294724,1.0,0.02552100643515587
0.060928814113140106,,,0.13496896624565125,2,,,0.0008682749466970563,,,,,0.004747981671243906,0.0,0.0,0.05491846054792404,0.011817475780844688,9.894925460685045e-05,0.01175709255039692,,,26299,0.0220573041588068,1.0,0.02552100643515587
0.060928814113140106,,,0.13496896624565125,2,,,0.0008682749466970563,,,,,0.004747981671243906,0.0,0.0,0.05491846054792404,0.011817475780844688,9.894925460685045e-05,0.01175709255039692,,,26349,0.0220573041588068,1.0,0.02552100643515587
0.060928814113140106,,,0.13496896624565125,2,,,0.0013287647161632776,,,,,0.003587321611121297,0.0,0.0,0.04231789708137512,0.016471754759550095,9.894127288134769e-05,0.01175709255039692,,,26399,0.024290867149829865,1.0,0.02552100643515587
0.060928814113140106,,,0.13496896624565125,2,,,0.0013287647161632776,,,,,0.003587321611121297,0.0,0.0,0.04231789708137512,0.016471754759550095,9.894127288134769e-05,0.01175709255039692,,,26449,0.024290867149829865,1.0,0.02552100643515587
0.07193649560213089,,,0.24999642372131348,2,,,0.16913895308971405,,,,,0.0042998939752578735,0.0,0.0,0.06114169582724571,0.01795302703976631,9.893326205201447e-05,0.032261114567518234,,,26499,0.028367090970277786,1.0,0.0366293303668499
0.07193649560213089,,,0.24999642372131348,2,,,0.16913895308971405,,,,,0.0042998939752578735,0.0,0.0,0.06114169582724571,0.01795302703976631,9.893326205201447e-05,0.032261114567518234,,,26549,0.028367090970277786,1.0,0.0366293303668499
0.07193649560213089,,,0.24999642372131348,2,,,0.0023819177877157927,,,,,0.005775530356913805,0.0,0.0,0.07369719445705414,0.0168016254901886,9.89252221188508e-05,0.032261114567518234,,,26599,0.02994687482714653,1.0,0.0366293303668499
0.07193649560213089,,,0.24999642372131348,2,,,0.0023819177877157927,,,,,0.005775530356913805,0.0,0.0,0.07369719445705414,0.0168016254901886,9.89252221188508e-05,0.032261114567518234,,,26649,0.02994687482714653,1.0,0.0366293303668499
0.07193649560213089,,,0.24999642372131348,2,,,0.0015090885572135448,,,,,0.0049055893905460835,0.0,0.0,0.03997889161109924,0.01423710584640503,9.891714580589905e-05,0.032261114567518234,,,26699,0.02314058504998684,1.0,0.0366293303668499
0.07193649560213089,,,0.24999642372131348,2,,,0.0015090885572135448,,,,,0.0049055893905460835,0.0,0.0,0.03997889161109924,0.01423710584640503,9.891714580589905e-05,0.032261114567518234,,,26749,0.02314058504998684,1.0,0.0366293303668499
0.07193649560213089,,,0.24999642372131348,2,,,0.0012057265266776085,,,,,0.004427862353622913,0.0,0.0,0.05488337576389313,0.017364202067255974,9.890904766507447e-05,0.032261114567518234,,,26799,0.027280401438474655,1.0,0.0366293303668499
0.07193649560213089,,,0.24999642372131348,2,,,0.0012057265266776085,,,,,0.004427862353622913,0.0,0.0,0.05488337576389313,0.017364202067255974,9.890904766507447e-05,0.032261114567518234,,,26849,0.027280401438474655,1.0,0.0366293303668499
0.07193649560213089,,,0.24999642372131348,2,,,0.0010891250567510724,,,,,0.004575732164084911,0.0,0.0,0.048327796161174774,0.015233974903821945,9.890091314446181e-05,0.032261114567518234,,,26899,0.02464248612523079,1.0,0.0366293303668499
0.07193649560213089,,,0.24999642372131348,2,,,0.0010891250567510724,,,,,0.004575732164084911,0.0,0.0,0.048327796161174774,0.015233974903821945,9.890091314446181e-05,0.032261114567518234,,,26949,0.02464248612523079,1.0,0.0366293303668499
0.031928397715091705,,,0.2034037858247757,2,,,0.07448767125606537,,,,,0.00405527837574482,0.0,0.0,0.044245943427085876,0.01754862256348133,9.88927495200187e-05,0.02351400814950466,,,26999,0.026028495281934738,1.0,0.012707008980214596
0.031928397715091705,,,0.2034037858247757,2,,,0.07448767125606537,,,,,0.00405527837574482,0.0,0.0,0.044245943427085876,0.01754862256348133,9.88927495200187e-05,0.02351400814950466,,,27049,0.026028495281934738,1.0,0.012707008980214596
0.031928397715091705,,,0.2034037858247757,2,,,0.0028378150891512632,,,,,0.004450863692909479,0.0,0.0,0.054602980613708496,0.0187219250947237,9.888455679174513e-05,0.02351400814950466,,,27099,0.028633087873458862,1.0,0.012707008980214596
0.031928397715091705,,,0.2034037858247757,2,,,0.0028378150891512632,,,,,0.004450863692909479,0.0,0.0,0.054602980613708496,0.0187219250947237,9.888455679174513e-05,0.02351400814950466,,,27149,0.028633087873458862,1.0,0.012707008980214596
0.031928397715091705,,,0.2034037858247757,2,,,0.0021416302770376205,,,,,0.0041146413423120975,0.0,0.0,0.0558890774846077,0.019245339557528496,9.88763349596411e-05,0.02351400814950466,,,27199,0.028948888182640076,1.0,0.012707008980214596
0.031928397715091705,,,0.2034037858247757,2,,,0.0021416302770376205,,,,,0.0041146413423120975,0.0,0.0,0.0558890774846077,0.019245339557528496,9.88763349596411e-05,0.02351400814950466,,,27249,0.028948888182640076,1.0,0.012707008980214596
0.031928397715091705,,,0.2034037858247757,2,,,0.0012619849294424057,,,,,0.004893922246992588,0.0,0.0,0.04778347164392471,0.01584455370903015,9.886808402370661e-05,0.02351400814950466,,,27299,0.025516822934150696,1.0,0.012707008980214596
0.031928397715091705,,,0.2034037858247757,2,,,0.0012619849294424057,,,,,0.004893922246992588,0.0,0.0,0.04778347164392471,0.01584455370903015,9.886808402370661e-05,0.02351400814950466,,,27349,0.025516822934150696,1.0,0.012707008980214596
0.031928397715091705,,,0.2034037858247757,2,,,0.0016579199582338333,,,,,0.004970215726643801,0.0,0.0,0.05194096267223358,0.012332994490861893,9.885980398394167e-05,0.02351400814950466,,,27399,0.022497307509183884,1.0,0.012707008980214596
0.031928397715091705,,,0.2034037858247757,2,,,0.0016579199582338333,,,,,0.004970215726643801,0.0,0.0,0.05194096267223358,0.012332994490861893,9.885980398394167e-05,0.02351400814950466,,,27449,0.022497307509183884,1.0,0.012707008980214596
0.05213567987084389,,,0.3119620978832245,2,,,0.05862537771463394,,,,,0.005354968830943108,0.0,0.0,0.06337520480155945,0.021852411329746246,9.885149484034628e-05,0.02070043422281742,,,27499,0.03354490175843239,1.0,0.00442513870075345
0.05213567987084389,,,0.3119620978832245,2,,,0.05862537771463394,,,,,0.005354968830943108,0.0,0.0,0.06337520480155945,0.021852411329746246,9.885149484034628e-05,0.02070043422281742,,,27549,0.03354490175843239,1.0,0.00442513870075345
0.05213567987084389,,,0.3119620978832245,2,,,0.0018134465208277106,,,,,0.003787009045481682,0.0,0.0,0.04963865503668785,0.024712465703487396,9.884314931696281e-05,0.02070043422281742,,,27599,0.03346334025263786,1.0,0.00442513870075345
0.05213567987084389,,,0.3119620978832245,2,,,0.0018134465208277106,,,,,0.003787009045481682,0.0,0.0,0.04963865503668785,0.024712465703487396,9.884314931696281e-05,0.02070043422281742,,,27649,0.03346334025263786,1.0,0.00442513870075345
0.05213567987084389,,,0.3119620978832245,2,,,0.0007909428095445037,,,,,0.003767595626413822,0.0,0.0,0.04533524811267853,0.016097867861390114,9.88347819657065e-05,0.02070043422281742,,,27699,0.024398988112807274,1.0,0.00442513870075345
0.05213567987084389,,,0.3119620978832245,2,,,0.0007909428095445037,,,,,0.003767595626413822,0.0,0.0,0.04533524811267853,0.016097867861390114,9.88347819657065e-05,0.02070043422281742,,,27749,0.024398988112807274,1.0,0.00442513870075345
0.05213567987084389,,,0.3119620978832245,2,,,0.003154184203594923,,,,,0.004554367158561945,0.0,0.0,0.06538626551628113,0.023757757619023323,9.882637823466212e-05,0.02070043422281742,,,27799,0.03485075384378433,1.0,0.00442513870075345
0.05213567987084389,,,0.3119620978832245,2,,,0.003154184203594923,,,,,0.004554367158561945,0.0,0.0,0.06538626551628113,0.023757757619023323,9.882637823466212e-05,0.02070043422281742,,,27849,0.03485075384378433,1.0,0.00442513870075345
0.05213567987084389,,,0.3119620978832245,2,,,0.0012247023405507207,,,,,0.004457059316337109,0.0,0.0,0.05589810013771057,0.017131105065345764,9.881795267574489e-05,0.02070043422281742,,,27899,0.027177974581718445,1.0,0.00442513870075345
0.05213567987084389,,,0.3119620978832245,2,,,0.0012247023405507207,,,,,0.004457059316337109,0.0,0.0,0.05589810013771057,0.017131105065345764,9.881795267574489e-05,0.02070043422281742,,,27949,0.027177974581718445,1.0,0.00442513870075345
0.06021770462393761,,,0.20384225249290466,2,,,0.1155034676194191,,,,,0.00536700151860714,0.0,0.0,0.05968449264764786,0.025274960324168205,9.88094907370396e-05,0.010448133572936058,,,27999,0.03661040961742401,1.0,0.03242404758930206
0.06021770462393761,,,0.20384225249290466,2,,,0.1155034676194191,,,,,0.00536700151860714,0.0,0.0,0.05968449264764786,0.025274960324168205,9.88094907370396e-05,0.010448133572936058,,,28049,0.03661040961742401,1.0,0.03242404758930206
0.06021770462393761,,,0.20384225249290466,2,,,0.0018508645007386804,,,,,0.00481455260887742,0.0,0.0,0.0465797521173954,0.021225580945611,9.880099969450384e-05,0.010448133572936058,,,28099,0.030698109418153763,1.0,0.03242404758930206
0.06021770462393761,,,0.20384225249290466,2,,,0.0018508645007386804,,,,,0.00481455260887742,0.0,0.0,0.0465797521173954,0.021225580945611,9.880099969450384e-05,0.010448133572936058,,,28149,0.030698109418153763,1.0,0.03242404758930206
0.06021770462393761,,,0.20384225249290466,2,,,0.001124860835261643,,,,,0.005746398586779833,0.0,0.0,0.07977662980556488,0.017561020329594612,9.879247954813763e-05,0.010448133572936058,,,28199,0.031285084784030914,1.0,0.03242404758930206
0.06021770462393761,,,0.20384225249290466,2,,,0.001124860835261643,,,,,0.005746398586779833,0.0,0.0,0.07977662980556488,0.017561020329594612,9.879247954813763e-05,0.010448133572936058,,,28249,0.031285084784030914,1.0,0.03242404758930206
0.06021770462393761,,,0.20384225249290466,2,,,0.0014699873281642795,,,,,0.005025525111705065,0.0,0.0,0.047946806997060776,0.020756123587489128,9.878393029794097e-05,0.010448133572936058,,,28299,0.030576329678297043,1.0,0.03242404758930206
0.06021770462393761,,,0.20384225249290466,2,,,0.0014699873281642795,,,,,0.005025525111705065,0.0,0.0,0.047946806997060776,0.020756123587489128,9.878393029794097e-05,0.010448133572936058,,,28349,0.030576329678297043,1.0,0.03242404758930206
0.06021770462393761,,,0.20384225249290466,2,,,0.0008682826883159578,,,,,0.004205586854368448,0.0,0.0,0.04237256944179535,0.013515223748981953,9.877535194391385e-05,0.010448133572936058,,,28399,0.021958068013191223,1.0,0.03242404758930206
0.06021770462393761,,,0.20384225249290466,2,,,0.0008682826883159578,,,,,0.004205586854368448,0.0,0.0,0.04237256944179535,0.013515223748981953,9.877535194391385e-05,0.010448133572936058,,,28449,0.021958068013191223,1.0,0.03242404758930206
0.046864453703165054,,,0.32135462760925293,2,,,0.10334697365760803,,,,,0.005250689573585987,0.0,0.0,0.0521090105175972,0.01787850819528103,9.876674448605627e-05,0.016321757808327675,,,28499,0.02834009937942028,1.0,0.032771654427051544
0.046864453703165054,,,0.32135462760925293,2,,,0.10334697365760803,,,,,0.005250689573585987,0.0,0.0,0.0521090105175972,0.01787850819528103,9.876674448605627e-05,0.016321757808327675,,,28549,0.02834009937942028,1.0,0.032771654427051544
0.046864453703165054,,,0.32135462760925293,2,,,0.0013988807331770658,,,,,0.005353348795324564,0.0,0.0,0.06301016360521317,0.01678571105003357,9.875810064841062e-05,0.016321757808327675,,,28599,0.028440076857805252,1.0,0.032771654427051544
0.046864453703165054,,,0.32135462760925293,2,,,0.0013988807331770658,,,,,0.005353348795324564,0.0,0.0,0.06301016360521317,0.01678571105003357,9.875810064841062e-05,0.016321757808327675,,,28649,0.028440076857805252,1.0,0.032771654427051544
0.046864453703165054,,,0.32135462760925293,2,,,0.0014577765250578523,,,,,0.0050997985526919365,0.0,0.0,0.04897839576005936,0.01444897148758173,9.874943498289213e-05,0.016321757808327675,,,28699,0.024446610361337662,1.0,0.032771654427051544
0.046864453703165054,,,0.32135462760925293,2,,,0.0014577765250578523,,,,,0.0050997985526919365,0.0,0.0,0.04897839576005936,0.01444897148758173,9.874943498289213e-05,0.016321757808327675,,,28749,0.024446610361337662,1.0,0.032771654427051544
0.046864453703165054,,,0.32135462760925293,2,,,0.0016158523503690958,,,,,0.005816776305437088,0.0,0.0,0.07250504940748215,0.02174154855310917,9.874073293758556e-05,0.016321757808327675,,,28799,0.03480882942676544,1.0,0.032771654427051544
0.046864453703165054,,,0.32135462760925293,2,,,0.0016158523503690958,,,,,0.005816776305437088,0.0,0.0,0.07250504940748215,0.02174154855310917,9.874073293758556e-05,0.016321757808327675,,,28849,0.03480882942676544,1.0,0.032771654427051544
0.046864453703165054,,,0.32135462760925293,2,,,0.0013122353702783585,,,,,0.0047595608048141,0.0,0.0,0.04149961471557617,0.016228720545768738,9.873200906440616e-05,0.016321757808327675,,,28899,0.025138244032859802,1.0,0.032771654427051544
0.046864453703165054,,,0.32135462760925293,2,,,0.0013122353702783585,,,,,0.0047595608048141,0.0,0.0,0.04149961471557617,0.016228720545768738,9.873200906440616e-05,0.016321757808327675,,,28949,0.025138244032859802,1.0,0.032771654427051544
0.04136501997709274,,,0.16882024705410004,2,,,0.09997214376926422,,,,,0.005625490564852953,0.0,0.0,0.07881172746419907,0.023697368800640106,9.872324881143868e-05,0.02016076073050499,,,28999,0.03720403462648392,1.0,0.0300240870565176
0.04136501997709274,,,0.16882024705410004,2,,,0.09997214376926422,,,,,0.005625490564852953,0.0,0.0,0.07881172746419907,0.023697368800640106,9.872324881143868e-05,0.02016076073050499,,,29049,0.03720403462648392,1.0,0.0300240870565176
0.04136501997709274,,,0.16882024705410004,2,,,0.00226349919103086,,,,,0.004488726146519184,0.0,0.0,0.05797494202852249,0.014677591621875763,9.871445945464075e-05,0.02016076073050499,,,29099,0.02496381103992462,1.0,0.0300240870565176
0.04136501997709274,,,0.16882024705410004,2,,,0.00226349919103086,,,,,0.004488726146519184,0.0,0.0,0.05797494202852249,0.014677591621875763,9.871445945464075e-05,0.02016076073050499,,,29149,0.02496381103992462,1.0,0.0300240870565176
0.04136501997709274,,,0.16882024705410004,2,,,0.0010727985063567758,,,,,0.004360033664852381,0.0,0.0,0.04955187067389488,0.022499721497297287,9.870564826996997e-05,0.02016076073050499,,,29199,0.03181494027376175,1.0,0.0300240870565176
0.04136501997709274,,,0.16882024705410004,2,,,0.0010727985063567758,,,,,0.004360033664852381,0.0,0.0,0.04955187067389488,0.022499721497297287,9.870564826996997e-05,0.02016076073050499,,,29249,0.03181494027376175,1.0,0.0300240870565176
0.04136501997709274,,,0.16882024705410004,2,,,0.002017662627622485,,,,,0.005390041507780552,0.0,0.0,0.05473209172487259,0.019637349992990494,9.869680070551112e-05,0.02016076073050499,,,29299,0.03050060011446476,1.0,0.0300240870565176
0.04136501997709274,,,0.16882024705410004,2,,,0.002017662627622485,,,,,0.005390041507780552,0.0,0.0,0.05473209172487259,0.019637349992990494,9.869680070551112e-05,0.02016076073050499,,,29349,0.03050060011446476,1.0,0.0300240870565176
0.04136501997709274,,,0.16882024705410004,2,,,0.00073511857772246,,,,,0.0048418790102005005,0.0,0.0,0.054393380880355835,0.017597854137420654,9.868792403722182e-05,0.02016076073050499,,,29399,0.02787907049059868,1.0,0.0300240870565176
0.04136501997709274,,,0.16882024705410004,2,,,0.00073511857772246,,,,,0.0048418790102005005,0.0,0.0,0.054393380880355835,0.017597854137420654,9.868792403722182e-05,0.02016076073050499,,,29449,0.02787907049059868,1.0,0.0300240870565176
0.1551709920167923,,,0.4083866775035858,2,,,0.2868950068950653,,,,,0.004722053185105324,0.0,0.0,0.0486050508916378,0.0198479276150465,9.867901098914444e-05,0.034445520490407944,,,29499,0.029430486261844635,1.0,0.2514616847038269
0.1551709920167923,,,0.4083866775035858,2,,,0.2868950068950653,,,,,0.004722053185105324,0.0,0.0,0.0486050508916378,0.0198479276150465,9.867901098914444e-05,0.034445520490407944,,,29549,0.029430486261844635,1.0,0.2514616847038269
0.1551709920167923,,,0.4083866775035858,2,,,0.001466683461330831,,,,,0.005201134365051985,0.0,0.0,0.05482121929526329,0.014650181867182255,9.867007611319423e-05,0.034445520490407944,,,29599,0.02533343806862831,1.0,0.2514616847038269
0.1551709920167923,,,0.4083866775035858,2,,,0.001466683461330831,,,,,0.005201134365051985,0.0,0.0,0.05482121929526329,0.014650181867182255,9.867007611319423e-05,0.034445520490407944,,,29649,0.02533343806862831,1.0,0.2514616847038269
0.1551709920167923,,,0.4083866775035858,2,,,0.0009113325504586101,,,,,0.004166278522461653,0.0,0.0,0.051423072814941406,0.012323528528213501,9.866111213341355e-05,0.034445520490407944,,,29699,0.021632114425301552,1.0,0.2514616847038269
0.1551709920167923,,,0.4083866775035858,2,,,0.0009113325504586101,,,,,0.004166278522461653,0.0,0.0,0.051423072814941406,0.012323528528213501,9.866111213341355e-05,0.034445520490407944,,,29749,0.021632114425301552,1.0,0.2514616847038269
0.1551709920167923,,,0.4083866775035858,2,,,0.0017053789924830198,,,,,0.0033769679721444845,0.0,0.0,0.06762957572937012,0.024390840902924538,9.865211904980242e-05,0.034445520490407944,,,29799,0.03453076630830765,1.0,0.2514616847038269
0.1551709920167923,,,0.4083866775035858,2,,,0.0017053789924830198,,,,,0.0033769679721444845,0.0,0.0,0.06762957572937012,0.024390840902924538,9.865211904980242e-05,0.034445520490407944,,,29849,0.03453076630830765,1.0,0.2514616847038269
0.1551709920167923,,,0.4083866775035858,2,,,0.0036461292766034603,,,,,0.005596171133220196,0.0,0.0,0.06819790601730347,0.024889860302209854,9.864308958640322e-05,0.034445520490407944,,,29899,0.03730582445859909,1.0,0.2514616847038269
0.1551709920167923,,,0.4083866775035858,2,,,0.0036461292766034603,,,,,0.005596171133220196,0.0,0.0,0.06819790601730347,0.024889860302209854,9.864308958640322e-05,0.034445520490407944,,,29949,0.03730582445859909,1.0,0.2514616847038269
0.09977778047323227,,,0.4450449049472809,2,,,0.17327959835529327,,,,,0.00541723845526576,0.0,0.0,0.061275191605091095,0.016027579084038734,9.863403829513118e-05,0.04013443738222122,,,29999,0.02757233753800392,1.0,0.13000956177711487
0.09977778047323227,,,0.4450449049472809,2,,,0.17327959835529327,,,,,0.00541723845526576,0.0,0.0,0.061275191605091095,0.016027579084038734,9.863403829513118e-05,0.04013443738222122,,,30049,0.02757233753800392,1.0,0.13000956177711487
0.09977778047323227,,,0.4450449049472809,2,,,0.0017759233014658093,,,,,0.004601855296641588,0.0,0.0,0.048830512911081314,0.01578686758875847,9.862495062407106e-05,0.04013443738222122,,,30099,0.02527177333831787,1.0,0.13000956177711487
0.09977778047323227,,,0.4450449049472809,2,,,0.0017759233014658093,,,,,0.004601855296641588,0.0,0.0,0.048830512911081314,0.01578686758875847,9.862495062407106e-05,0.04013443738222122,,,30149,0.02527177333831787,1.0,0.13000956177711487
0.09977778047323227,,,0.4450449049472809,2,,,0.0027350797317922115,,,,,0.005118063185364008,0.0,0.0,0.051049020141363144,0.022492866963148117,9.861583384918049e-05,0.04013443738222122,,,30199,0.03271583467721939,1.0,0.13000956177711487
0.09977778047323227,,,0.4450449049472809,2,,,0.0027350797317922115,,,,,0.005118063185364008,0.0,0.0,0.051049020141363144,0.022492866963148117,9.861583384918049e-05,0.04013443738222122,,,30249,0.03271583467721939,1.0,0.13000956177711487
0.09977778047323227,,,0.4450449049472809,2,,,0.0017875718185678124,,,,,0.0034731081686913967,0.0,0.0,0.04954291880130768,0.014823115430772305,9.860668797045946e-05,0.04013443738222122,,,30299,0.0232505165040493,1.0,0.13000956177711487
0.09977778047323227,,,0.4450449049472809,2,,,0.0017875718185678124,,,,,0.0034731081686913967,0.0,0.0,0.04954291880130768,0.014823115430772305,9.860668797045946e-05,0.04013443738222122,,,30349,0.0232505165040493,1.0,0.13000956177711487
0.09977778047323227,,,0.4450449049472809,2,,,0.0025333333760499954,,,,,0.004419384058564901,0.0,0.0,0.04421868175268173,0.015728572383522987,9.859752026386559e-05,0.04013443738222122,,,30399,0.02456982433795929,1.0,0.13000956177711487
0.09977778047323227,,,0.4450449049472809,2,,,0.0025333333760499954,,,,,0.004419384058564901,0.0,0.0,0.04421868175268173,0.015728572383522987,9.859752026386559e-05,0.04013443738222122,,,30449,0.02456982433795929,1.0,0.13000956177711487
0.08492495119571686,,,0.1384740024805069,2,,,0.13618098199367523,,,,,0.005504658445715904,0.0,0.0,0.06301576644182205,0.024075202643871307,9.858831617748365e-05,0.015080290846526623,,,30499,0.03588143736124039,1.0,0.031689345836639404
0.08492495119571686,,,0.1384740024805069,2,,,0.13618098199367523,,,,,0.005504658445715904,0.0,0.0,0.06301576644182205,0.024075202643871307,9.858831617748365e-05,0.015080290846526623,,,30549,0.03588143736124039,1.0,0.031689345836639404
0.08492495119571686,,,0.1384740024805069,2,,,0.0018979512387886643,,,,,0.004595410544425249,0.0,0.0,0.032617177814245224,0.016545290127396584,9.857908298727125e-05,0.015080290846526623,,,30599,0.024402417242527008,1.0,0.031689345836639404
0.08492495119571686,,,0.1384740024805069,2,,,0.0018979512387886643,,,,,0.004595410544425249,0.0,0.0,0.032617177814245224,0.016545290127396584,9.857908298727125e-05,0.015080290846526623,,,30649,0.024402417242527008,1.0,0.031689345836639404
0.08492495119571686,,,0.1384740024805069,2,,,0.00186724285595119,,,,,0.00493445573374629,0.0,0.0,0.04337525740265846,0.021334273740649223,9.85698206932284e-05,0.015080290846526623,,,30699,0.030606254935264587,1.0,0.031689345836639404
0.08492495119571686,,,0.1384740024805069,2,,,0.00186724285595119,,,,,0.00493445573374629,0.0,0.0,0.04337525740265846,0.021334273740649223,9.85698206932284e-05,0.015080290846526623,,,30749,0.030606254935264587,1.0,0.031689345836639404
0.08492495119571686,,,0.1384740024805069,2,,,0.002955581294372678,,,,,0.0053994376212358475,0.0,0.0,0.06120659410953522,0.01770676299929619,9.856052201939747e-05,0.015080290846526623,,,30799,0.029226860031485558,1.0,0.031689345836639404
0.08492495119571686,,,0.1384740024805069,2,,,0.002955581294372678,,,,,0.0053994376212358475,0.0,0.0,0.06120659410953522,0.01770676299929619,9.856052201939747e-05,0.015080290846526623,,,30849,0.029226860031485558,1.0,0.031689345836639404
0.08492495119571686,,,0.1384740024805069,2,,,0.0012359889224171638,,,,,0.004156933631747961,0.0,0.0,0.047167547047138214,0.020113030448555946,9.85512015176937e-05,0.015080290846526623,,,30899,0.028986718505620956,1.0,0.031689345836639404
0.08492495119571686,,,0.1384740024805069,2,,,0.0012359889224171638,,,,,0.004156933631747961,0.0,0.0,0.047167547047138214,0.020113030448555946,9.85512015176937e-05,0.015080290846526623,,,30949,0.028986718505620956,1.0,0.031689345836639404
0.030261728912591934,,,0.24934712052345276,2,,,0.08616694062948227,,,,,0.004421655088663101,0.0,0.0,0.05628781393170357,0.02354121394455433,9.854185191215947e-05,0.012198486365377903,,,30999,0.03359165042638779,1.0,0.03914794698357582
0.030261728912591934,,,0.24934712052345276,2,,,0.08616694062948227,,,,,0.004421655088663101,0.0,0.0,0.05628781393170357,0.02354121394455433,9.854185191215947e-05,0.012198486365377903,,,31049,0.03359165042638779,1.0,0.03914794698357582
0.030261728912591934,,,0.24934712052345276,2,,,0.001287612016312778,,,,,0.003482790431007743,0.0,0.0,0.05746026337146759,0.01492838654667139,9.853246592683718e-05,0.012198486365377903,,,31099,0.02415720373392105,1.0,0.03914794698357582
0.030261728912591934,,,0.24934712052345276,2,,,0.001287612016312778,,,,,0.003482790431007743,0.0,0.0,0.05746026337146759,0.01492838654667139,9.853246592683718e-05,0.012198486365377903,,,31149,0.02415720373392105,1.0,0.03914794698357582
0.030261728912591934,,,0.24934712052345276,2,,,0.0021699892822653055,,,,,0.004562923684716225,0.0,0.0,0.06790833920240402,0.02313918061554432,9.852305811364204e-05,0.012198486365377903,,,31199,0.034492939710617065,1.0,0.03914794698357582
0.030261728912591934,,,0.24934712052345276,2,,,0.0021699892822653055,,,,,0.004562923684716225,0.0,0.0,0.06790833920240402,0.02313918061554432,9.852305811364204e-05,0.012198486365377903,,,31249,0.034492939710617065,1.0,0.03914794698357582
0.030261728912591934,,,0.24934712052345276,2,,,0.0016559814102947712,,,,,0.004191403742879629,0.0,0.0,0.04584576189517975,0.020618759095668793,9.851361392065883e-05,0.012198486365377903,,,31299,0.029394738376140594,1.0,0.03914794698357582
0.030261728912591934,,,0.24934712052345276,2,,,0.0016559814102947712,,,,,0.004191403742879629,0.0,0.0,0.04584576189517975,0.020618759095668793,9.851361392065883e-05,0.012198486365377903,,,31349,0.029394738376140594,1.0,0.03914794698357582
0.030261728912591934,,,0.24934712052345276,2,,,0.002349692862480879,,,,,0.005215223412960768,0.0,0.0,0.05251908302307129,0.016996562480926514,9.850414789980277e-05,0.012198486365377903,,,31399,0.027463693171739578,1.0,0.03914794698357582
0.030261728912591934,,,0.24934712052345276,2,,,0.002349692862480879,,,,,0.005215223412960768,0.0,0.0,0.05251908302307129,0.016996562480926514,9.850414789980277e-05,0.012198486365377903,,,31449,0.027463693171739578,1.0,0.03914794698357582
0.07519489526748657,,,0.21296074986457825,2,,,0.22680439054965973,,,,,0.003524267813190818,0.0,0.0,0.044513653963804245,0.014925584197044373,9.849464549915865e-05,0.02940693497657776,,,31499,0.022901218384504318,1.0,0.03469153493642807
0.07519489526748657,,,0.21296074986457825,2,,,0.22680439054965973,,,,,0.003524267813190818,0.0,0.0,0.044513653963804245,0.014925584197044373,9.849464549915865e-05,0.02940693497657776,,,31549,0.022901218384504318,1.0,0.03469153493642807
0.07519489526748657,,,0.21296074986457825,2,,,0.003104056231677532,,,,,0.0056173354387283325,0.0,0.0,0.07018068432807922,0.02690640278160572,9.848511399468407e-05,0.02940693497657776,,,31599,0.039541807025671005,1.0,0.03469153493642807
0.07519489526748657,,,0.21296074986457825,2,,,0.003104056231677532,,,,,0.0056173354387283325,0.0,0.0,0.07018068432807922,0.02690640278160572,9.848511399468407e-05,0.02940693497657776,,,31649,0.039541807025671005,1.0,0.03469153493642807
0.07519489526748657,,,0.21296074986457825,2,,,0.0018011212814599276,,,,,0.0052590323612093925,0.0,0.0,0.05380740389227867,0.020980006083846092,9.847556066233665e-05,0.02940693497657776,,,31699,0.031619779765605927,1.0,0.03469153493642807
0.07519489526748657,,,0.21296074986457825,2,,,0.0018011212814599276,,,,,0.0052590323612093925,0.0,0.0,0.05380740389227867,0.020980006083846092,9.847556066233665e-05,0.02940693497657776,,,31749,0.031619779765605927,1.0,0.03469153493642807
0.07519489526748657,,,0.21296074986457825,2,,,0.001445835456252098,,,,,0.004118438344448805,0.0,0.0,0.06292229145765305,0.024320075288414955,9.846597095020115e-05,0.02940693497657776,,,31799,0.03473074361681938,1.0,0.03469153493642807
0.07519489526748657,,,0.21296074986457825,2,,,0.001445835456252098,,,,,0.004118438344448805,0.0,0.0,0.06292229145765305,0.024320075288414955,9.846597095020115e-05,0.02940693497657776,,,31849,0.03473074361681938,1.0,0.03469153493642807
0.07519489526748657,,,0.21296074986457825,2,,,0.0019249304896220565,,,,,0.005546578671783209,0.0,0.0,0.06288526952266693,0.019543763250112534,9.84563521342352e-05,0.02940693497657776,,,31899,0.03137886896729469,1.0,0.03469153493642807
0.07519489526748657,,,0.21296074986457825,2,,,0.0019249304896220565,,,,,0.005546578671783209,0.0,0.0,0.06288526952266693,0.019543763250112534,9.84563521342352e-05,0.02940693497657776,,,31949,0.03137886896729469,1.0,0.03469153493642807
0.170729398727417,,,0.5924978852272034,2,,,0.25255250930786133,,,,,0.0053036632016301155,0.0,0.0,0.05613153427839279,0.026254495605826378,9.84467042144388e-05,0.06982492655515671,,,31999,0.03717131167650223,1.0,0.19866988062858582
0.170729398727417,,,0.5924978852272034,2,,,0.25255250930786133,,,,,0.0053036632016301155,0.0,0.0,0.05613153427839279,0.026254495605826378,9.84467042144388e-05,0.06982492655515671,,,32049,0.03717131167650223,1.0,0.19866988062858582
0.170729398727417,,,0.5924978852272034,2,,,0.001165581401437521,,,,,0.0037297355011105537,0.0,0.0,0.04127345234155655,0.015213572420179844,9.843702719081193e-05,0.06982492655515671,,,32099,0.023070652037858963,1.0,0.19866988062858582
0.170729398727417,,,0.5924978852272034,2,,,0.001165581401437521,,,,,0.0037297355011105537,0.0,0.0,0.04127345234155655,0.015213572420179844,9.843702719081193e-05,0.06982492655515671,,,32149,0.023070652037858963,1.0,0.19866988062858582
0.170729398727417,,,0.5924978852272034,2,,,0.0008182174060493708,,,,,0.004888646770268679,0.0,0.0,0.04480459541082382,0.013582024723291397,9.842732106335461e-05,0.06982492655515671,,,32199,0.02295113168656826,1.0,0.19866988062858582
0.170729398727417,,,0.5924978852272034,2,,,0.0008182174060493708,,,,,0.004888646770268679,0.0,0.0,0.04480459541082382,0.013582024723291397,9.842732106335461e-05,0.06982492655515671,,,32249,0.02295113168656826,1.0,0.19866988062858582
0.170729398727417,,,0.5924978852272034,2,,,0.0014959548134356737,,,,,0.004868484567850828,0.0,0.0,0.041075654327869415,0.011017698794603348,9.841757855610922e-05,0.06982492655515671,,,32299,0.019993748515844345,1.0,0.19866988062858582
0.170729398727417,,,0.5924978852272034,2,,,0.0014959548134356737,,,,,0.004868484567850828,0.0,0.0,0.041075654327869415,0.011017698794603348,9.841757855610922e-05,0.06982492655515671,,,32349,0.019993748515844345,1.0,0.19866988062858582
0.170729398727417,,,0.5924978852272034,2,,,0.0011115898378193378,,,,,0.0054041375406086445,0.0,0.0,0.057520195841789246,0.02181694656610489,9.840781422099099e-05,0.06982492655515671,,,32399,0.03297310322523117,1.0,0.19866988062858582
0.170729398727417,,,0.5924978852272034,2,,,0.0011115898378193378,,,,,0.0054041375406086445,0.0,0.0,0.057520195841789246,0.02181694656610489,9.840781422099099e-05,0.06982492655515671,,,32449,0.03297310322523117,1.0,0.19866988062858582
0.04893467575311661,,,0.2217559963464737,2,,,0.14814701676368713,,,,,0.004727013409137726,0.0,0.0,0.08288098871707916,0.024490170180797577,9.83980207820423e-05,0.018057042732834816,,,32499,0.03750528395175934,1.0,0.03833135589957237
0.04893467575311661,,,0.2217559963464737,2,,,0.14814701676368713,,,,,0.004727013409137726,0.0,0.0,0.08288098871707916,0.024490170180797577,9.83980207820423e-05,0.018057042732834816,,,32549,0.03750528395175934,1.0,0.03833135589957237
0.04893467575311661,,,0.2217559963464737,2,,,0.0010835160501301289,,,,,0.00460204528644681,0.0,0.0,0.05352519080042839,0.013450095430016518,9.838819096330553e-05,0.018057042732834816,,,32599,0.02340465970337391,1.0,0.03833135589957237
0.04893467575311661,,,0.2217559963464737,2,,,0.0010835160501301289,,,,,0.00460204528644681,0.0,0.0,0.05352519080042839,0.013450095430016518,9.838819096330553e-05,0.018057042732834816,,,32649,0.02340465970337391,1.0,0.03833135589957237
0.04893467575311661,,,0.2217559963464737,2,,,0.0016952005680650473,,,,,0.004712044261395931,0.0,0.0,0.056936390697956085,0.022188352420926094,9.837833931669593e-05,0.018057042732834816,,,32699,0.03259403631091118,1.0,0.03833135589957237
0.04893467575311661,,,0.2217559963464737,2,,,0.0016952005680650473,,,,,0.004712044261395931,0.0,0.0,0.056936390697956085,0.022188352420926094,9.837833931669593e-05,0.018057042732834816,,,32749,0.03259403631091118,1.0,0.03833135589957237
0.04893467575311661,,,0.2217559963464737,2,,,0.0013437102315947413,,,,,0.004133540205657482,0.0,0.0,0.04193701595067978,0.01722491718828678,9.836845856625587e-05,0.018057042732834816,,,32799,0.025552159175276756,1.0,0.03833135589957237
0.04893467575311661,,,0.2217559963464737,2,,,0.0013437102315947413,,,,,0.004133540205657482,0.0,0.0,0.04193701595067978,0.01722491718828678,9.836845856625587e-05,0.018057042732834816,,,32849,0.025552159175276756,1.0,0.03833135589957237
0.04893467575311661,,,0.2217559963464737,2,,,0.001739257713779807,,,,,0.0041482397355139256,0.0,0.0,0.04867718368768692,0.0189677644520998,9.835854143602774e-05,0.018057042732834816,,,32899,0.02798372320830822,1.0,0.03833135589957237
0.04893467575311661,,,0.2217559963464737,2,,,0.001739257713779807,,,,,0.0041482397355139256,0.0,0.0,0.04867718368768692,0.0189677644520998,9.835854143602774e-05,0.018057042732834816,,,32949,0.02798372320830822,1.0,0.03833135589957237
0.047422345727682114,,,0.23207153379917145,2,,,0.0960102453827858,,,,,0.004262630362063646,0.0,0.0,0.06193876266479492,0.025421317666769028,9.834859520196915e-05,0.012678064405918121,,,32999,0.03587782382965088,1.0,0.037976596504449844
0.047422345727682114,,,0.23207153379917145,2,,,0.0960102453827858,,,,,0.004262630362063646,0.0,0.0,0.06193876266479492,0.025421317666769028,9.834859520196915e-05,0.012678064405918121,,,33049,0.03587782382965088,1.0,0.037976596504449844
0.047422345727682114,,,0.23207153379917145,2,,,0.003078002482652664,,,,,0.005294350907206535,0.0,0.0,0.07945418357849121,0.04228935018181801,9.833862714003772e-05,0.012678064405918121,,,33099,0.055529117584228516,1.0,0.037976596504449844
0.047422345727682114,,,0.23207153379917145,2,,,0.003078002482652664,,,,,0.005294350907206535,0.0,0.0,0.07945418357849121,0.04228935018181801,9.833862714003772e-05,0.012678064405918121,,,33149,0.055529117584228516,1.0,0.037976596504449844
0.047422345727682114,,,0.23207153379917145,2,,,0.001846442581154406,,,,,0.00516629870980978,0.0,0.0,0.049288153648376465,0.02041516825556755,9.832862269831821e-05,0.012678064405918121,,,33199,0.030510282143950462,1.0,0.037976596504449844
0.047422345727682114,,,0.23207153379917145,2,,,0.001846442581154406,,,,,0.00516629870980978,0.0,0.0,0.049288153648376465,0.02041516825556755,9.832862269831821e-05,0.012678064405918121,,,33249,0.030510282143950462,1.0,0.037976596504449844
0.047422345727682114,,,0.23207153379917145,2,,,0.0011675235582515597,,,,,0.0052159735932946205,0.0,0.0,0.05798730254173279,0.015240822918713093,9.831858915276825e-05,0.012678064405918121,,,33299,0.026255525648593903,1.0,0.037976596504449844
0.047422345727682114,,,0.23207153379917145,2,,,0.0011675235582515597,,,,,0.0052159735932946205,0.0,0.0,0.05798730254173279,0.015240822918713093,9.831858915276825e-05,0.012678064405918121,,,33349,0.026255525648593903,1.0,0.037976596504449844
0.047422345727682114,,,0.23207153379917145,2,,,0.001550051150843501,,,,,0.004042742773890495,0.0,0.0,0.052423276007175446,0.01731283962726593,9.830852650338784e-05,0.012678064405918121,,,33399,0.02659790962934494,1.0,0.037976596504449844
0.047422345727682114,,,0.23207153379917145,2,,,0.001550051150843501,,,,,0.004042742773890495,0.0,0.0,0.052423276007175446,0.01731283962726593,9.830852650338784e-05,0.012678064405918121,,,33449,0.02659790962934494,1.0,0.037976596504449844
0.07025771588087082,,,0.23295284807682037,2,,,0.11104734987020493,,,,,0.0050400118343532085,0.0,0.0,0.04568946361541748,0.017027411609888077,9.829843475017697e-05,0.021568095311522484,,,33499,0.02663636952638626,1.0,0.05619634687900543
0.07025771588087082,,,0.23295284807682037,2,,,0.11104734987020493,,,,,0.0050400118343532085,0.0,0.0,0.04568946361541748,0.017027411609888077,9.829843475017697e-05,0.021568095311522484,,,33549,0.02663636952638626,1.0,0.05619634687900543
0.07025771588087082,,,0.23295284807682037,2,,,0.0017548635369166732,,,,,0.003280047792941332,0.0,0.0,0.05348769575357437,0.014667676761746407,9.828831389313564e-05,0.021568095311522484,,,33599,0.023296494036912918,1.0,0.05619634687900543
0.07025771588087082,,,0.23295284807682037,2,,,0.0017548635369166732,,,,,0.003280047792941332,0.0,0.0,0.05348769575357437,0.014667676761746407,9.828831389313564e-05,0.021568095311522484,,,33649,0.023296494036912918,1.0,0.05619634687900543
0.07025771588087082,,,0.23295284807682037,2,,,0.0017463125986978412,,,,,0.004448224324733019,0.0,0.0,0.08118201792240143,0.024491094052791595,9.827816393226385e-05,0.021568095311522484,,,33699,0.03705751895904541,1.0,0.05619634687900543
0.07025771588087082,,,0.23295284807682037,2,,,0.0017463125986978412,,,,,0.004448224324733019,0.0,0.0,0.08118201792240143,0.024491094052791595,9.827816393226385e-05,0.021568095311522484,,,33749,0.03705751895904541,1.0,0.05619634687900543
0.07025771588087082,,,0.23295284807682037,2,,,0.0019310250645503402,,,,,0.004659868311136961,0.0,0.0,0.05041186511516571,0.019504889845848083,9.826798486756161e-05,0.021568095311522484,,,33799,0.029205944389104843,1.0,0.05619634687900543
0.07025771588087082,,,0.23295284807682037,2,,,0.0019310250645503402,,,,,0.004659868311136961,0.0,0.0,0.05041186511516571,0.019504889845848083,9.826798486756161e-05,0.021568095311522484,,,33849,0.029205944389104843,1.0,0.05619634687900543
0.07025771588087082,,,0.23295284807682037,2,,,0.0011210415977984667,,,,,0.004402832593768835,0.0,0.0,0.043648455291986465,0.015928640961647034,9.825777669902891e-05,0.021568095311522484,,,33899,0.024696320295333862,1.0,0.05619634687900543
0.07025771588087082,,,0.23295284807682037,2,,,0.0011210415977984667,,,,,0.004402832593768835,0.0,0.0,0.043648455291986465,0.015928640961647034,9.825777669902891e-05,0.021568095311522484,,,33949,0.024696320295333862,1.0,0.05619634687900543
0.09561105817556381,,,0.22377553582191467,2,,,0.2201683521270752,,,,,0.004519693553447723,0.0,0.0,0.06274807453155518,0.020457252860069275,9.824753942666575e-05,0.021606849506497383,,,33999,0.031251754611730576,1.0,0.06034327298402786
0.09561105817556381,,,0.22377553582191467,2,,,0.2201683521270752,,,,,0.004519693553447723,0.0,0.0,0.06274807453155518,0.020457252860069275,9.824753942666575e-05,0.021606849506497383,,,34049,0.031251754611730576,1.0,0.06034327298402786
0.09561105817556381,,,0.22377553582191467,2,,,0.0011709723621606827,,,,,0.004886925220489502,0.0,0.0,0.05871414393186569,0.01862608827650547,9.823727305047214e-05,0.021606849506497383,,,34099,0.0293844286352396,1.0,0.06034327298402786
0.09561105817556381,,,0.22377553582191467,2,,,0.0011709723621606827,,,,,0.004886925220489502,0.0,0.0,0.05871414393186569,0.01862608827650547,9.823727305047214e-05,0.021606849506497383,,,34149,0.0293844286352396,1.0,0.06034327298402786
0.09561105817556381,,,0.22377553582191467,2,,,0.0008226073114201427,,,,,0.004120620433241129,0.0,0.0,0.044819384813308716,0.013991515152156353,9.822697757044807e-05,0.021606849506497383,,,34199,0.02259407564997673,1.0,0.06034327298402786
0.09561105817556381,,,0.22377553582191467,2,,,0.0008226073114201427,,,,,0.004120620433241129,0.0,0.0,0.044819384813308716,0.013991515152156353,9.822697757044807e-05,0.021606849506497383,,,34249,0.02259407564997673,1.0,0.06034327298402786
0.09561105817556381,,,0.22377553582191467,2,,,0.0012876479886472225,,,,,0.004704758524894714,0.0,0.0,0.051816754043102264,0.018327534198760986,9.821664571063593e-05,0.021606849506497383,,,34299,0.028213968500494957,1.0,0.06034327298402786
0.09561105817556381,,,0.22377553582191467,2,,,0.0012876479886472225,,,,,0.004704758524894714,0.0,0.0,0.051816754043102264,0.018327534198760986,9.821664571063593e-05,0.021606849506497383,,,34349,0.028213968500494957,1.0,0.06034327298402786
0.09561105817556381,,,0.22377553582191467,2,,,0.0015002647414803505,,,,,0.005418089218437672,0.0,0.0,0.06081428378820419,0.02529616840183735,9.820629202295095e-05,0.021606849506497383,,,34399,0.036795686930418015,1.0,0.06034327298402786
0.09561105817556381,,,0.22377553582191467,2,,,0.0015002647414803505,,,,,0.005418089218437672,0.0,0.0,0.06081428378820419,0.02529616840183735,9.820629202295095e-05,0.021606849506497383,,,34449,0.036795686930418015,1.0,0.06034327298402786
0.05534861609339714,,,0.17992003262043,2,,,0.15130047500133514,,,,,0.004733913578093052,0.0,0.0,0.06735990941524506,0.023556407541036606,9.819590923143551e-05,0.02040179632604122,,,34499,0.03502631187438965,1.0,0.0928710475564003
0.05534861609339714,,,0.17992003262043,2,,,0.15130047500133514,,,,,0.004733913578093052,0.0,0.0,0.06735990941524506,0.023556407541036606,9.819590923143551e-05,0.02040179632604122,,,34549,0.03502631187438965,1.0,0.0928710475564003
0.05534861609339714,,,0.17992003262043,2,,,0.002486275276169181,,,,,0.005400240421295166,0.0,0.0,0.06720253825187683,0.017371246591210365,9.8185490060132e-05,0.02040179632604122,,,34599,0.029491741210222244,1.0,0.0928710475564003
0.05534861609339714,,,0.17992003262043,2,,,0.002486275276169181,,,,,0.005400240421295166,0.0,0.0,0.06720253825187683,0.017371246591210365,9.8185490060132e-05,0.02040179632604122,,,34649,0.029491741210222244,1.0,0.0928710475564003
0.05534861609339714,,,0.17992003262043,2,,,0.0033876169472932816,,,,,0.004245292861014605,0.0,0.0,0.05371684953570366,0.02243991568684578,9.817504906095564e-05,0.02040179632604122,,,34699,0.03205689415335655,1.0,0.0928710475564003
0.05534861609339714,,,0.17992003262043,2,,,0.0033876169472932816,,,,,0.004245292861014605,0.0,0.0,0.05371684953570366,0.02243991568684578,9.817504906095564e-05,0.02040179632604122,,,34749,0.03205689415335655,1.0,0.0928710475564003
0.05534861609339714,,,0.17992003262043,2,,,0.002943526953458786,,,,,0.004738306161016226,0.0,0.0,0.05034617334604263,0.021150166168808937,9.816457168199122e-05,0.02040179632604122,,,34799,0.030923090875148773,1.0,0.0928710475564003
0.05534861609339714,,,0.17992003262043,2,,,0.002943526953458786,,,,,0.004738306161016226,0.0,0.0,0.05034617334604263,0.021150166168808937,9.816457168199122e-05,0.02040179632604122,,,34849,0.030923090875148773,1.0,0.0928710475564003
0.05534861609339714,,,0.17992003262043,2,,,0.0012137090088799596,,,,,0.004113063216209412,0.0,0.0,0.03633823245763779,0.016491657122969627,9.815407247515395e-05,0.02040179632604122,,,34899,0.024238543584942818,1.0,0.0928710475564003
0.05534861609339714,,,0.17992003262043,2,,,0.0012137090088799596,,,,,0.004113063216209412,0.0,0.0,0.03633823245763779,0.016491657122969627,9.815407247515395e-05,0.02040179632604122,,,34949,0.024238543584942818,1.0,0.0928710475564003
0.037780068814754486,,,0.2620130479335785,2,,,0.08417321741580963,,,,,0.004457379225641489,0.0,0.0,0.044311076402664185,0.017806176096200943,9.814353688852862e-05,0.019114330410957336,,,34999,0.026694662868976593,1.0,0.024372801184654236
0.037780068814754486,,,0.2620130479335785,2,,,0.08417321741580963,,,,,0.004457379225641489,0.0,0.0,0.044311076402664185,0.017806176096200943,9.814353688852862e-05,0.019114330410957336,,,35049,0.026694662868976593,1.0,0.024372801184654236
0.037780068814754486,,,0.2620130479335785,2,,,0.0028859241865575314,,,,,0.005694178864359856,0.0,0.0,0.06729566305875778,0.02275976538658142,9.813297947403044e-05,0.019114330410957336,,,35099,0.035183511674404144,1.0,0.024372801184654236
0.037780068814754486,,,0.2620130479335785,2,,,0.0028859241865575314,,,,,0.005694178864359856,0.0,0.0,0.06729566305875778,0.02275976538658142,9.813297947403044e-05,0.019114330410957336,,,35149,0.035183511674404144,1.0,0.024372801184654236
0.037780068814754486,,,0.2620130479335785,2,,,0.0016699974657967687,,,,,0.005054454319179058,0.0,0.0,0.06607986241579056,0.013973592780530453,9.812238567974418e-05,0.019114330410957336,,,35199,0.025636032223701477,1.0,0.024372801184654236
0.037780068814754486,,,0.2620130479335785,2,,,0.0016699974657967687,,,,,0.005054454319179058,0.0,0.0,0.06607986241579056,0.013973592780530453,9.812238567974418e-05,0.019114330410957336,,,35249,0.025636032223701477,1.0,0.024372801184654236
0.037780068814754486,,,0.2620130479335785,2,,,0.0009830768685787916,,,,,0.004965520463883877,0.0,0.0,0.05279241129755974,0.014109376817941666,9.811176278162748e-05,0.019114330410957336,,,35299,0.02435413748025894,1.0,0.024372801184654236
0.037780068814754486,,,0.2620130479335785,2,,,0.0009830768685787916,,,,,0.004965520463883877,0.0,0.0,0.05279241129755974,0.014109376817941666,9.811176278162748e-05,0.019114330410957336,,,35349,0.02435413748025894,1.0,0.024372801184654236
0.037780068814754486,,,0.2620130479335785,2,,,0.0009602833888493478,,,,,0.004110881593078375,0.0,0.0,0.04244939237833023,0.0164389219135046,9.810111805563793e-05,0.019114330410957336,,,35399,0.024794742465019226,1.0,0.024372801184654236
0.037780068814754486,,,0.2620130479335785,2,,,0.0009602833888493478,,,,,0.004110881593078375,0.0,0.0,0.04244939237833023,0.0164389219135046,9.810111805563793e-05,0.019114330410957336,,,35449,0.024794742465019226,1.0,0.024372801184654236
0.036755938082933426,,,0.4267481565475464,2,,,0.10952646285295486,,,,,0.0042357174679636955,0.0,0.0,0.0525679737329483,0.01461485680192709,9.80904369498603e-05,0.030729038640856743,,,35499,0.024107370525598526,1.0,0.04006853699684143
0.036755938082933426,,,0.4267481565475464,2,,,0.10952646285295486,,,,,0.0042357174679636955,0.0,0.0,0.0525679737329483,0.01461485680192709,9.80904369498603e-05,0.030729038640856743,,,35549,0.024107370525598526,1.0,0.04006853699684143
0.036755938082933426,,,0.4267481565475464,2,,,0.005102598574012518,,,,,0.005802000407129526,0.0,0.0,0.08244428038597107,0.030605852603912354,9.807972674025223e-05,0.030729038640856743,,,35599,0.04465228319168091,1.0,0.04006853699684143
0.036755938082933426,,,0.4267481565475464,2,,,0.005102598574012518,,,,,0.005802000407129526,0.0,0.0,0.08244428038597107,0.030605852603912354,9.807972674025223e-05,0.030729038640856743,,,35649,0.04465228319168091,1.0,0.04006853699684143
0.036755938082933426,,,0.4267481565475464,2,,,0.0008549010381102562,,,,,0.005221738945692778,0.0,0.0,0.05346861481666565,0.015781821683049202,9.806898742681369e-05,0.030729038640856743,,,35699,0.026350421831011772,1.0,0.04006853699684143
0.036755938082933426,,,0.4267481565475464,2,,,0.0008549010381102562,,,,,0.005221738945692778,0.0,0.0,0.05346861481666565,0.015781821683049202,9.806898742681369e-05,0.030729038640856743,,,35749,0.026350421831011772,1.0,0.04006853699684143
0.036755938082933426,,,0.4267481565475464,2,,,0.0021966786589473486,,,,,0.004399904981255531,0.0,0.0,0.05157562345266342,0.01641276478767395,9.80582190095447e-05,0.030729038640856743,,,35799,0.025970231741666794,1.0,0.04006853699684143
0.036755938082933426,,,0.4267481565475464,2,,,0.0021966786589473486,,,,,0.004399904981255531,0.0,0.0,0.05157562345266342,0.01641276478767395,9.80582190095447e-05,0.030729038640856743,,,35849,0.025970231741666794,1.0,0.04006853699684143
0.036755938082933426,,,0.4267481565475464,2,,,0.001044852426275611,,,,,0.005088920705020428,0.0,0.0,0.04883994907140732,0.014794283546507359,9.804742148844525e-05,0.030729038640856743,,,35899,0.0247671976685524,1.0,0.04006853699684143
0.036755938082933426,,,0.4267481565475464,2,,,0.001044852426275611,,,,,0.005088920705020428,0.0,0.0,0.04883994907140732,0.014794283546507359,9.804742148844525e-05,0.030729038640856743,,,35949,0.0247671976685524,1.0,0.04006853699684143
0.05903947725892067,,,0.17780610918998718,2,,,0.08420537412166595,,,,,0.0039515746757388115,0.0,0.0,0.07052145898342133,0.02380073256790638,9.803659486351535e-05,0.013236837461590767,,,35999,0.03480445221066475,1.0,0.07462479919195175
0.05903947725892067,,,0.17780610918998718,2,,,0.08420537412166595,,,,,0.0039515746757388115,0.0,0.0,0.07052145898342133,0.02380073256790638,9.803659486351535e-05,0.013236837461590767,,,36049,0.03480445221066475,1.0,0.07462479919195175
0.05903947725892067,,,0.17780610918998718,2,,,0.0012687697308138013,,,,,0.004369072150439024,0.0,0.0,0.06001091003417969,0.022416088730096817,9.802573913475499e-05,0.013236837461590767,,,36099,0.03278625011444092,1.0,0.07462479919195175
,23.555330276489258,25.277698516845703,,2,14.40047836303711,6.951114654541016,,36120.0,19.458393096923828,0.1789647489786148,-0.11272948235273361,,,,,,,,32.22881317138672,0.9858038425445557,36119,,,
,,,,3,,,0.002557463012635708,,,,,0.005397364031523466,0.0,0.0,0.057953130453825,0.02580367960035801,9.802139538805932e-05,,,,36149,0.03699635714292526,1.0,
,,,,3,,,0.002557463012635708,,,,,0.005397364031523466,0.0,0.0,0.057953130453825,0.02580367960035801,9.802139538805932e-05,,,,36199,0.03699635714292526,1.0,
,,,,3,,,0.0027411209885030985,,,,,0.004077941179275513,0.0,0.0,0.04296077787876129,0.019807830452919006,9.801049600355327e-05,,,,36249,0.02818184904754162,1.0,
,,,,3,,,0.0027411209885030985,,,,,0.004077941179275513,0.0,0.0,0.04296077787876129,0.019807830452919006,9.801049600355327e-05,,,,36299,0.02818184904754162,1.0,
,,,,3,,,0.0019546677358448505,,,,,0.00509917177259922,0.0,0.0,0.05331258475780487,0.021642405539751053,9.799956751521677e-05,,,,36349,0.03207283467054367,1.0,
,,,,3,,,0.0019546677358448505,,,,,0.00509917177259922,0.0,0.0,0.05331258475780487,0.021642405539751053,9.799956751521677e-05,,,,36399,0.03207283467054367,1.0,
,,,,3,,,0.001821210258640349,,,,,0.0049591464921832085,0.0,0.0,0.06757743656635284,0.023684725165367126,9.798861719900742e-05,,,,36449,0.035401616245508194,1.0,
0.12342648208141327,,,0.3097270727157593,3,,,0.2397240847349167,,,,,0.0049591464921832085,0.0,0.0,0.06757743656635284,0.023684725165367126,9.798861719900742e-05,0.02786480262875557,,,36499,0.035401616245508194,1.0,0.12779070436954498
0.12342648208141327,,,0.3097270727157593,3,,,0.0009751804755069315,,,,,0.004798948299139738,0.0,0.0,0.061951685696840286,0.02199508622288704,9.797763050301e-05,0.02786480262875557,,,36549,0.03298920392990112,1.0,0.12779070436954498
0.12342648208141327,,,0.3097270727157593,3,,,0.0009751804755069315,,,,,0.004798948299139738,0.0,0.0,0.061951685696840286,0.02199508622288704,9.797763050301e-05,0.02786480262875557,,,36599,0.03298920392990112,1.0,0.12779070436954498
0.12342648208141327,,,0.3097270727157593,3,,,0.0012945295311510563,,,,,0.004289568867534399,0.0,0.0,0.050737589597702026,0.015866665169596672,9.796661470318213e-05,0.02786480262875557,,,36649,0.02522999420762062,1.0,0.12779070436954498
0.12342648208141327,,,0.3097270727157593,3,,,0.0012945295311510563,,,,,0.004289568867534399,0.0,0.0,0.050737589597702026,0.015866665169596672,9.796661470318213e-05,0.02786480262875557,,,36699,0.02522999420762062,1.0,0.12779070436954498
0.12342648208141327,,,0.3097270727157593,3,,,0.0013668579049408436,,,,,0.003950753714889288,0.0,0.0,0.04939790070056915,0.017945410683751106,9.79555697995238e-05,0.02786480262875557,,,36749,0.026835955679416656,1.0,0.12779070436954498
0.12342648208141327,,,0.3097270727157593,3,,,0.0013668579049408436,,,,,0.003950753714889288,0.0,0.0,0.04939790070056915,0.017945410683751106,9.79555697995238e-05,0.02786480262875557,,,36799,0.026835955679416656,1.0,0.12779070436954498
0.12342648208141327,,,0.3097270727157593,3,,,0.002307712333276868,,,,,0.00506707513704896,0.0,0.0,0.05406879261136055,0.020707806572318077,9.794450306799263e-05,0.02786480262875557,,,36849,0.031181760132312775,1.0,0.12779070436954498
0.12342648208141327,,,0.3097270727157593,3,,,0.002307712333276868,,,,,0.00506707513704896,0.0,0.0,0.05406879261136055,0.020707806572318077,9.794450306799263e-05,0.02786480262875557,,,36899,0.031181760132312775,1.0,0.12779070436954498
0.12342648208141327,,,0.3097270727157593,3,,,0.00197480246424675,,,,,0.005373005289584398,0.0,0.0,0.05947970226407051,0.028023332357406616,9.793339995667338e-05,0.02786480262875557,,,36949,0.03934430703520775,1.0,0.12779070436954498
0.09259749948978424,,,0.2943747043609619,3,,,0.19171547889709473,,,,,0.005373005289584398,0.0,0.0,0.05947970226407051,0.028023332357406616,9.793339995667338e-05,0.024897322058677673,,,36999,0.03934430703520775,1.0,0.041005056351423264
0.09259749948978424,,,0.2943747043609619,3,,,0.0020240929443389177,,,,,0.004427500534802675,0.0,0.0,0.04955409839749336,0.01922173611819744,9.792226774152368e-05,0.024897322058677673,,,37049,0.028604647144675255,1.0,0.041005056351423264
0.09259749948978424,,,0.2943747043609619,3,,,0.0020240929443389177,,,,,0.004427500534802675,0.0,0.0,0.04955409839749336,0.01922173611819744,9.792226774152368e-05,0.024897322058677673,,,37099,0.028604647144675255,1.0,0.041005056351423264
0.09259749948978424,,,0.2943747043609619,3,,,0.0014838858041912317,,,,,0.004109201952815056,0.0,0.0,0.0473761260509491,0.016180511564016342,9.791110642254353e-05,0.024897322058677673,,,37149,0.025027327239513397,1.0,0.041005056351423264
0.09259749948978424,,,0.2943747043609619,3,,,0.0014838858041912317,,,,,0.004109201952815056,0.0,0.0,0.0473761260509491,0.016180511564016342,9.791110642254353e-05,0.024897322058677673,,,37199,0.025027327239513397,1.0,0.041005056351423264
0.09259749948978424,,,0.2943747043609619,3,,,0.0012615344021469355,,,,,0.004999194759875536,0.0,0.0,0.04756540432572365,0.016684798523783684,9.789991599973291e-05,0.024897322058677673,,,37249,0.026440534740686417,1.0,0.041005056351423264
0.09259749948978424,,,0.2943747043609619,3,,,0.0012615344021469355,,,,,0.004999194759875536,0.0,0.0,0.04756540432572365,0.016684798523783684,9.789991599973291e-05,0.024897322058677673,,,37299,0.026440534740686417,1.0,0.041005056351423264
0.09259749948978424,,,0.2943747043609619,3,,,0.0038012717850506306,,,,,0.004772215150296688,0.0,0.0,0.06338487565517426,0.027851736173033714,9.788870374904945e-05,0.024897322058677673,,,37349,0.03896243870258331,1.0,0.041005056351423264
0.09259749948978424,,,0.2943747043609619,3,,,0.0038012717850506306,,,,,0.004772215150296688,0.0,0.0,0.06338487565517426,0.027851736173033714,9.788870374904945e-05,0.024897322058677673,,,37399,0.03896243870258331,1.0,0.041005056351423264
0.09259749948978424,,,0.2943747043609619,3,,,0.0009670647559687495,,,,,0.005096408072859049,0.0,0.0,0.05024871230125427,0.02133035846054554,9.787745511857793e-05,0.024897322058677673,,,37449,0.03145163878798485,1.0,0.041005056351423264
0.10995305329561234,,,0.2703467607498169,3,,,0.1789427250623703,,,,,0.005096408072859049,0.0,0.0,0.05024871230125427,0.02133035846054554,9.787745511857793e-05,0.028384963050484657,,,37499,0.03145163878798485,1.0,0.1634690910577774
0.10995305329561234,,,0.2703467607498169,3,,,0.0019572016317397356,,,,,0.004782756790518761,0.0,0.0,0.04675840586423874,0.013801652006804943,9.786617738427594e-05,0.028384963050484657,,,37549,0.023260250687599182,1.0,0.1634690910577774
0.10995305329561234,,,0.2703467607498169,3,,,0.0019572016317397356,,,,,0.004782756790518761,0.0,0.0,0.04675840586423874,0.013801652006804943,9.786617738427594e-05,0.028384963050484657,,,37599,0.023260250687599182,1.0,0.1634690910577774
0.10995305329561234,,,0.2703467607498169,3,,,0.0015224271919578314,,,,,0.00525661138817668,0.0,0.0,0.05625877529382706,0.016333624720573425,9.78548705461435e-05,0.028384963050484657,,,37649,0.027216114103794098,1.0,0.1634690910577774
0.10995305329561234,,,0.2703467607498169,3,,,0.0015224271919578314,,,,,0.00525661138817668,0.0,0.0,0.05625877529382706,0.016333624720573425,9.78548705461435e-05,0.028384963050484657,,,37699,0.027216114103794098,1.0,0.1634690910577774
0.10995305329561234,,,0.2703467607498169,3,,,0.0019145756959915161,,,,,0.0051581677980721,0.0,0.0,0.04914543777704239,0.017279740422964096,9.78435346041806e-05,0.028384963050484657,,,37749,0.027352452278137207,1.0,0.1634690910577774
0.10995305329561234,,,0.2703467607498169,3,,,0.0019145756959915161,,,,,0.0051581677980721,0.0,0.0,0.04914543777704239,0.017279740422964096,9.78435346041806e-05,0.028384963050484657,,,37799,0.027352452278137207,1.0,0.1634690910577774
0.10995305329561234,,,0.2703467607498169,3,,,0.002982060657814145,,,,,0.005136183928698301,0.0,0.0,0.08952122926712036,0.025061676278710365,9.783216955838725e-05,0.028384963050484657,,,37849,0.03914998471736908,1.0,0.1634690910577774
0.10995305329561234,,,0.2703467607498169,3,,,0.002982060657814145,,,,,0.005136183928698301,0.0,0.0,0.08952122926712036,0.025061676278710365,9.783216955838725e-05,0.028384963050484657,,,37899,0.03914998471736908,1.0,0.1634690910577774
0.10995305329561234,,,0.2703467607498169,3,,,0.0010846176883205771,,,,,0.0038086986169219017,0.0,0.0,0.04170062765479088,0.020470093935728073,9.782077540876344e-05,0.028384963050484657,,,37949,0.028448855504393578,1.0,0.1634690910577774
0.05355246737599373,,,0.15615075826644897,3,,,0.14399977028369904,,,,,0.0038086986169219017,0.0,0.0,0.04170062765479088,0.020470093935728073,9.782077540876344e-05,0.014156797900795937,,,37999,0.028448855504393578,1.0,0.09227760136127472
0.05355246737599373,,,0.15615075826644897,3,,,0.0033982163295149803,,,,,0.00540937390178442,0.0,0.0,0.07421472668647766,0.02834695391356945,9.780935215530917e-05,0.014156797900795937,,,38049,0.04117780178785324,1.0,0.09227760136127472
0.05355246737599373,,,0.15615075826644897,3,,,0.0033982163295149803,,,,,0.00540937390178442,0.0,0.0,0.07421472668647766,0.02834695391356945,9.780935215530917e-05,0.014156797900795937,,,38099,0.04117780178785324,1.0,0.09227760136127472
0.05355246737599373,,,0.15615075826644897,3,,,0.0012129229726269841,,,,,0.004868954420089722,0.0,0.0,0.047460153698921204,0.017821814864873886,9.779789979802445e-05,0.014156797900795937,,,38149,0.027436785399913788,1.0,0.09227760136127472
0.05355246737599373,,,0.15615075826644897,3,,,0.0012129229726269841,,,,,0.004868954420089722,0.0,0.0,0.047460153698921204,0.017821814864873886,9.779789979802445e-05,0.014156797900795937,,,38199,0.027436785399913788,1.0,0.09227760136127472
0.05355246737599373,,,0.15615075826644897,3,,,0.002583652501925826,,,,,0.005217837169766426,0.0,0.0,0.06370916962623596,0.03207986056804657,9.778641833690926e-05,0.014156797900795937,,,38249,0.04366861283779144,1.0,0.09227760136127472
0.05355246737599373,,,0.15615075826644897,3,,,0.002583652501925826,,,,,0.005217837169766426,0.0,0.0,0.06370916962623596,0.03207986056804657,9.778641833690926e-05,0.014156797900795937,,,38299,0.04366861283779144,1.0,0.09227760136127472
0.05355246737599373,,,0.15615075826644897,3,,,0.002149716019630432,,,,,0.005188187584280968,0.0,0.0,0.05366350710391998,0.022766180336475372,9.777490777196363e-05,0.014156797900795937,,,38349,0.03332071751356125,1.0,0.09227760136127472
0.05355246737599373,,,0.15615075826644897,3,,,0.002149716019630432,,,,,0.005188187584280968,0.0,0.0,0.05366350710391998,0.022766180336475372,9.777490777196363e-05,0.014156797900795937,,,38399,0.03332071751356125,1.0,0.09227760136127472
0.05355246737599373,,,0.15615075826644897,3,,,0.0012529358500614762,,,,,0.004049656447023153,0.0,0.0,0.05175966024398804,0.01895827427506447,9.776336810318753e-05,0.014156797900795937,,,38449,0.028183896094560623,1.0,0.09227760136127472
0.11128363013267517,,,0.1555757075548172,3,,,0.23967619240283966,,,,,0.004049656447023153,0.0,0.0,0.05175966024398804,0.01895827427506447,9.776336810318753e-05,0.012852589599788189,,,38499,0.028183896094560623,1.0,0.06274612247943878
0.11128363013267517,,,0.1555757075548172,3,,,0.0018173754215240479,,,,,0.005421184003353119,0.0,0.0,0.060582101345062256,0.021843502297997475,9.775179933058098e-05,0.012852589599788189,,,38549,0.03332289680838585,1.0,0.06274612247943878
0.11128363013267517,,,0.1555757075548172,3,,,0.0018173754215240479,,,,,0.005421184003353119,0.0,0.0,0.060582101345062256,0.021843502297997475,9.775179933058098e-05,0.012852589599788189,,,38599,0.03332289680838585,1.0,0.06274612247943878
0.11128363013267517,,,0.1555757075548172,3,,,0.0022648158483207226,,,,,0.003384268842637539,0.0,0.0,0.064145028591156,0.01613919623196125,9.774020145414397e-05,0.012852589599788189,,,38649,0.025937967002391815,1.0,0.06274612247943878
0.11128363013267517,,,0.1555757075548172,3,,,0.0022648158483207226,,,,,0.003384268842637539,0.0,0.0,0.064145028591156,0.01613919623196125,9.774020145414397e-05,0.012852589599788189,,,38699,0.025937967002391815,1.0,0.06274612247943878
0.11128363013267517,,,0.1555757075548172,3,,,0.0030759640503674746,,,,,0.005468346644192934,0.0,0.0,0.0617782287299633,0.020983584225177765,9.77285744738765e-05,0.012852589599788189,,,38749,0.03262975439429283,1.0,0.06274612247943878
0.11128363013267517,,,0.1555757075548172,3,,,0.0030759640503674746,,,,,0.005468346644192934,0.0,0.0,0.0617782287299633,0.020983584225177765,9.77285744738765e-05,0.012852589599788189,,,38799,0.03262975439429283,1.0,0.06274612247943878
0.11128363013267517,,,0.1555757075548172,3,,,0.0012471035588532686,,,,,0.004434572067111731,0.0,0.0,0.05483632534742355,0.013799501582980156,9.771691838977858e-05,0.012852589599788189,,,38849,0.02371770516037941,1.0,0.06274612247943878
0.11128363013267517,,,0.1555757075548172,3,,,0.0012471035588532686,,,,,0.004434572067111731,0.0,0.0,0.05483632534742355,0.013799501582980156,9.771691838977858e-05,0.012852589599788189,,,38899,0.02371770516037941,1.0,0.06274612247943878
0.11128363013267517,,,0.1555757075548172,3,,,0.0009251305018551648,,,,,0.004731195978820324,0.0,0.0,0.0525604709982872,0.016461677849292755,9.77052332018502e-05,0.012852589599788189,,,38949,0.026448920369148254,1.0,0.06274612247943878
0.06078796088695526,,,0.27564293146133423,3,,,0.11997658759355545,,,,,0.004731195978820324,0.0,0.0,0.0525604709982872,0.016461677849292755,9.77052332018502e-05,0.02459636703133583,,,38999,0.026448920369148254,1.0,0.10347352921962738
0.06078796088695526,,,0.27564293146133423,3,,,0.0016016813460737467,,,,,0.004234256688505411,0.0,0.0,0.05563284084200859,0.022641576826572418,9.769351891009137e-05,0.02459636703133583,,,39049,0.03243912011384964,1.0,0.10347352921962738
0.06078796088695526,,,0.27564293146133423,3,,,0.0016016813460737467,,,,,0.004234256688505411,0.0,0.0,0.05563284084200859,0.022641576826572418,9.769351891009137e-05,0.02459636703133583,,,39099,0.03243912011384964,1.0,0.10347352921962738
0.06078796088695526,,,0.27564293146133423,3,,,0.0015079108998179436,,,,,0.004473845474421978,0.0,0.0,0.05785919725894928,0.019575703889131546,9.768177551450208e-05,0.02459636703133583,,,39149,0.029835470020771027,1.0,0.10347352921962738
0.06078796088695526,,,0.27564293146133423,3,,,0.0015079108998179436,,,,,0.004473845474421978,0.0,0.0,0.05785919725894928,0.019575703889131546,9.768177551450208e-05,0.02459636703133583,,,39199,0.029835470020771027,1.0,0.10347352921962738
0.06078796088695526,,,0.27564293146133423,3,,,0.0029616246465593576,,,,,0.003419458633288741,0.0,0.0,0.04975314065814018,0.01923541910946369,9.767000301508233e-05,0.02459636703133583,,,39249,0.027630191296339035,1.0,0.10347352921962738
0.06078796088695526,,,0.27564293146133423,3,,,0.0029616246465593576,,,,,0.003419458633288741,0.0,0.0,0.04975314065814018,0.01923541910946369,9.767000301508233e-05,0.02459636703133583,,,39299,0.027630191296339035,1.0,0.10347352921962738
0.06078796088695526,,,0.27564293146133423,3,,,0.0030878386460244656,,,,,0.00540582463145256,0.0,0.0,0.05977562069892883,0.026409244164824486,9.765820141183212e-05,0.02459636703133583,,,39349,0.0377926304936409,1.0,0.10347352921962738
0.06078796088695526,,,0.27564293146133423,3,,,0.0030878386460244656,,,,,0.00540582463145256,0.0,0.0,0.05977562069892883,0.026409244164824486,9.765820141183212e-05,0.02459636703133583,,,39399,0.0377926304936409,1.0,0.10347352921962738
0.06078796088695526,,,0.27564293146133423,3,,,0.0033043029252439737,,,,,0.004397526383399963,0.0,0.0,0.06289760023355484,0.021185461431741714,9.764637070475146e-05,0.02459636703133583,,,39449,0.03187274932861328,1.0,0.10347352921962738
0.07804202288389206,,,0.29500213265419006,3,,,0.11548091471195221,,,,,0.004397526383399963,0.0,0.0,0.06289760023355484,0.021185461431741714,9.764637070475146e-05,0.021407652646303177,,,39499,0.03187274932861328,1.0,0.04406198114156723
0.07804202288389206,,,0.29500213265419006,3,,,0.0017188861966133118,,,,,0.005000346805900335,0.0,0.0,0.04681258648633957,0.024652577936649323,9.763451089384034e-05,0.021407652646303177,,,39549,0.03433418273925781,1.0,0.04406198114156723
0.07804202288389206,,,0.29500213265419006,3,,,0.0017188861966133118,,,,,0.005000346805900335,0.0,0.0,0.04681258648633957,0.024652577936649323,9.763451089384034e-05,0.021407652646303177,,,39599,0.03433418273925781,1.0,0.04406198114156723
0.07804202288389206,,,0.29500213265419006,3,,,0.001571332453750074,,,,,0.0042383926920592785,0.0,0.0,0.05770490691065788,0.01387788075953722,9.762262197909877e-05,0.021407652646303177,,,39649,0.02388676442205906,1.0,0.04406198114156723
0.07804202288389206,,,0.29500213265419006,3,,,0.001571332453750074,,,,,0.0042383926920592785,0.0,0.0,0.05770490691065788,0.01387788075953722,9.762262197909877e-05,0.021407652646303177,,,39699,0.02388676442205906,1.0,0.04406198114156723
0.07804202288389206,,,0.29500213265419006,3,,,0.0009817032841965556,,,,,0.004764464218169451,0.0,0.0,0.061003655195236206,0.016459112986922264,9.761070396052673e-05,0.021407652646303177,,,39749,0.027323942631483078,1.0,0.04406198114156723
0.07804202288389206,,,0.29500213265419006,3,,,0.0009817032841965556,,,,,0.004764464218169451,0.0,0.0,0.061003655195236206,0.016459112986922264,9.761070396052673e-05,0.021407652646303177,,,39799,0.027323942631483078,1.0,0.04406198114156723
0.07804202288389206,,,0.29500213265419006,3,,,0.0011321218917146325,,,,,0.005070991348475218,0.0,0.0,0.052420783787965775,0.015340362675487995,9.759875683812425e-05,0.021407652646303177,,,39849,0.025653433054685593,1.0,0.04406198114156723
0.07804202288389206,,,0.29500213265419006,3,,,0.0011321218917146325,,,,,0.005070991348475218,0.0,0.0,0.052420783787965775,0.015340362675487995,9.759875683812425e-05,0.021407652646303177,,,39899,0.025653433054685593,1.0,0.04406198114156723
0.07804202288389206,,,0.29500213265419006,3,,,0.0019750806968659163,,,,,0.004917057231068611,0.0,0.0,0.04230709373950958,0.019022293388843536,9.75867806118913e-05,0.021407652646303177,,,39949,0.028170060366392136,1.0,0.04406198114156723
0.051096510142087936,,,0.20111814141273499,3,,,0.09502529352903366,,,,,0.004917057231068611,0.0,0.0,0.04230709373950958,0.019022293388843536,9.75867806118913e-05,0.021688930690288544,,,39999,0.028170060366392136,1.0,0.03406662121415138
0.051096510142087936,,,0.20111814141273499,3,,,0.002527685835957527,,,,,0.005514200311154127,0.0,0.0,0.061637673527002335,0.02102074958384037,9.75747752818279e-05,0.021688930690288544,,,40049,0.03269871696829796,1.0,0.03406662121415138
0.051096510142087936,,,0.20111814141273499,3,,,0.002527685835957527,,,,,0.005514200311154127,0.0,0.0,0.061637673527002335,0.02102074958384037,9.75747752818279e-05,0.021688930690288544,,,40099,0.03269871696829796,1.0,0.03406662121415138
0.051096510142087936,,,0.20111814141273499,3,,,0.0019266766030341387,,,,,0.004733394831418991,0.0,0.0,0.05244918912649155,0.02064160257577896,9.756274084793404e-05,0.021688930690288544,,,40149,0.030619915574789047,1.0,0.03406662121415138
0.051096510142087936,,,0.20111814141273499,3,,,0.0019266766030341387,,,,,0.004733394831418991,0.0,0.0,0.05244918912649155,0.02064160257577896,9.756274084793404e-05,0.021688930690288544,,,40199,0.030619915574789047,1.0,0.03406662121415138
0.051096510142087936,,,0.20111814141273499,3,,,0.0012634712038561702,,,,,0.005139038432389498,0.0,0.0,0.0506587028503418,0.01539931446313858,9.755067731020972e-05,0.021688930690288544,,,40249,0.02560422383248806,1.0,0.03406662121415138
0.051096510142087936,,,0.20111814141273499,3,,,0.0012634712038561702,,,,,0.005139038432389498,0.0,0.0,0.0506587028503418,0.01539931446313858,9.755067731020972e-05,0.021688930690288544,,,40299,0.02560422383248806,1.0,0.03406662121415138
0.051096510142087936,,,0.20111814141273499,3,,,0.0012944411719217896,,,,,0.0052426652982831,0.0,0.0,0.05516093969345093,0.01766279712319374,9.753858466865495e-05,0.021688930690288544,,,40349,0.02842155657708645,1.0,0.03406662121415138
0.051096510142087936,,,0.20111814141273499,3,,,0.0012944411719217896,,,,,0.0052426652982831,0.0,0.0,0.05516093969345093,0.01766279712319374,9.753858466865495e-05,0.021688930690288544,,,40399,0.02842155657708645,1.0,0.03406662121415138
0.051096510142087936,,,0.20111814141273499,3,,,0.0012421741848811507,,,,,0.004119177348911762,0.0,0.0,0.04049020633101463,0.015627797693014145,9.752646292326972e-05,0.021688930690288544,,,40449,0.023795995861291885,1.0,0.03406662121415138
0.1736772656440735,,,0.37135517597198486,3,,,0.27524250745773315,,,,,0.004119177348911762,0.0,0.0,0.04049020633101463,0.015627797693014145,9.752646292326972e-05,0.04764334112405777,,,40499,0.023795995861291885,1.0,0.06944801658391953
0.1736772656440735,,,0.37135517597198486,3,,,0.0015318978112190962,,,,,0.005476731341332197,0.0,0.0,0.06178610771894455,0.024517830461263657,9.751431207405403e-05,0.04764334112405777,,,40549,0.036173172295093536,1.0,0.06944801658391953
0.1736772656440735,,,0.37135517597198486,3,,,0.0015318978112190962,,,,,0.005476731341332197,0.0,0.0,0.06178610771894455,0.024517830461263657,9.751431207405403e-05,0.04764334112405777,,,40599,0.036173172295093536,1.0,0.06944801658391953
0.1736772656440735,,,0.37135517597198486,3,,,0.0006681803497485816,,,,,0.004368433263152838,0.0,0.0,0.05183028057217598,0.015667840838432312,9.750213212100789e-05,0.04764334112405777,,,40649,0.025219302624464035,1.0,0.06944801658391953
0.1736772656440735,,,0.37135517597198486,3,,,0.0006681803497485816,,,,,0.004368433263152838,0.0,0.0,0.05183028057217598,0.015667840838432312,9.750213212100789e-05,0.04764334112405777,,,40699,0.025219302624464035,1.0,0.06944801658391953
0.1736772656440735,,,0.37135517597198486,3,,,0.0015742341056466103,,,,,0.004715018905699253,0.0,0.0,0.045462772250175476,0.013764890842139721,9.748992306413129e-05,0.04764334112405777,,,40749,0.02302618697285652,1.0,0.06944801658391953
0.1736772656440735,,,0.37135517597198486,3,,,0.0015742341056466103,,,,,0.004715018905699253,0.0,0.0,0.045462772250175476,0.013764890842139721,9.748992306413129e-05,0.04764334112405777,,,40799,0.02302618697285652,1.0,0.06944801658391953
0.1736772656440735,,,0.37135517597198486,3,,,0.0029827940743416548,,,,,0.005545466672629118,0.0,0.0,0.06603652983903885,0.01925821788609028,9.747768490342423e-05,0.04764334112405777,,,40849,0.03140733763575554,1.0,0.06944801658391953
0.1736772656440735,,,0.37135517597198486,3,,,0.0029827940743416548,,,,,0.005545466672629118,0.0,0.0,0.06603652983903885,0.01925821788609028,9.747768490342423e-05,0.04764334112405777,,,40899,0.03140733763575554,1.0,0.06944801658391953
0.1736772656440735,,,0.37135517597198486,3,,,0.0008567674085497856,,,,,0.004271871875971556,0.0,0.0,0.05494408309459686,0.01651664823293686,9.746541763888672e-05,0.04764334112405777,,,40949,0.02628292888402939,1.0,0.06944801658391953
0.0582965724170208,,,0.11282789707183838,3,,,0.09900341928005219,,,,,0.004271871875971556,0.0,0.0,0.05494408309459686,0.01651664823293686,9.746541763888672e-05,0.012931903824210167,,,40999,0.02628292888402939,1.0,0.019113365560770035
0.0582965724170208,,,0.11282789707183838,3,,,0.002376177813857794,,,,,0.004610820207744837,0.0,0.0,0.053667549043893814,0.01697494462132454,9.745312854647636e-05,0.012931903824210167,,,41049,0.02695252001285553,1.0,0.019113365560770035
0.0582965724170208,,,0.11282789707183838,3,,,0.002376177813857794,,,,,0.004610820207744837,0.0,0.0,0.053667549043893814,0.01697494462132454,9.745312854647636e-05,0.012931903824210167,,,41099,0.02695252001285553,1.0,0.019113365560770035
0.0582965724170208,,,0.11282789707183838,3,,,0.0020381559152156115,,,,,0.00446078646928072,0.0,0.0,0.046846237033605576,0.01804484613239765,9.744080307427794e-05,0.012931903824210167,,,41149,0.027190256863832474,1.0,0.019113365560770035
0.0582965724170208,,,0.11282789707183838,3,,,0.0020381559152156115,,,,,0.00446078646928072,0.0,0.0,0.046846237033605576,0.01804484613239765,9.744080307427794e-05,0.012931903824210167,,,41199,0.027190256863832474,1.0,0.019113365560770035
0.0582965724170208,,,0.11282789707183838,3,,,0.0010967196431010962,,,,,0.0044481889344751835,0.0,0.0,0.05671284720301628,0.023402201011776924,9.742844849824905e-05,0.012931903824210167,,,41249,0.03352167457342148,1.0,0.019113365560770035
0.0582965724170208,,,0.11282789707183838,3,,,0.0010967196431010962,,,,,0.0044481889344751835,0.0,0.0,0.05671284720301628,0.023402201011776924,9.742844849824905e-05,0.012931903824210167,,,41299,0.03352167457342148,1.0,0.019113365560770035
0.0582965724170208,,,0.11282789707183838,3,,,0.0006928122602403164,,,,,0.004316278267651796,0.0,0.0,0.05775810778141022,0.01964684948325157,9.741606481838971e-05,0.012931903824210167,,,41349,0.029738938435912132,1.0,0.019113365560770035
0.0582965724170208,,,0.11282789707183838,3,,,0.0006928122602403164,,,,,0.004316278267651796,0.0,0.0,0.05775810778141022,0.01964684948325157,9.741606481838971e-05,0.012931903824210167,,,41399,0.029738938435912132,1.0,0.019113365560770035
0.0582965724170208,,,0.11282789707183838,3,,,0.0020070511382073164,,,,,0.004518427886068821,0.0,0.0,0.06298504769802094,0.017877494916319847,9.740365203469992e-05,0.012931903824210167,,,41449,0.028694428503513336,1.0,0.019113365560770035
0.11192598938941956,,,0.24956904351711273,3,,,0.261910080909729,,,,,0.004518427886068821,0.0,0.0,0.06298504769802094,0.017877494916319847,9.740365203469992e-05,0.027561387047171593,,,41499,0.028694428503513336,1.0,0.18733729422092438
0.11192598938941956,,,0.24956904351711273,3,,,0.0012445964384824038,,,,,0.005244952626526356,0.0,0.0,0.05292356386780739,0.019052691757678986,9.739121742313728e-05,0.027561387047171593,,,41549,0.029590001329779625,1.0,0.18733729422092438
0.11192598938941956,,,0.24956904351711273,3,,,0.0012445964384824038,,,,,0.005244952626526356,0.0,0.0,0.05292356386780739,0.019052691757678986,9.739121742313728e-05,0.027561387047171593,,,41599,0.029590001329779625,1.0,0.18733729422092438
0.11192598938941956,,,0.24956904351711273,3,,,0.0017968049505725503,,,,,0.004284325055778027,0.0,0.0,0.0561271496117115,0.019263993948698044,9.737874643178657e-05,0.027561387047171593,,,41649,0.029161034151911736,1.0,0.18733729422092438
0.11192598938941956,,,0.24956904351711273,3,,,0.0017968049505725503,,,,,0.004284325055778027,0.0,0.0,0.0561271496117115,0.019263993948698044,9.737874643178657e-05,0.027561387047171593,,,41699,0.029161034151911736,1.0,0.18733729422092438
0.11192598938941956,,,0.24956904351711273,3,,,0.002250759629532695,,,,,0.005216710269451141,0.0,0.0,0.05083288252353668,0.02482043020427227,9.73662463366054e-05,0.027561387047171593,,,41749,0.03512042760848999,1.0,0.18733729422092438
0.11192598938941956,,,0.24956904351711273,3,,,0.002250759629532695,,,,,0.005216710269451141,0.0,0.0,0.05083288252353668,0.02482043020427227,9.73662463366054e-05,0.027561387047171593,,,41799,0.03512042760848999,1.0,0.18733729422092438
0.11192598938941956,,,0.24956904351711273,3,,,0.0017079035751521587,,,,,0.0045980773866176605,0.0,0.0,0.054786477237939835,0.021774187684059143,9.735371713759378e-05,0.027561387047171593,,,41849,0.0318509116768837,1.0,0.18733729422092438
0.11192598938941956,,,0.24956904351711273,3,,,0.0017079035751521587,,,,,0.0045980773866176605,0.0,0.0,0.054786477237939835,0.021774187684059143,9.735371713759378e-05,0.027561387047171593,,,41899,0.0318509116768837,1.0,0.18733729422092438
0.11192598938941956,,,0.24956904351711273,3,,,0.0014429964357987046,,,,,0.004920643754303455,0.0,0.0,0.041401151567697525,0.016458094120025635,9.734116611070931e-05,0.027561387047171593,,,41949,0.025518853217363358,1.0,0.18733729422092438
0.04159405454993248,,,0.1932954490184784,3,,,0.0680936798453331,,,,,0.004920643754303455,0.0,0.0,0.041401151567697525,0.016458094120025635,9.734116611070931e-05,0.019058914855122566,,,41999,0.025518853217363358,1.0,0.005990530829876661
0.04159405454993248,,,0.1932954490184784,3,,,0.003531406633555889,,,,,0.005676665809005499,0.0,0.0,0.06893511116504669,0.021201256662607193,9.732857870403677e-05,0.019058914855122566,,,42049,0.03377143293619156,1.0,0.005990530829876661
0.04159405454993248,,,0.1932954490184784,3,,,0.003531406633555889,,,,,0.005676665809005499,0.0,0.0,0.06893511116504669,0.021201256662607193,9.732857870403677e-05,0.019058914855122566,,,42099,0.03377143293619156,1.0,0.005990530829876661
0.04159405454993248,,,0.1932954490184784,3,,,0.002148269908502698,,,,,0.004853701218962669,0.0,0.0,0.048903536051511765,0.019408471882343292,9.731596946949139e-05,0.019058914855122566,,,42149,0.029152527451515198,1.0,0.005990530829876661
0.04159405454993248,,,0.1932954490184784,3,,,0.002148269908502698,,,,,0.004853701218962669,0.0,0.0,0.048903536051511765,0.019408471882343292,9.731596946949139e-05,0.019058914855122566,,,42199,0.029152527451515198,1.0,0.005990530829876661
0.04159405454993248,,,0.1932954490184784,3,,,0.001339426962658763,,,,,0.004348811227828264,0.0,0.0,0.04539446905255318,0.015571420080959797,9.730332385515794e-05,0.019058914855122566,,,42249,0.024459678679704666,1.0,0.005990530829876661
0.04159405454993248,,,0.1932954490184784,3,,,0.001339426962658763,,,,,0.004348811227828264,0.0,0.0,0.04539446905255318,0.015571420080959797,9.730332385515794e-05,0.019058914855122566,,,42299,0.024459678679704666,1.0,0.005990530829876661
0.04159405454993248,,,0.1932954490184784,3,,,0.0025646493304520845,,,,,0.003597536589950323,0.0,0.0,0.04848363250494003,0.018559284508228302,9.729065641295165e-05,0.019058914855122566,,,42349,0.027005184441804886,1.0,0.005990530829876661
0.04159405454993248,,,0.1932954490184784,3,,,0.0025646493304520845,,,,,0.003597536589950323,0.0,0.0,0.04848363250494003,0.018559284508228302,9.729065641295165e-05,0.019058914855122566,,,42399,0.027005184441804886,1.0,0.005990530829876661
0.04159405454993248,,,0.1932954490184784,3,,,0.001099933055229485,,,,,0.00513400649651885,0.0,0.0,0.05007848143577576,0.019048746675252914,9.727795259095728e-05,0.019058914855122566,,,42449,0.029190601781010628,1.0,0.005990530829876661
0.05200712010264397,,,0.21736767888069153,3,,,0.11533290147781372,,,,,0.00513400649651885,0.0,0.0,0.05007848143577576,0.019048746675252914,9.727795259095728e-05,0.015768321231007576,,,42499,0.029190601781010628,1.0,0.0569918267428875
0.05200712010264397,,,0.21736767888069153,3,,,0.0008628380601294339,,,,,0.0049644759856164455,0.0,0.0,0.05642777681350708,0.01849723979830742,9.726522694109008e-05,0.015768321231007576,,,42549,0.02910449355840683,1.0,0.0569918267428875
0.05200712010264397,,,0.21736767888069153,3,,,0.0008628380601294339,,,,,0.0049644759856164455,0.0,0.0,0.05642777681350708,0.01849723979830742,9.726522694109008e-05,0.015768321231007576,,,42599,0.02910449355840683,1.0,0.0569918267428875
0.05200712010264397,,,0.21736767888069153,3,,,0.0016588125145062804,,,,,0.0038097102660685778,0.0,0.0,0.05193432793021202,0.01916949637234211,9.72524649114348e-05,0.015768321231007576,,,42649,0.02817263826727867,1.0,0.0569918267428875
0.05200712010264397,,,0.21736767888069153,3,,,0.0016588125145062804,,,,,0.0038097102660685778,0.0,0.0,0.05193432793021202,0.01916949637234211,9.72524649114348e-05,0.015768321231007576,,,42699,0.02817263826727867,1.0,0.0569918267428875
0.05200712010264397,,,0.21736767888069153,3,,,0.0016076617175713181,,,,,0.005367738660424948,0.0,0.0,0.06088794767856598,0.012860434129834175,9.723968105390668e-05,0.015768321231007576,,,42749,0.02431696653366089,1.0,0.0569918267428875
0.05200712010264397,,,0.21736767888069153,3,,,0.0016076617175713181,,,,,0.005367738660424948,0.0,0.0,0.06088794767856598,0.012860434129834175,9.723968105390668e-05,0.015768321231007576,,,42799,0.02431696653366089,1.0,0.0569918267428875
0.05200712010264397,,,0.21736767888069153,3,,,0.0009738303488120437,,,,,0.00503056775778532,0.0,0.0,0.05226650461554527,0.015886740759015083,9.722686081659049e-05,0.015768321231007576,,,42849,0.026143958792090416,1.0,0.0569918267428875
0.05200712010264397,,,0.21736767888069153,3,,,0.0009738303488120437,,,,,0.00503056775778532,0.0,0.0,0.05226650461554527,0.015886740759015083,9.722686081659049e-05,0.015768321231007576,,,42899,0.026143958792090416,1.0,0.0569918267428875
0.05200712010264397,,,0.21736767888069153,3,,,0.003433122066780925,,,,,0.004549004137516022,0.0,0.0,0.04492827504873276,0.02095472812652588,9.721401875140145e-05,0.015768321231007576,,,42949,0.029996559023857117,1.0,0.0569918267428875
0.028429655358195305,,,0.2437564581632614,3,,,0.08813976496458054,,,,,0.004549004137516022,0.0,0.0,0.04492827504873276,0.02095472812652588,9.721401875140145e-05,0.030305415391921997,,,42999,0.029996559023857117,1.0,0.060371283441782
0.028429655358195305,,,0.2437564581632614,3,,,0.0015287685673683882,,,,,0.005423157475888729,0.0,0.0,0.06060706824064255,0.022641098126769066,9.720114758238196e-05,0.030305415391921997,,,43049,0.034124962985515594,1.0,0.060371283441782
0.028429655358195305,,,0.2437564581632614,3,,,0.0015287685673683882,,,,,0.005423157475888729,0.0,0.0,0.06060706824064255,0.022641098126769066,9.720114758238196e-05,0.030305415391921997,,,43099,0.034124962985515594,1.0,0.060371283441782
0.028429655358195305,,,0.2437564581632614,3,,,0.0026882956735789776,,,,,0.00525277154520154,0.0,0.0,0.05957343801856041,0.01685449108481407,9.718824730953202e-05,0.030305415391921997,,,43149,0.028064606711268425,1.0,0.060371283441782
0.028429655358195305,,,0.2437564581632614,3,,,0.0026882956735789776,,,,,0.00525277154520154,0.0,0.0,0.05957343801856041,0.01685449108481407,9.718824730953202e-05,0.030305415391921997,,,43199,0.028064606711268425,1.0,0.060371283441782
0.028429655358195305,,,0.2437564581632614,3,,,0.001902952790260315,,,,,0.005282243713736534,0.0,0.0,0.053852349519729614,0.018320906907320023,9.7175310656894e-05,0.030305415391921997,,,43249,0.028988385573029518,1.0,0.060371283441782
0.028429655358195305,,,0.2437564581632614,3,,,0.001902952790260315,,,,,0.005282243713736534,0.0,0.0,0.053852349519729614,0.018320906907320023,9.7175310656894e-05,0.030305415391921997,,,43299,0.028988385573029518,1.0,0.060371283441782
0.028429655358195305,,,0.2437564581632614,3,,,0.002604895504191518,,,,,0.00522961700335145,0.0,0.0,0.05372627079486847,0.021253684535622597,9.716235217638314e-05,0.030305415391921997,,,43349,0.031855929642915726,1.0,0.060371283441782
0.028429655358195305,,,0.2437564581632614,3,,,0.002604895504191518,,,,,0.00522961700335145,0.0,0.0,0.05372627079486847,0.021253684535622597,9.716235217638314e-05,0.030305415391921997,,,43399,0.031855929642915726,1.0,0.060371283441782
0.028429655358195305,,,0.2437564581632614,3,,,0.0012846121098846197,,,,,0.004414720926433802,0.0,0.0,0.05659177154302597,0.026751268655061722,9.714936459204182e-05,0.030305415391921997,,,43449,0.036825165152549744,1.0,0.060371283441782
0.05036928504705429,,,0.2681279182434082,3,,,0.0500328503549099,,,,,0.004414720926433802,0.0,0.0,0.05659177154302597,0.026751268655061722,9.714936459204182e-05,0.030534980818629265,,,43499,0.036825165152549744,1.0,0.011522185057401657
0.05036928504705429,,,0.2681279182434082,3,,,0.0013169061858206987,,,,,0.004886674229055643,0.0,0.0,0.0396696999669075,0.018933355808258057,9.713634790387005e-05,0.030534980818629265,,,43549,0.027786999940872192,1.0,0.011522185057401657
0.05036928504705429,,,0.2681279182434082,3,,,0.0013169061858206987,,,,,0.004886674229055643,0.0,0.0,0.0396696999669075,0.018933355808258057,9.713634790387005e-05,0.030534980818629265,,,43599,0.027786999940872192,1.0,0.011522185057401657
0.05036928504705429,,,0.2681279182434082,3,,,0.003322295378893614,,,,,0.005317111499607563,0.0,0.0,0.056618351489305496,0.019980579614639282,9.712330211186782e-05,0.030534980818629265,,,43649,0.03095952607691288,1.0,0.011522185057401657
0.05036928504705429,,,0.2681279182434082,3,,,0.003322295378893614,,,,,0.005317111499607563,0.0,0.0,0.056618351489305496,0.019980579614639282,9.712330211186782e-05,0.030534980818629265,,,43699,0.03095952607691288,1.0,0.011522185057401657
0.05036928504705429,,,0.2681279182434082,3,,,0.0028070001862943172,,,,,0.004247969947755337,0.0,0.0,0.046155862510204315,0.020412642508745193,9.711022721603513e-05,0.030534980818629265,,,43749,0.029276199638843536,1.0,0.011522185057401657
0.05036928504705429,,,0.2681279182434082,3,,,0.0028070001862943172,,,,,0.004247969947755337,0.0,0.0,0.046155862510204315,0.020412642508745193,9.711022721603513e-05,0.030534980818629265,,,43799,0.029276199638843536,1.0,0.011522185057401657
0.05036928504705429,,,0.2681279182434082,3,,,0.0013579919468611479,,,,,0.0042057703249156475,0.0,0.0,0.048775605857372284,0.01988968811929226,9.709712321637198e-05,0.030534980818629265,,,43849,0.028973018750548363,1.0,0.011522185057401657
0.05036928504705429,,,0.2681279182434082,3,,,0.0013579919468611479,,,,,0.0042057703249156475,0.0,0.0,0.048775605857372284,0.01988968811929226,9.709712321637198e-05,0.030534980818629265,,,43899,0.028973018750548363,1.0,0.011522185057401657
0.05036928504705429,,,0.2681279182434082,3,,,0.0016823302721604705,,,,,0.003228521905839443,0.0,0.0,0.044587939977645874,0.013694212771952152,9.708399011287838e-05,0.030534980818629265,,,43949,0.021381529048085213,1.0,0.011522185057401657
0.08580761402845383,,,0.31102070212364197,3,,,0.14371031522750854,,,,,0.003228521905839443,0.0,0.0,0.044587939977645874,0.013694212771952152,9.708399011287838e-05,0.03478245437145233,,,43999,0.021381529048085213,1.0,0.06918696314096451
0.08580761402845383,,,0.31102070212364197,3,,,0.0024735331535339355,,,,,0.005049447063356638,0.0,0.0,0.044045355170965195,0.018007315695285797,9.707083518151194e-05,0.03478245437145233,,,44049,0.027461297810077667,1.0,0.06918696314096451
0.08580761402845383,,,0.31102070212364197,3,,,0.0024735331535339355,,,,,0.005049447063356638,0.0,0.0,0.044045355170965195,0.018007315695285797,9.707083518151194e-05,0.03478245437145233,,,44099,0.027461297810077667,1.0,0.06918696314096451
0.08580761402845383,,,0.31102070212364197,3,,,0.001843502395786345,,,,,0.0054419212974607944,0.0,0.0,0.056846387684345245,0.01848895102739334,9.705764387035742e-05,0.03478245437145233,,,44149,0.029615510255098343,1.0,0.06918696314096451
0.08580761402845383,,,0.31102070212364197,3,,,0.001843502395786345,,,,,0.0054419212974607944,0.0,0.0,0.056846387684345245,0.01848895102739334,9.705764387035742e-05,0.03478245437145233,,,44199,0.029615510255098343,1.0,0.06918696314096451
0.08580761402845383,,,0.31102070212364197,3,,,0.001338142086751759,,,,,0.005319615360349417,0.0,0.0,0.06552772223949432,0.016191760078072548,9.704442345537245e-05,0.03478245437145233,,,44249,0.028064146637916565,1.0,0.06918696314096451
0.08580761402845383,,,0.31102070212364197,3,,,0.001338142086751759,,,,,0.005319615360349417,0.0,0.0,0.06552772223949432,0.016191760078072548,9.704442345537245e-05,0.03478245437145233,,,44299,0.028064146637916565,1.0,0.06918696314096451
0.08580761402845383,,,0.31102070212364197,3,,,0.0016185012646019459,,,,,0.005132556427270174,0.0,0.0,0.049446068704128265,0.01701102964580059,9.703117393655702e-05,0.03478245437145233,,,44349,0.027088193222880363,1.0,0.06918696314096451
0.08580761402845383,,,0.31102070212364197,3,,,0.0016185012646019459,,,,,0.005132556427270174,0.0,0.0,0.049446068704128265,0.01701102964580059,9.703117393655702e-05,0.03478245437145233,,,44399,0.027088193222880363,1.0,0.06918696314096451
0.08580761402845383,,,0.31102070212364197,3,,,0.0016453536227345467,,,,,0.005093375686556101,0.0,0.0,0.04835202544927597,0.016555435955524445,9.701790258986875e-05,0.03478245437145233,,,44449,0.026484014466404915,1.0,0.06918696314096451
0.05224350094795227,,,0.31679993867874146,3,,,0.1403266042470932,,,,,0.005093375686556101,0.0,0.0,0.04835202544927597,0.016555435955524445,9.701790258986875e-05,0.027127614244818687,,,44499,0.026484014466404915,1.0,0.08375124633312225
0.05224350094795227,,,0.31679993867874146,3,,,0.00263453577645123,,,,,0.005143453367054462,0.0,0.0,0.05390818789601326,0.017616597935557365,9.700459486339241e-05,0.027127614244818687,,,44549,0.02815086953341961,1.0,0.08375124633312225
0.05224350094795227,,,0.31679993867874146,3,,,0.00263453577645123,,,,,0.005143453367054462,0.0,0.0,0.05390818789601326,0.017616597935557365,9.700459486339241e-05,0.027127614244818687,,,44599,0.02815086953341961,1.0,0.08375124633312225
0.05224350094795227,,,0.31679993867874146,3,,,0.0016436501173302531,,,,,0.003854939015582204,0.0,0.0,0.06662450730800629,0.021021975204348564,9.699126530904323e-05,0.027127614244818687,,,44649,0.03153936564922333,1.0,0.08375124633312225
0.05224350094795227,,,0.31679993867874146,3,,,0.0016436501173302531,,,,,0.003854939015582204,0.0,0.0,0.06662450730800629,0.021021975204348564,9.699126530904323e-05,0.027127614244818687,,,44699,0.03153936564922333,1.0,0.08375124633312225
0.05224350094795227,,,0.31679993867874146,3,,,0.0015863633016124368,,,,,0.005622631870210171,0.0,0.0,0.07371772080659866,0.01845729351043701,9.697789937490597e-05,0.027127614244818687,,,44749,0.03145169839262962,1.0,0.08375124633312225
0.05224350094795227,,,0.31679993867874146,3,,,0.0015863633016124368,,,,,0.005622631870210171,0.0,0.0,0.07371772080659866,0.01845729351043701,9.697789937490597e-05,0.027127614244818687,,,44799,0.03145169839262962,1.0,0.08375124633312225
0.05224350094795227,,,0.31679993867874146,3,,,0.0037069362588226795,,,,,0.005119122564792633,0.0,0.0,0.055937260389328,0.02452835813164711,9.696451161289588e-05,0.027127614244818687,,,44849,0.03524120897054672,1.0,0.08375124633312225
0.05224350094795227,,,0.31679993867874146,3,,,0.0037069362588226795,,,,,0.005119122564792633,0.0,0.0,0.055937260389328,0.02452835813164711,9.696451161289588e-05,0.027127614244818687,,,44899,0.03524120897054672,1.0,0.08375124633312225
0.05224350094795227,,,0.31679993867874146,3,,,0.002038436010479927,,,,,0.00545376306399703,0.0,0.0,0.058947864919900894,0.021034855395555496,9.695109474705532e-05,0.027127614244818687,,,44949,0.032383404672145844,1.0,0.08375124633312225
0.03582274168729782,,,0.16337868571281433,3,,,0.07171820104122162,,,,,0.00545376306399703,0.0,0.0,0.058947864919900894,0.021034855395555496,9.695109474705532e-05,0.021212365478277206,,,44999,0.032383404672145844,1.0,0.04443565383553505
0.03582274168729782,,,0.16337868571281433,3,,,0.0016958825290203094,,,,,0.005586293525993824,0.0,0.0,0.06885091960430145,0.017934216186404228,9.69376415014267e-05,0.021212365478277206,,,45049,0.030405601486563683,1.0,0.04443565383553505
0.03582274168729782,,,0.16337868571281433,3,,,0.0016958825290203094,,,,,0.005586293525993824,0.0,0.0,0.06885091960430145,0.017934216186404228,9.69376415014267e-05,0.021212365478277206,,,45099,0.030405601486563683,1.0,0.04443565383553505
0.03582274168729782,,,0.16337868571281433,3,,,0.0018269276479259133,,,,,0.005232771392911673,0.0,0.0,0.057648442685604095,0.015367071144282818,9.692416642792523e-05,0.021212365478277206,,,45149,0.026364687830209732,1.0,0.04443565383553505
0.03582274168729782,,,0.16337868571281433,3,,,0.0018269276479259133,,,,,0.005232771392911673,0.0,0.0,0.057648442685604095,0.015367071144282818,9.692416642792523e-05,0.021212365478277206,,,45199,0.026364687830209732,1.0,0.04443565383553505
0.03582274168729782,,,0.16337868571281433,3,,,0.001739578670822084,,,,,0.005013135727494955,0.0,0.0,0.04942711442708969,0.02056204527616501,9.69106622505933e-05,0.021212365478277206,,,45249,0.03051789291203022,1.0,0.04443565383553505
0.03582274168729782,,,0.16337868571281433,3,,,0.001739578670822084,,,,,0.005013135727494955,0.0,0.0,0.04942711442708969,0.02056204527616501,9.69106622505933e-05,0.021212365478277206,,,45299,0.03051789291203022,1.0,0.04443565383553505
0.03582274168729782,,,0.16337868571281433,3,,,0.002798041794449091,,,,,0.004304977133870125,0.0,0.0,0.05297335982322693,0.020978441461920738,9.689712896943092e-05,0.021212365478277206,,,45349,0.030580755323171616,1.0,0.04443565383553505
0.03582274168729782,,,0.16337868571281433,3,,,0.002798041794449091,,,,,0.004304977133870125,0.0,0.0,0.05297335982322693,0.020978441461920738,9.689712896943092e-05,0.021212365478277206,,,45399,0.030580755323171616,1.0,0.04443565383553505
0.03582274168729782,,,0.16337868571281433,3,,,0.0008443821570836008,,,,,0.005061294883489609,0.0,0.0,0.0507841557264328,0.013386676087975502,9.688356658443809e-05,0.021212365478277206,,,45449,0.02352638728916645,1.0,0.04443565383553505
0.045439768582582474,,,0.17549271881580353,3,,,0.1456797868013382,,,,,0.005061294883489609,0.0,0.0,0.0507841557264328,0.013386676087975502,9.688356658443809e-05,0.01142819132655859,,,45499,0.02352638728916645,1.0,0.044407643377780914
0.045439768582582474,,,0.17549271881580353,3,,,0.0019423201447352767,,,,,0.004310474265366793,0.0,0.0,0.05353597179055214,0.020264096558094025,9.686997509561479e-05,0.01142819132655859,,,45549,0.029928168281912804,1.0,0.044407643377780914
0.045439768582582474,,,0.17549271881580353,3,,,0.0019423201447352767,,,,,0.004310474265366793,0.0,0.0,0.05353597179055214,0.020264096558094025,9.686997509561479e-05,0.01142819132655859,,,45599,0.029928168281912804,1.0,0.044407643377780914
0.045439768582582474,,,0.17549271881580353,3,,,0.002098714467138052,,,,,0.0055474769324064255,0.0,0.0,0.06471674889326096,0.022418448701500893,9.685635450296104e-05,0.01142819132655859,,,45649,0.034437600523233414,1.0,0.044407643377780914
0.045439768582582474,,,0.17549271881580353,3,,,0.002098714467138052,,,,,0.0055474769324064255,0.0,0.0,0.06471674889326096,0.022418448701500893,9.685635450296104e-05,0.01142819132655859,,,45699,0.034437600523233414,1.0,0.044407643377780914
0.045439768582582474,,,0.17549271881580353,3,,,0.0013042103964835405,,,,,0.0051444657146930695,0.0,0.0,0.05576145648956299,0.017826564610004425,9.684271208243445e-05,0.01142819132655859,,,45749,0.028547175228595734,1.0,0.044407643377780914
0.045439768582582474,,,0.17549271881580353,3,,,0.0013042103964835405,,,,,0.0051444657146930695,0.0,0.0,0.05576145648956299,0.017826564610004425,9.684271208243445e-05,0.01142819132655859,,,45799,0.028547175228595734,1.0,0.044407643377780914
0.045439768582582474,,,0.17549271881580353,3,,,0.0014390898868441582,,,,,0.003884941805154085,0.0,0.0,0.048620570451021194,0.01971931755542755,9.682903328211978e-05,0.01142819132655859,,,45849,0.02846631594002247,1.0,0.044407643377780914
0.045439768582582474,,,0.17549271881580353,3,,,0.0014390898868441582,,,,,0.003884941805154085,0.0,0.0,0.048620570451021194,0.01971931755542755,9.682903328211978e-05,0.01142819132655859,,,45899,0.02846631594002247,1.0,0.044407643377780914
0.045439768582582474,,,0.17549271881580353,3,,,0.0029994917567819357,,,,,0.004060302395373583,0.0,0.0,0.06053532660007477,0.021007591858506203,9.681532537797466e-05,0.01142819132655859,,,45949,0.031121427193284035,1.0,0.044407643377780914
0.10665194690227509,,,0.3135371506214142,3,,,0.1996193379163742,,,,,0.004060302395373583,0.0,0.0,0.06053532660007477,0.021007591858506203,9.681532537797466e-05,0.022500453516840935,,,45999,0.031121427193284035,1.0,0.10519738495349884
0.10665194690227509,,,0.3135371506214142,3,,,0.0008747573010623455,,,,,0.0039163269102573395,0.0,0.0,0.05301830172538757,0.013096214272081852,9.68015956459567e-05,0.022500453516840935,,,46049,0.022314371541142464,1.0,0.10519738495349884
0.10665194690227509,,,0.3135371506214142,3,,,0.0008747573010623455,,,,,0.0039163269102573395,0.0,0.0,0.05301830172538757,0.013096214272081852,9.68015956459567e-05,0.022500453516840935,,,46099,0.022314371541142464,1.0,0.10519738495349884
0.10665194690227509,,,0.3135371506214142,3,,,0.00143409741576761,,,,,0.005071338731795549,0.0,0.0,0.05075087398290634,0.015567696653306484,9.678782953415066e-05,0.022500453516840935,,,46149,0.025714121758937836,1.0,0.10519738495349884
0.10665194690227509,,,0.3135371506214142,3,,,0.00143409741576761,,,,,0.005071338731795549,0.0,0.0,0.05075087398290634,0.015567696653306484,9.678782953415066e-05,0.022500453516840935,,,46199,0.025714121758937836,1.0,0.10519738495349884
0.10665194690227509,,,0.3135371506214142,3,,,0.0014464438427239656,,,,,0.004133542068302631,0.0,0.0,0.05377455800771713,0.01997656747698784,9.677404159447178e-05,0.022500453516840935,,,46249,0.02948756515979767,1.0,0.10519738495349884
0.10665194690227509,,,0.3135371506214142,3,,,0.0014464438427239656,,,,,0.004133542068302631,0.0,0.0,0.05377455800771713,0.01997656747698784,9.677404159447178e-05,0.022500453516840935,,,46299,0.02948756515979767,1.0,0.10519738495349884
0.10665194690227509,,,0.3135371506214142,3,,,0.0011154657695442438,,,,,0.004861742258071899,0.0,0.0,0.04706304892897606,0.019657282158732414,9.676021727500483e-05,0.022500453516840935,,,46349,0.02922532893717289,1.0,0.10519738495349884
0.10665194690227509,,,0.3135371506214142,3,,,0.0011154657695442438,,,,,0.004861742258071899,0.0,0.0,0.04706304892897606,0.019657282158732414,9.676021727500483e-05,0.022500453516840935,,,46399,0.02922532893717289,1.0,0.10519738495349884
0.10665194690227509,,,0.3135371506214142,3,,,0.003447221592068672,,,,,0.005682081449776888,0.0,0.0,0.06147021800279617,0.028331417590379715,9.674637112766504e-05,0.022500453516840935,,,46449,0.04016052186489105,1.0,0.10519738495349884
0.049218159168958664,,,0.25199103355407715,3,,,0.11874720454216003,,,,,0.005682081449776888,0.0,0.0,0.06147021800279617,0.028331417590379715,9.674637112766504e-05,0.0191825982183218,,,46499,0.04016052186489105,1.0,0.11091659963130951
0.049218159168958664,,,0.25199103355407715,3,,,0.002415159484371543,,,,,0.004294568207114935,0.0,0.0,0.05521801486611366,0.018297167494893074,9.67324958764948e-05,0.0191825982183218,,,46549,0.028113536536693573,1.0,0.11091659963130951
0.049218159168958664,,,0.25199103355407715,3,,,0.002415159484371543,,,,,0.004294568207114935,0.0,0.0,0.05521801486611366,0.018297167494893074,9.67324958764948e-05,0.0191825982183218,,,46599,0.028113536536693573,1.0,0.11091659963130951
0.049218159168958664,,,0.25199103355407715,3,,,0.001385362702421844,,,,,0.004609423223882914,0.0,0.0,0.053683601319789886,0.018423523753881454,9.671859152149409e-05,0.0191825982183218,,,46649,0.02840130776166916,1.0,0.11091659963130951
0.049218159168958664,,,0.25199103355407715,3,,,0.001385362702421844,,,,,0.004609423223882914,0.0,0.0,0.053683601319789886,0.018423523753881454,9.671859152149409e-05,0.0191825982183218,,,46699,0.02840130776166916,1.0,0.11091659963130951
0.049218159168958664,,,0.25199103355407715,3,,,0.0027113326359540224,,,,,0.005040441639721394,0.0,0.0,0.0506424643099308,0.025812773033976555,9.670465806266293e-05,0.0191825982183218,,,46749,0.035917460918426514,1.0,0.11091659963130951
0.049218159168958664,,,0.25199103355407715,3,,,0.0027113326359540224,,,,,0.005040441639721394,0.0,0.0,0.0506424643099308,0.025812773033976555,9.670465806266293e-05,0.0191825982183218,,,46799,0.035917460918426514,1.0,0.11091659963130951
0.049218159168958664,,,0.25199103355407715,3,,,0.001340583898127079,,,,,0.004831043072044849,0.0,0.0,0.04619460925459862,0.013624370098114014,9.669069550000131e-05,0.0191825982183218,,,46849,0.02307487465441227,1.0,0.11091659963130951
0.049218159168958664,,,0.25199103355407715,3,,,0.001340583898127079,,,,,0.004831043072044849,0.0,0.0,0.04619460925459862,0.013624370098114014,9.669069550000131e-05,0.0191825982183218,,,46899,0.02307487465441227,1.0,0.11091659963130951
0.049218159168958664,,,0.25199103355407715,3,,,0.0027291257865726948,,,,,0.005309894680976868,0.0,0.0,0.05879941210150719,0.02486088126897812,9.667670383350924e-05,0.0191825982183218,,,46949,0.036050718277692795,1.0,0.11091659963130951
0.037904951721429825,,,0.18024379014968872,3,,,0.23121196031570435,,,,,0.005309894680976868,0.0,0.0,0.05879941210150719,0.02486088126897812,9.667670383350924e-05,0.021320540457963943,,,46999,0.036050718277692795,1.0,0.052086204290390015
0.037904951721429825,,,0.18024379014968872,3,,,0.0016960527282208204,,,,,0.005359124857932329,0.0,0.0,0.05416058003902435,0.020268039777874947,9.66626830631867e-05,0.021320540457963943,,,47049,0.031043222174048424,1.0,0.052086204290390015
0.037904951721429825,,,0.18024379014968872,3,,,0.0016960527282208204,,,,,0.005359124857932329,0.0,0.0,0.05416058003902435,0.020268039777874947,9.66626830631867e-05,0.021320540457963943,,,47099,0.031043222174048424,1.0,0.052086204290390015
0.037904951721429825,,,0.18024379014968872,3,,,0.0018667355179786682,,,,,0.0031981980428099632,0.0,0.0,0.05455091595649719,0.017600243911147118,9.664864046499133e-05,0.021320540457963943,,,47149,0.026253532618284225,1.0,0.052086204290390015
0.037904951721429825,,,0.18024379014968872,3,,,0.0018667355179786682,,,,,0.0031981980428099632,0.0,0.0,0.05455091595649719,0.017600243911147118,9.664864046499133e-05,0.021320540457963943,,,47199,0.026253532618284225,1.0,0.052086204290390015
0.037904951721429825,,,0.18024379014968872,3,,,0.0011043790727853775,,,,,0.004913775250315666,0.0,0.0,0.05654805153608322,0.018046434968709946,9.663456148700789e-05,0.021320540457963943,,,47249,0.028615016490221024,1.0,0.052086204290390015
0.037904951721429825,,,0.18024379014968872,3,,,0.0011043790727853775,,,,,0.004913775250315666,0.0,0.0,0.05654805153608322,0.018046434968709946,9.663456148700789e-05,0.021320540457963943,,,47299,0.028615016490221024,1.0,0.052086204290390015
0.037904951721429825,,,0.18024379014968872,3,,,0.002315988065674901,,,,,0.005463793873786926,0.0,0.0,0.061565250158309937,0.023121042177081108,9.66204606811516e-05,0.021320540457963943,,,47349,0.03474136069417,1.0,0.052086204290390015
0.037904951721429825,,,0.18024379014968872,3,,,0.002315988065674901,,,,,0.005463793873786926,0.0,0.0,0.061565250158309937,0.023121042177081108,9.66204606811516e-05,0.021320540457963943,,,47399,0.03474136069417,1.0,0.052086204290390015
0.037904951721429825,,,0.18024379014968872,3,,,0.0008561962167732418,,,,,0.004835908301174641,0.0,0.0,0.054941125214099884,0.01463540829718113,9.660632349550724e-05,0.021320540457963943,,,47449,0.024965429678559303,1.0,0.052086204290390015
0.030438970774412155,,,0.14771348237991333,3,,,0.055327482521533966,,,,,0.004835908301174641,0.0,0.0,0.054941125214099884,0.01463540829718113,9.660632349550724e-05,0.009785468690097332,,,47499,0.024965429678559303,1.0,0.030595820397138596
0.030438970774412155,,,0.14771348237991333,3,,,0.0010188950691372156,,,,,0.00493515282869339,0.0,0.0,0.04398162290453911,0.0158675704151392,9.659216448199004e-05,0.009785468690097332,,,47549,0.02520088478922844,1.0,0.030595820397138596
0.030438970774412155,,,0.14771348237991333,3,,,0.0010188950691372156,,,,,0.00493515282869339,0.0,0.0,0.04398162290453911,0.0158675704151392,9.659216448199004e-05,0.009785468690097332,,,47599,0.02520088478922844,1.0,0.030595820397138596
0.030438970774412155,,,0.14771348237991333,3,,,0.002470752689987421,,,,,0.0049936119467020035,0.0,0.0,0.04810601472854614,0.03571704030036926,9.657797636464238e-05,0.009785468690097332,,,47649,0.04552125185728073,1.0,0.030595820397138596
0.030438970774412155,,,0.14771348237991333,3,,,0.002470752689987421,,,,,0.0049936119467020035,0.0,0.0,0.04810601472854614,0.03571704030036926,9.657797636464238e-05,0.009785468690097332,,,47699,0.04552125185728073,1.0,0.030595820397138596
0.030438970774412155,,,0.14771348237991333,3,,,0.0027159880846738815,,,,,0.00510952016338706,0.0,0.0,0.051420148462057114,0.02243955060839653,9.656375186750665e-05,0.009785468690097332,,,47749,0.03269108384847641,1.0,0.030595820397138596
0.030438970774412155,,,0.14771348237991333,3,,,0.0027159880846738815,,,,,0.00510952016338706,0.0,0.0,0.051420148462057114,0.02243955060839653,9.656375186750665e-05,0.009785468690097332,,,47799,0.03269108384847641,1.0,0.030595820397138596
0.030438970774412155,,,0.14771348237991333,3,,,0.003806566819548607,,,,,0.00458790548145771,0.0,0.0,0.04952007532119751,0.0247250534594059,9.654950554249808e-05,0.009785468690097332,,,47849,0.03426496684551239,1.0,0.030595820397138596
0.030438970774412155,,,0.14771348237991333,3,,,0.003806566819548607,,,,,0.00458790548145771,0.0,0.0,0.04952007532119751,0.0247250534594059,9.654950554249808e-05,0.009785468690097332,,,47899,0.03426496684551239,1.0,0.030595820397138596
0.030438970774412155,,,0.14771348237991333,3,,,0.0035441317595541477,,,,,0.005277527030557394,0.0,0.0,0.05020614713430405,0.024555830284953117,9.653523011365905e-05,0.009785468690097332,,,47949,0.0348539724946022,1.0,0.030595820397138596
0.06582426279783249,,,0.16911862790584564,3,,,0.13648489117622375,,,,,0.005277527030557394,0.0,0.0,0.05020614713430405,0.024555830284953117,9.653523011365905e-05,0.012988745234906673,,,47999,0.0348539724946022,1.0,0.061859361827373505
0.06582426279783249,,,0.16911862790584564,3,,,0.0011618105927482247,,,,,0.0050656902603805065,0.0,0.0,0.04850780963897705,0.017526505514979362,9.652093285694718e-05,0.012988745234906673,,,48049,0.02744297683238983,1.0,0.061859361827373505
0.06582426279783249,,,0.16911862790584564,3,,,0.0011618105927482247,,,,,0.0050656902603805065,0.0,0.0,0.04850780963897705,0.017526505514979362,9.652093285694718e-05,0.012988745234906673,,,48099,0.02744297683238983,1.0,0.061859361827373505
0.06582426279783249,,,0.16911862790584564,3,,,0.0019441359909251332,,,,,0.004531419835984707,0.0,0.0,0.06550353020429611,0.018694723024964333,9.650659922044724e-05,0.012988745234906673,,,48149,0.029776494950056076,1.0,0.061859361827373505
,23.348403930664062,25.312698364257812,,3,14.591596603393555,6.939785480499268,,48160.0,19.458393096923828,0.19246099889278412,-0.11867008358240128,,,,,,,,32.25248336791992,0.9858192801475525,48159,,,
,,,,4,,,0.0015204927185550332,,,,,0.004928469657897949,0.0,0.0,0.06532911956310272,0.022117875516414642,9.650085848988965e-05,,,,48199,0.033579256385564804,1.0,
,,,,4,,,0.0015204927185550332,,,,,0.004928469657897949,0.0,0.0,0.06532911956310272,0.022117875516414642,9.650085848988965e-05,,,,48249,0.033579256385564804,1.0,
,,,,4,,,0.001315903034992516,,,,,0.004890271462500095,0.0,0.0,0.041552916169166565,0.017890315502882004,9.648648847360164e-05,,,,48299,0.0269358791410923,1.0,
,,,,4,,,0.001315903034992516,,,,,0.004890271462500095,0.0,0.0,0.041552916169166565,0.017890315502882004,9.648648847360164e-05,,,,48349,0.0269358791410923,1.0,
,,,,4,,,0.0009811586933210492,,,,,0.005530647002160549,0.0,0.0,0.06631889939308167,0.018810393288731575,9.647208935348317e-05,,,,48399,0.030972929671406746,1.0,
,,,,4,,,0.0009811586933210492,,,,,0.005530647002160549,0.0,0.0,0.06631889939308167,0.018810393288731575,9.647208935348317e-05,,,,48449,0.030972929671406746,1.0,
0.033835411071777344,,,0.17058463394641876,4,,,0.07749102264642715,,,,,0.005107344128191471,0.0,0.0,0.048616886138916016,0.018068406730890274,9.645766112953424e-05,0.012043884955346584,,,48499,0.02803744003176689,1.0,0.04059596359729767
0.033835411071777344,,,0.17058463394641876,4,,,0.07749102264642715,,,,,0.005107344128191471,0.0,0.0,0.048616886138916016,0.018068406730890274,9.645766112953424e-05,0.012043884955346584,,,48549,0.02803744003176689,1.0,0.04059596359729767
0.033835411071777344,,,0.17058463394641876,4,,,0.0033320398069918156,,,,,0.005542255938053131,0.0,0.0,0.06493841111660004,0.025426968932151794,9.644320380175486e-05,0.012043884955346584,,,48599,0.03746306523680687,1.0,0.04059596359729767
0.033835411071777344,,,0.17058463394641876,4,,,0.0033320398069918156,,,,,0.005542255938053131,0.0,0.0,0.06493841111660004,0.025426968932151794,9.644320380175486e-05,0.012043884955346584,,,48649,0.03746306523680687,1.0,0.04059596359729767
0.033835411071777344,,,0.17058463394641876,4,,,0.002490363083779812,,,,,0.005422560498118401,0.0,0.0,0.055640868842601776,0.01862384006381035,9.642871737014502e-05,0.012043884955346584,,,48699,0.029610488563776016,1.0,0.04059596359729767
0.033835411071777344,,,0.17058463394641876,4,,,0.002490363083779812,,,,,0.005422560498118401,0.0,0.0,0.055640868842601776,0.01862384006381035,9.642871737014502e-05,0.012043884955346584,,,48749,0.029610488563776016,1.0,0.04059596359729767
0.033835411071777344,,,0.17058463394641876,4,,,0.0015032413648441434,,,,,0.005172158591449261,0.0,0.0,0.04923950508236885,0.0150969373062253,9.641420183470473e-05,0.012043884955346584,,,48799,0.025193046778440475,1.0,0.04059596359729767
0.033835411071777344,,,0.17058463394641876,4,,,0.0015032413648441434,,,,,0.005172158591449261,0.0,0.0,0.04923950508236885,0.0150969373062253,9.641420183470473e-05,0.012043884955346584,,,48849,0.025193046778440475,1.0,0.04059596359729767
0.033835411071777344,,,0.17058463394641876,4,,,0.0008145225001499057,,,,,0.004870634991675615,0.0,0.0,0.04262356460094452,0.015168512240052223,9.639966447139159e-05,0.012043884955346584,,,48899,0.024301502853631973,1.0,0.04059596359729767
0.033835411071777344,,,0.17058463394641876,4,,,0.0008145225001499057,,,,,0.004870634991675615,0.0,0.0,0.04262356460094452,0.015168512240052223,9.639966447139159e-05,0.012043884955346584,,,48949,0.024301502853631973,1.0,0.04059596359729767
0.036128100007772446,,,0.1310955435037613,4,,,0.08317450433969498,,,,,0.01285171415656805,0.0,0.0,0.053037531673908234,0.022753868252038956,9.638509072829038e-05,0.012397446669638157,,,48999,0.040909335017204285,1.0,0.013376373797655106
0.036128100007772446,,,0.1310955435037613,4,,,0.08317450433969498,,,,,0.01285171415656805,0.0,0.0,0.053037531673908234,0.022753868252038956,9.638509072829038e-05,0.012397446669638157,,,49049,0.040909335017204285,1.0,0.013376373797655106
0.036128100007772446,,,0.1310955435037613,4,,,0.002659121062606573,,,,,0.0051268720999360085,0.0,0.0,0.04771769419312477,0.01737312041223049,9.637049515731633e-05,0.012397446669638157,,,49099,0.027271762490272522,1.0,0.013376373797655106
0.036128100007772446,,,0.1310955435037613,4,,,0.002659121062606573,,,,,0.0051268720999360085,0.0,0.0,0.04771769419312477,0.01737312041223049,9.637049515731633e-05,0.012397446669638157,,,49149,0.027271762490272522,1.0,0.013376373797655106
0.036128100007772446,,,0.1310955435037613,4,,,0.0020056236535310745,,,,,0.0046301716938614845,0.0,0.0,0.04120172560214996,0.018024029210209846,9.63558632065542e-05,0.012397446669638157,,,49199,0.026774372905492783,1.0,0.013376373797655106
0.036128100007772446,,,0.1310955435037613,4,,,0.0020056236535310745,,,,,0.0046301716938614845,0.0,0.0,0.04120172560214996,0.018024029210209846,9.63558632065542e-05,0.012397446669638157,,,49249,0.026774372905492783,1.0,0.013376373797655106
0.036128100007772446,,,0.1310955435037613,4,,,0.002393662929534912,,,,,0.0035670381039381027,0.0,0.0,0.05131202191114426,0.019564488902688026,9.634120942791924e-05,0.012397446669638157,,,49299,0.028262728825211525,1.0,0.013376373797655106
0.036128100007772446,,,0.1310955435037613,4,,,0.002393662929534912,,,,,0.0035670381039381027,0.0,0.0,0.05131202191114426,0.019564488902688026,9.634120942791924e-05,0.012397446669638157,,,49349,0.028262728825211525,1.0,0.013376373797655106
0.036128100007772446,,,0.1310955435037613,4,,,0.0010702827712520957,,,,,0.0051534236408770084,0.0,0.0,0.049799274653196335,0.01595550775527954,9.632652654545382e-05,0.012397446669638157,,,49399,0.026088859885931015,1.0,0.013376373797655106
0.036128100007772446,,,0.1310955435037613,4,,,0.0010702827712520957,,,,,0.0051534236408770084,0.0,0.0,0.049799274653196335,0.01595550775527954,9.632652654545382e-05,0.012397446669638157,,,49449,0.026088859885931015,1.0,0.013376373797655106
0.04400524124503136,,,0.23422297835350037,4,,,0.13019610941410065,,,,,0.005399792455136776,0.0,0.0,0.058739304542541504,0.01789894886314869,9.631181455915794e-05,0.017004158347845078,,,49499,0.02917267195880413,1.0,0.07772503048181534
0.04400524124503136,,,0.23422297835350037,4,,,0.13019610941410065,,,,,0.005399792455136776,0.0,0.0,0.058739304542541504,0.01789894886314869,9.631181455915794e-05,0.017004158347845078,,,49549,0.02917267195880413,1.0,0.07772503048181534
0.04400524124503136,,,0.23422297835350037,4,,,0.0024893691297620535,,,,,0.004907191731035709,0.0,0.0,0.05519422888755798,0.02030886337161064,9.629708074498922e-05,0.017004158347845078,,,49599,0.030735477805137634,1.0,0.07772503048181534
0.04400524124503136,,,0.23422297835350037,4,,,0.0024893691297620535,,,,,0.004907191731035709,0.0,0.0,0.05519422888755798,0.02030886337161064,9.629708074498922e-05,0.017004158347845078,,,49649,0.030735477805137634,1.0,0.07772503048181534
0.04400524124503136,,,0.23422297835350037,4,,,0.002467723097652197,,,,,0.005382965784519911,0.0,0.0,0.059194013476371765,0.023685123771429062,9.628231055103242e-05,0.017004158347845078,,,49699,0.03498749062418938,1.0,0.07772503048181534
0.04400524124503136,,,0.23422297835350037,4,,,0.002467723097652197,,,,,0.005382965784519911,0.0,0.0,0.059194013476371765,0.023685123771429062,9.628231055103242e-05,0.017004158347845078,,,49749,0.03498749062418938,1.0,0.07772503048181534
0.04400524124503136,,,0.23422297835350037,4,,,0.0030030556954443455,,,,,0.005266409832984209,0.0,0.0,0.05312872678041458,0.022700630128383636,9.626751125324517e-05,0.017004158347845078,,,49799,0.0332799106836319,1.0,0.07772503048181534
0.04400524124503136,,,0.23422297835350037,4,,,0.0030030556954443455,,,,,0.005266409832984209,0.0,0.0,0.05312872678041458,0.022700630128383636,9.626751125324517e-05,0.017004158347845078,,,49849,0.0332799106836319,1.0,0.07772503048181534
0.04400524124503136,,,0.23422297835350037,4,,,0.001452357624657452,,,,,0.003938086796551943,0.0,0.0,0.041898034512996674,0.018206065520644188,9.625269012758508e-05,0.017004158347845078,,,49899,0.02633395604789257,1.0,0.07772503048181534
0.04400524124503136,,,0.23422297835350037,4,,,0.001452357624657452,,,,,0.003938086796551943,0.0,0.0,0.041898034512996674,0.018206065520644188,9.625269012758508e-05,0.017004158347845078,,,49949,0.02633395604789257,1.0,0.07772503048181534
0.04537604749202728,,,0.15352757275104523,4,,,0.11409308761358261,,,,,0.00358573324047029,0.0,0.0,0.056114599108695984,0.01965506002306938,9.623783989809453e-05,0.01601187326014042,,,49999,0.028852254152297974,1.0,0.0063065821304917336
0.04537604749202728,,,0.15352757275104523,4,,,0.11409308761358261,,,,,0.00358573324047029,0.0,0.0,0.056114599108695984,0.01965506002306938,9.623783989809453e-05,0.01601187326014042,,,50049,0.028852254152297974,1.0,0.0063065821304917336
0.04537604749202728,,,0.15352757275104523,4,,,0.002315833233296871,,,,,0.004997713956981897,0.0,0.0,0.05106089264154434,0.023370249196887016,9.622295328881592e-05,0.01601187326014042,,,50099,0.03347405046224594,1.0,0.0063065821304917336
0.04537604749202728,,,0.15352757275104523,4,,,0.002315833233296871,,,,,0.004997713956981897,0.0,0.0,0.05106089264154434,0.023370249196887016,9.622295328881592e-05,0.01601187326014042,,,50149,0.03347405046224594,1.0,0.0063065821304917336
0.04537604749202728,,,0.15352757275104523,4,,,0.0009333253838121891,,,,,0.005014101509004831,0.0,0.0,0.047838740050792694,0.009813216514885426,9.620804485166445e-05,0.01601187326014042,,,50199,0.019611191004514694,1.0,0.0063065821304917336
0.04537604749202728,,,0.15352757275104523,4,,,0.0009333253838121891,,,,,0.005014101509004831,0.0,0.0,0.047838740050792694,0.009813216514885426,9.620804485166445e-05,0.01601187326014042,,,50249,0.019611191004514694,1.0,0.0063065821304917336
0.04537604749202728,,,0.15352757275104523,4,,,0.0019032545387744904,,,,,0.004242270719259977,0.0,0.0,0.0467895083129406,0.013484464026987553,9.619310731068254e-05,0.01601187326014042,,,50299,0.022405685856938362,1.0,0.0063065821304917336
0.04537604749202728,,,0.15352757275104523,4,,,0.0019032545387744904,,,,,0.004242270719259977,0.0,0.0,0.0467895083129406,0.013484464026987553,9.619310731068254e-05,0.01601187326014042,,,50349,0.022405685856938362,1.0,0.0063065821304917336
0.04537604749202728,,,0.15352757275104523,4,,,0.0013958367053419352,,,,,0.005037500988692045,0.0,0.0,0.0472133606672287,0.022811993956565857,9.617814794182777e-05,0.01601187326014042,,,50399,0.03257083147764206,1.0,0.0063065821304917336
0.04537604749202728,,,0.15352757275104523,4,,,0.0013958367053419352,,,,,0.005037500988692045,0.0,0.0,0.0472133606672287,0.022811993956565857,9.617814794182777e-05,0.01601187326014042,,,50449,0.03257083147764206,1.0,0.0063065821304917336
0.08879177272319794,,,0.368000328540802,4,,,0.1678212732076645,,,,,0.005087724886834621,0.0,0.0,0.04670228809118271,0.016084764152765274,9.616315219318494e-05,0.022328278049826622,,,50499,0.02584271878004074,1.0,0.0324244499206543
0.08879177272319794,,,0.368000328540802,4,,,0.1678212732076645,,,,,0.005087724886834621,0.0,0.0,0.04670228809118271,0.016084764152765274,9.616315219318494e-05,0.022328278049826622,,,50549,0.02584271878004074,1.0,0.0324244499206543
0.08879177272319794,,,0.368000328540802,4,,,0.0013577751815319061,,,,,0.005206599365919828,0.0,0.0,0.05304480344057083,0.016387993469834328,9.614812734071165e-05,0.022328278049826622,,,50599,0.026899073272943497,1.0,0.0324244499206543
0.08879177272319794,,,0.368000328540802,4,,,0.0013577751815319061,,,,,0.005206599365919828,0.0,0.0,0.05304480344057083,0.016387993469834328,9.614812734071165e-05,0.022328278049826622,,,50649,0.026899073272943497,1.0,0.0324244499206543
0.08879177272319794,,,0.368000328540802,4,,,0.0020042210817337036,,,,,0.005175547208636999,0.0,0.0,0.050666190683841705,0.021649513393640518,9.613308066036552e-05,0.022328278049826622,,,50699,0.031891681253910065,1.0,0.0324244499206543
0.08879177272319794,,,0.368000328540802,4,,,0.0020042210817337036,,,,,0.005175547208636999,0.0,0.0,0.050666190683841705,0.021649513393640518,9.613308066036552e-05,0.022328278049826622,,,50749,0.031891681253910065,1.0,0.0324244499206543
0.08879177272319794,,,0.368000328540802,4,,,0.0014618122950196266,,,,,0.004955857060849667,0.0,0.0,0.049808502197265625,0.017175445333123207,9.611800487618893e-05,0.022328278049826622,,,50799,0.02711215242743492,1.0,0.0324244499206543
0.08879177272319794,,,0.368000328540802,4,,,0.0014618122950196266,,,,,0.004955857060849667,0.0,0.0,0.049808502197265625,0.017175445333123207,9.611800487618893e-05,0.022328278049826622,,,50849,0.02711215242743492,1.0,0.0324244499206543
0.08879177272319794,,,0.368000328540802,4,,,0.002202692674472928,,,,,0.005795211996883154,0.0,0.0,0.0712561309337616,0.021842405200004578,9.610289271222427e-05,0.022328278049826622,,,50899,0.03476323187351227,1.0,0.0324244499206543
0.08879177272319794,,,0.368000328540802,4,,,0.002202692674472928,,,,,0.005795211996883154,0.0,0.0,0.0712561309337616,0.021842405200004578,9.610289271222427e-05,0.022328278049826622,,,50949,0.03476323187351227,1.0,0.0324244499206543
0.06584902852773666,,,0.22004732489585876,4,,,0.1128426343202591,,,,,0.004995465744286776,0.0,0.0,0.047500357031822205,0.022610846906900406,9.608775872038677e-05,0.01827707327902317,,,50999,0.032356347888708115,1.0,0.11870064586400986
0.06584902852773666,,,0.22004732489585876,4,,,0.1128426343202591,,,,,0.004995465744286776,0.0,0.0,0.047500357031822205,0.022610846906900406,9.608775872038677e-05,0.01827707327902317,,,51049,0.032356347888708115,1.0,0.11870064586400986
0.06584902852773666,,,0.22004732489585876,4,,,0.001400413573719561,,,,,0.004555876832455397,0.0,0.0,0.06393274664878845,0.015713265165686607,9.607259562471882e-05,0.01827707327902317,,,51099,0.026662416756153107,1.0,0.11870064586400986
0.06584902852773666,,,0.22004732489585876,4,,,0.001400413573719561,,,,,0.004555876832455397,0.0,0.0,0.06393274664878845,0.015713265165686607,9.607259562471882e-05,0.01827707327902317,,,51149,0.026662416756153107,1.0,0.11870064586400986
0.06584902852773666,,,0.22004732489585876,4,,,0.0018430696800351143,,,,,0.005047627724707127,0.0,0.0,0.05219322070479393,0.01399123016744852,9.605741070117801e-05,0.01827707327902317,,,51199,0.02425818145275116,1.0,0.11870064586400986
0.06584902852773666,,,0.22004732489585876,4,,,0.0018430696800351143,,,,,0.005047627724707127,0.0,0.0,0.05219322070479393,0.01399123016744852,9.605741070117801e-05,0.01827707327902317,,,51249,0.02425818145275116,1.0,0.11870064586400986
0.06584902852773666,,,0.22004732489585876,4,,,0.001683692797087133,,,,,0.005218135192990303,0.0,0.0,0.05309208855032921,0.019594136625528336,9.604218939784914e-05,0.01827707327902317,,,51299,0.03012148104608059,1.0,0.11870064586400986
0.06584902852773666,,,0.22004732489585876,4,,,0.001683692797087133,,,,,0.005218135192990303,0.0,0.0,0.05309208855032921,0.019594136625528336,9.604218939784914e-05,0.01827707327902317,,,51349,0.03012148104608059,1.0,0.11870064586400986
0.06584902852773666,,,0.22004732489585876,4,,,0.0012191893765702844,,,,,0.0051582795567810535,0.0,0.0,0.05434468016028404,0.021550506353378296,9.602694626664743e-05,0.01827707327902317,,,51399,0.032143253833055496,1.0,0.11870064586400986
0.06584902852773666,,,0.22004732489585876,4,,,0.0012191893765702844,,,,,0.0051582795567810535,0.0,0.0,0.05434468016028404,0.021550506353378296,9.602694626664743e-05,0.01827707327902317,,,51449,0.032143253833055496,1.0,0.11870064586400986
0.058649465441703796,,,0.16133855283260345,4,,,0.05702885985374451,,,,,0.00350584601983428,0.0,0.0,0.06665437668561935,0.016952553763985634,9.601166675565764e-05,0.021031439304351807,,,51499,0.027123838663101196,1.0,0.042088285088539124
0.058649465441703796,,,0.16133855283260345,4,,,0.05702885985374451,,,,,0.00350584601983428,0.0,0.0,0.06665437668561935,0.016952553763985634,9.601166675565764e-05,0.021031439304351807,,,51549,0.027123838663101196,1.0,0.042088285088539124
0.058649465441703796,,,0.16133855283260345,4,,,0.0017219053115695715,,,,,0.005075089633464813,0.0,0.0,0.055569831281900406,0.021790700033307076,9.599636541679502e-05,0.021031439304351807,,,51599,0.03242277354001999,1.0,0.042088285088539124
0.058649465441703796,,,0.16133855283260345,4,,,0.0017219053115695715,,,,,0.005075089633464813,0.0,0.0,0.055569831281900406,0.021790700033307076,9.599636541679502e-05,0.021031439304351807,,,51649,0.03242277354001999,1.0,0.042088285088539124
0.058649465441703796,,,0.16133855283260345,4,,,0.0015745289856567979,,,,,0.005254226736724377,0.0,0.0,0.05499114841222763,0.020150762051343918,9.598103497410193e-05,0.021031439304351807,,,51699,0.030904103070497513,1.0,0.042088285088539124
0.058649465441703796,,,0.16133855283260345,4,,,0.0015745289856567979,,,,,0.005254226736724377,0.0,0.0,0.05499114841222763,0.020150762051343918,9.598103497410193e-05,0.021031439304351807,,,51749,0.030904103070497513,1.0,0.042088285088539124
0.058649465441703796,,,0.16133855283260345,4,,,0.0018418659456074238,,,,,0.004708913154900074,0.0,0.0,0.053759604692459106,0.019711464643478394,9.596567542757839e-05,0.021031439304351807,,,51799,0.029796337708830833,1.0,0.042088285088539124
0.058649465441703796,,,0.16133855283260345,4,,,0.0018418659456074238,,,,,0.004708913154900074,0.0,0.0,0.053759604692459106,0.019711464643478394,9.596567542757839e-05,0.021031439304351807,,,51849,0.029796337708830833,1.0,0.042088285088539124
0.058649465441703796,,,0.16133855283260345,4,,,0.0017087215092033148,,,,,0.005038428585976362,0.0,0.0,0.048306163400411606,0.021125739440321922,9.595028677722439e-05,0.021031439304351807,,,51899,0.030994784086942673,1.0,0.042088285088539124
0.058649465441703796,,,0.16133855283260345,4,,,0.0017087215092033148,,,,,0.005038428585976362,0.0,0.0,0.048306163400411606,0.021125739440321922,9.595028677722439e-05,0.021031439304351807,,,51949,0.030994784086942673,1.0,0.042088285088539124
0.09700751304626465,,,0.40062347054481506,4,,,0.17255078256130219,,,,,0.004433040507137775,0.0,0.0,0.05983515828847885,0.02015039138495922,9.593487629899755e-05,0.044483482837677,,,51999,0.030566947534680367,1.0,0.1512628197669983
0.09700751304626465,,,0.40062347054481506,4,,,0.17255078256130219,,,,,0.004433040507137775,0.0,0.0,0.05983515828847885,0.02015039138495922,9.593487629899755e-05,0.044483482837677,,,52049,0.030566947534680367,1.0,0.1512628197669983
0.09700751304626465,,,0.40062347054481506,4,,,0.0021629941184073687,,,,,0.0050613791681826115,0.0,0.0,0.046491384506225586,0.01842004992067814,9.591942944098264e-05,0.044483482837677,,,52099,0.02813056856393814,1.0,0.1512628197669983
0.09700751304626465,,,0.40062347054481506,4,,,0.0021629941184073687,,,,,0.0050613791681826115,0.0,0.0,0.046491384506225586,0.01842004992067814,9.591942944098264e-05,0.044483482837677,,,52149,0.02813056856393814,1.0,0.1512628197669983
0.09700751304626465,,,0.40062347054481506,4,,,0.0019387375796213746,,,,,0.005293907597661018,0.0,0.0,0.05817076936364174,0.021017804741859436,9.590396075509489e-05,0.044483482837677,,,52199,0.03212878853082657,1.0,0.1512628197669983
0.09700751304626465,,,0.40062347054481506,4,,,0.0019387375796213746,,,,,0.005293907597661018,0.0,0.0,0.05817076936364174,0.021017804741859436,9.590396075509489e-05,0.044483482837677,,,52249,0.03212878853082657,1.0,0.1512628197669983
0.09700751304626465,,,0.40062347054481506,4,,,0.0014228860381990671,,,,,0.003357113339006901,0.0,0.0,0.048897143453359604,0.016179189085960388,9.588846296537668e-05,0.044483482837677,,,52299,0.024426016956567764,1.0,0.1512628197669983
0.09700751304626465,,,0.40062347054481506,4,,,0.0014228860381990671,,,,,0.003357113339006901,0.0,0.0,0.048897143453359604,0.016179189085960388,9.588846296537668e-05,0.044483482837677,,,52349,0.024426016956567764,1.0,0.1512628197669983
0.09700751304626465,,,0.40062347054481506,4,,,0.0013545987894758582,,,,,0.004316277801990509,0.0,0.0,0.055146969854831696,0.01624433696269989,9.587293607182801e-05,0.044483482837677,,,52399,0.02607531100511551,1.0,0.1512628197669983
0.09700751304626465,,,0.40062347054481506,4,,,0.0013545987894758582,,,,,0.004316277801990509,0.0,0.0,0.055146969854831696,0.01624433696269989,9.587293607182801e-05,0.044483482837677,,,52449,0.02607531100511551,1.0,0.1512628197669983
0.11418315023183823,,,0.2713455855846405,4,,,0.25836753845214844,,,,,0.005122669972479343,0.0,0.0,0.0496448315680027,0.012876822613179684,9.585738007444888e-05,0.020823167636990547,,,52499,0.022963974624872208,1.0,0.0645119771361351
0.11418315023183823,,,0.2713455855846405,4,,,0.25836753845214844,,,,,0.005122669972479343,0.0,0.0,0.0496448315680027,0.012876822613179684,9.585738007444888e-05,0.020823167636990547,,,52549,0.022963974624872208,1.0,0.0645119771361351
0.11418315023183823,,,0.2713455855846405,4,,,0.00209013931453228,,,,,0.004330051597207785,0.0,0.0,0.05313196778297424,0.018687814474105835,9.58417949732393e-05,0.020823167636990547,,,52599,0.02833106368780136,1.0,0.0645119771361351
0.11418315023183823,,,0.2713455855846405,4,,,0.00209013931453228,,,,,0.004330051597207785,0.0,0.0,0.05313196778297424,0.018687814474105835,9.58417949732393e-05,0.020823167636990547,,,52649,0.02833106368780136,1.0,0.0645119771361351
0.11418315023183823,,,0.2713455855846405,4,,,0.0009283312829211354,,,,,0.004070565104484558,0.0,0.0,0.045418739318847656,0.013215870596468449,9.582618076819927e-05,0.020823167636990547,,,52699,0.021828308701515198,1.0,0.0645119771361351
0.11418315023183823,,,0.2713455855846405,4,,,0.0009283312829211354,,,,,0.004070565104484558,0.0,0.0,0.045418739318847656,0.013215870596468449,9.582618076819927e-05,0.020823167636990547,,,52749,0.021828308701515198,1.0,0.0645119771361351
0.11418315023183823,,,0.2713455855846405,4,,,0.002475414192304015,,,,,0.004417931195348501,0.0,0.0,0.056574951857328415,0.030234530568122864,9.581054473528638e-05,0.020823167636990547,,,52799,0.04030995815992355,1.0,0.0645119771361351
0.11418315023183823,,,0.2713455855846405,4,,,0.002475414192304015,,,,,0.004417931195348501,0.0,0.0,0.056574951857328415,0.030234530568122864,9.581054473528638e-05,0.020823167636990547,,,52849,0.04030995815992355,1.0,0.0645119771361351
0.11418315023183823,,,0.2713455855846405,4,,,0.0011733582941815257,,,,,0.005464524962007999,0.0,0.0,0.06561979651451111,0.018856797367334366,9.579487959854305e-05,0.020823167636990547,,,52899,0.0308833010494709,1.0,0.0645119771361351
0.11418315023183823,,,0.2713455855846405,4,,,0.0011733582941815257,,,,,0.005464524962007999,0.0,0.0,0.06561979651451111,0.018856797367334366,9.579487959854305e-05,0.020823167636990547,,,52949,0.0308833010494709,1.0,0.0645119771361351
0.07702428847551346,,,0.3490872383117676,4,,,0.16299466788768768,,,,,0.005358424037694931,0.0,0.0,0.06776702404022217,0.026810457929968834,9.577918535796925e-05,0.027303142473101616,,,52999,0.03894558548927307,1.0,0.05514141172170639
0.07702428847551346,,,0.3490872383117676,4,,,0.16299466788768768,,,,,0.005358424037694931,0.0,0.0,0.06776702404022217,0.026810457929968834,9.577918535796925e-05,0.027303142473101616,,,53049,0.03894558548927307,1.0,0.05514141172170639
0.07702428847551346,,,0.3490872383117676,4,,,0.00302481628023088,,,,,0.0038561788387596607,0.0,0.0,0.055900901556015015,0.01589241810142994,9.5763462013565e-05,0.027303142473101616,,,53099,0.025338687002658844,1.0,0.05514141172170639
0.07702428847551346,,,0.3490872383117676,4,,,0.00302481628023088,,,,,0.0038561788387596607,0.0,0.0,0.055900901556015015,0.01589241810142994,9.5763462013565e-05,0.027303142473101616,,,53149,0.025338687002658844,1.0,0.05514141172170639
0.07702428847551346,,,0.3490872383117676,4,,,0.0011852893512696028,,,,,0.0044546970166265965,0.0,0.0,0.04583286866545677,0.018678218126296997,9.57477095653303e-05,0.027303142473101616,,,53199,0.027716202661395073,1.0,0.05514141172170639
0.07702428847551346,,,0.3490872383117676,4,,,0.0011852893512696028,,,,,0.0044546970166265965,0.0,0.0,0.04583286866545677,0.018678218126296997,9.57477095653303e-05,0.027303142473101616,,,53249,0.027716202661395073,1.0,0.05514141172170639
0.07702428847551346,,,0.3490872383117676,4,,,0.0017087190644815564,,,,,0.003608760889619589,0.0,0.0,0.06177384406328201,0.021743109449744225,9.573192801326513e-05,0.027303142473101616,,,53299,0.0315292552113533,1.0,0.05514141172170639
0.07702428847551346,,,0.3490872383117676,4,,,0.0017087190644815564,,,,,0.003608760889619589,0.0,0.0,0.06177384406328201,0.021743109449744225,9.573192801326513e-05,0.027303142473101616,,,53349,0.0315292552113533,1.0,0.05514141172170639
0.07702428847551346,,,0.3490872383117676,4,,,0.0015792559133842587,,,,,0.0049839625135064125,0.0,0.0,0.047038283199071884,0.017226481810212135,9.571612463332713e-05,0.027303142473101616,,,53399,0.02691427245736122,1.0,0.05514141172170639
0.07702428847551346,,,0.3490872383117676,4,,,0.0015792559133842587,,,,,0.0049839625135064125,0.0,0.0,0.047038283199071884,0.017226481810212135,9.571612463332713e-05,0.027303142473101616,,,53449,0.02691427245736122,1.0,0.05514141172170639
0.03471069037914276,,,0.15427996218204498,4,,,0.056259527802467346,,,,,0.005323557648807764,0.0,0.0,0.05773748457431793,0.024160325527191162,9.570029214955866e-05,0.009972497820854187,,,53499,0.03525763005018234,1.0,0.03307454660534859
0.03471069037914276,,,0.15427996218204498,4,,,0.056259527802467346,,,,,0.005323557648807764,0.0,0.0,0.05773748457431793,0.024160325527191162,9.570029214955866e-05,0.009972497820854187,,,53549,0.03525763005018234,1.0,0.03307454660534859
0.03471069037914276,,,0.15427996218204498,4,,,0.0012938064755871892,,,,,0.004517895169556141,0.0,0.0,0.046409670263528824,0.017581606283783913,9.568443056195974e-05,0.009972497820854187,,,53599,0.02674046903848648,1.0,0.03307454660534859
0.03471069037914276,,,0.15427996218204498,4,,,0.0012938064755871892,,,,,0.004517895169556141,0.0,0.0,0.046409670263528824,0.017581606283783913,9.568443056195974e-05,0.009972497820854187,,,53649,0.02674046903848648,1.0,0.03307454660534859
0.03471069037914276,,,0.15427996218204498,4,,,0.0012855554232373834,,,,,0.00450907414779067,0.0,0.0,0.047618698328733444,0.013009732589125633,9.566853987053037e-05,0.009972497820854187,,,53699,0.022280676290392876,1.0,0.03307454660534859
0.03471069037914276,,,0.15427996218204498,4,,,0.0012855554232373834,,,,,0.00450907414779067,0.0,0.0,0.047618698328733444,0.013009732589125633,9.566853987053037e-05,0.009972497820854187,,,53749,0.022280676290392876,1.0,0.03307454660534859
0.03471069037914276,,,0.15427996218204498,4,,,0.001006075064651668,,,,,0.004629970528185368,0.0,0.0,0.043408796191215515,0.022127695381641388,9.565262007527053e-05,0.009972497820854187,,,53799,0.031098544597625732,1.0,0.03307454660534859
0.03471069037914276,,,0.15427996218204498,4,,,0.001006075064651668,,,,,0.004629970528185368,0.0,0.0,0.043408796191215515,0.022127695381641388,9.565262007527053e-05,0.009972497820854187,,,53849,0.031098544597625732,1.0,0.03307454660534859
0.03471069037914276,,,0.15427996218204498,4,,,0.004211315419524908,,,,,0.005186502356082201,0.0,0.0,0.05543631315231323,0.018811697140336037,9.563667117618024e-05,0.009972497820854187,,,53899,0.029541831463575363,1.0,0.03307454660534859
0.03471069037914276,,,0.15427996218204498,4,,,0.004211315419524908,,,,,0.005186502356082201,0.0,0.0,0.05543631315231323,0.018811697140336037,9.563667117618024e-05,0.009972497820854187,,,53949,0.029541831463575363,1.0,0.03307454660534859
0.034476421773433685,,,0.21673530340194702,4,,,0.06441031396389008,,,,,0.004609754309058189,0.0,0.0,0.050847895443439484,0.01471046544611454,9.562070044921711e-05,0.01677270233631134,,,53999,0.024405010044574738,1.0,0.0771150141954422
0.034476421773433685,,,0.21673530340194702,4,,,0.06441031396389008,,,,,0.004609754309058189,0.0,0.0,0.050847895443439484,0.01471046544611454,9.562070044921711e-05,0.01677270233631134,,,54049,0.024405010044574738,1.0,0.0771150141954422
0.034476421773433685,,,0.21673530340194702,4,,,0.0012101882603019476,,,,,0.004714611917734146,0.0,0.0,0.0602557435631752,0.01597212627530098,9.560470061842352e-05,0.01677270233631134,,,54099,0.026712313294410706,1.0,0.0771150141954422
0.034476421773433685,,,0.21673530340194702,4,,,0.0012101882603019476,,,,,0.004714611917734146,0.0,0.0,0.0602557435631752,0.01597212627530098,9.560470061842352e-05,0.01677270233631134,,,54149,0.026712313294410706,1.0,0.0771150141954422
0.034476421773433685,,,0.21673530340194702,4,,,0.0008873080369085073,,,,,0.004908171948045492,0.0,0.0,0.040209535509347916,0.016091879457235336,9.558867168379948e-05,0.01677270233631134,,,54199,0.025021005421876907,1.0,0.0771150141954422
0.034476421773433685,,,0.21673530340194702,4,,,0.0008873080369085073,,,,,0.004908171948045492,0.0,0.0,0.040209535509347916,0.016091879457235336,9.558867168379948e-05,0.01677270233631134,,,54249,0.025021005421876907,1.0,0.0771150141954422
0.034476421773433685,,,0.21673530340194702,4,,,0.001843606703914702,,,,,0.005132055375725031,0.0,0.0,0.05075369402766228,0.01839897595345974,9.557261364534497e-05,0.01677270233631134,,,54299,0.02860639989376068,1.0,0.0771150141954422
0.034476421773433685,,,0.21673530340194702,4,,,0.001843606703914702,,,,,0.005132055375725031,0.0,0.0,0.05075369402766228,0.01839897595345974,9.557261364534497e-05,0.01677270233631134,,,54349,0.02860639989376068,1.0,0.0771150141954422
0.034476421773433685,,,0.21673530340194702,4,,,0.002473693573847413,,,,,0.0052796914242208,0.0,0.0,0.058773938566446304,0.019242096692323685,9.555652650306001e-05,0.01677270233631134,,,54399,0.030399180948734283,1.0,0.0771150141954422
0.034476421773433685,,,0.21673530340194702,4,,,0.002473693573847413,,,,,0.0052796914242208,0.0,0.0,0.058773938566446304,0.019242096692323685,9.555652650306001e-05,0.01677270233631134,,,54449,0.030399180948734283,1.0,0.0771150141954422
0.06813272088766098,,,0.21749699115753174,4,,,0.12963980436325073,,,,,0.00540508795529604,0.0,0.0,0.06010544300079346,0.024949215352535248,9.55404102569446e-05,0.016990629956126213,,,54499,0.03636484593153,1.0,0.03064398281276226
0.06813272088766098,,,0.21749699115753174,4,,,0.12963980436325073,,,,,0.00540508795529604,0.0,0.0,0.06010544300079346,0.024949215352535248,9.55404102569446e-05,0.016990629956126213,,,54549,0.03636484593153,1.0,0.03064398281276226
0.06813272088766098,,,0.21749699115753174,4,,,0.0017998416442424059,,,,,0.0045932806096971035,0.0,0.0,0.05001469701528549,0.01853185147047043,9.552427218295634e-05,0.016990629956126213,,,54599,0.02812660112977028,1.0,0.03064398281276226
0.06813272088766098,,,0.21749699115753174,4,,,0.0017998416442424059,,,,,0.0045932806096971035,0.0,0.0,0.05001469701528549,0.01853185147047043,9.552427218295634e-05,0.016990629956126213,,,54649,0.02812660112977028,1.0,0.03064398281276226
0.06813272088766098,,,0.21749699115753174,4,,,0.002778091700747609,,,,,0.004920678678900003,0.0,0.0,0.06770042330026627,0.023159461095929146,9.550810500513762e-05,0.016990629956126213,,,54699,0.03485018014907837,1.0,0.03064398281276226
0.06813272088766098,,,0.21749699115753174,4,,,0.002778091700747609,,,,,0.004920678678900003,0.0,0.0,0.06770042330026627,0.023159461095929146,9.550810500513762e-05,0.016990629956126213,,,54749,0.03485018014907837,1.0,0.03064398281276226
0.06813272088766098,,,0.21749699115753174,4,,,0.001929211663082242,,,,,0.004517779219895601,0.0,0.0,0.050642769783735275,0.022770989686250687,9.549190872348845e-05,0.016990629956126213,,,54799,0.03235304355621338,1.0,0.03064398281276226
0.06813272088766098,,,0.21749699115753174,4,,,0.001929211663082242,,,,,0.004517779219895601,0.0,0.0,0.050642769783735275,0.022770989686250687,9.549190872348845e-05,0.016990629956126213,,,54849,0.03235304355621338,1.0,0.03064398281276226
0.06813272088766098,,,0.21749699115753174,4,,,0.002045351080596447,,,,,0.005073006730526686,0.0,0.0,0.04677840694785118,0.018968544900417328,9.547568333800882e-05,0.016990629956126213,,,54899,0.02871939167380333,1.0,0.03064398281276226
0.06813272088766098,,,0.21749699115753174,4,,,0.002045351080596447,,,,,0.005073006730526686,0.0,0.0,0.04677840694785118,0.018968544900417328,9.547568333800882e-05,0.016990629956126213,,,54949,0.02871939167380333,1.0,0.03064398281276226
0.09889452159404755,,,0.34811580181121826,4,,,0.20904739201068878,,,,,0.004807366989552975,0.0,0.0,0.047884177416563034,0.01941446214914322,9.545943612465635e-05,0.029030831530690193,,,54999,0.029010247439146042,1.0,0.15700674057006836
0.09889452159404755,,,0.34811580181121826,4,,,0.20904739201068878,,,,,0.004807366989552975,0.0,0.0,0.047884177416563034,0.01941446214914322,9.545943612465635e-05,0.029030831530690193,,,55049,0.029010247439146042,1.0,0.15700674057006836
0.09889452159404755,,,0.34811580181121826,4,,,0.0017085075378417969,,,,,0.004426590632647276,0.0,0.0,0.04753931984305382,0.01254202052950859,9.544315253151581e-05,0.029030831530690193,,,55099,0.021722543984651566,1.0,0.15700674057006836
0.09889452159404755,,,0.34811580181121826,4,,,0.0017085075378417969,,,,,0.004426590632647276,0.0,0.0,0.04753931984305382,0.01254202052950859,9.544315253151581e-05,0.029030831530690193,,,55149,0.021722543984651566,1.0,0.15700674057006836
0.09889452159404755,,,0.34811580181121826,4,,,0.0012823387514799833,,,,,0.0040648519061505795,0.0,0.0,0.04205641150474548,0.020677341148257256,9.542684711050242e-05,0.029030831530690193,,,55199,0.02894783392548561,1.0,0.15700674057006836
0.09889452159404755,,,0.34811580181121826,4,,,0.0012823387514799833,,,,,0.0040648519061505795,0.0,0.0,0.04205641150474548,0.020677341148257256,9.542684711050242e-05,0.029030831530690193,,,55249,0.02894783392548561,1.0,0.15700674057006836
0.09889452159404755,,,0.34811580181121826,4,,,0.0019835273269563913,,,,,0.004128459841012955,0.0,0.0,0.04815400391817093,0.01778717152774334,9.541051258565858e-05,0.029030831530690193,,,55299,0.026731032878160477,1.0,0.15700674057006836
0.09889452159404755,,,0.34811580181121826,4,,,0.0019835273269563913,,,,,0.004128459841012955,0.0,0.0,0.04815400391817093,0.01778717152774334,9.541051258565858e-05,0.029030831530690193,,,55349,0.026731032878160477,1.0,0.15700674057006836
0.09889452159404755,,,0.34811580181121826,4,,,0.0022170802112668753,,,,,0.005306301172822714,0.0,0.0,0.05406975373625755,0.020347028970718384,9.539414895698428e-05,0.029030831530690193,,,55399,0.03106030449271202,1.0,0.15700674057006836
0.09889452159404755,,,0.34811580181121826,4,,,0.0022170802112668753,,,,,0.005306301172822714,0.0,0.0,0.05406975373625755,0.020347028970718384,9.539414895698428e-05,0.029030831530690193,,,55449,0.03106030449271202,1.0,0.15700674057006836
0.06916726380586624,,,0.47749507427215576,4,,,0.16917605698108673,,,,,0.004905921872705221,0.0,0.0,0.04371001198887825,0.016279375180602074,9.537775622447953e-05,0.027907276526093483,,,55499,0.025556297972798347,1.0,0.08520861715078354
0.06916726380586624,,,0.47749507427215576,4,,,0.16917605698108673,,,,,0.004905921872705221,0.0,0.0,0.04371001198887825,0.016279375180602074,9.537775622447953e-05,0.027907276526093483,,,55549,0.025556297972798347,1.0,0.08520861715078354
0.06916726380586624,,,0.47749507427215576,4,,,0.0024167122319340706,,,,,0.004687359090894461,0.0,0.0,0.04681318253278732,0.02157527767121792,9.536134166410193e-05,0.027907276526093483,,,55599,0.03094395622611046,1.0,0.08520861715078354
0.06916726380586624,,,0.47749507427215576,4,,,0.0024167122319340706,,,,,0.004687359090894461,0.0,0.0,0.04681318253278732,0.02157527767121792,9.536134166410193e-05,0.027907276526093483,,,55649,0.03094395622611046,1.0,0.08520861715078354
0.06916726380586624,,,0.47749507427215576,4,,,0.0023047649301588535,,,,,0.00510045001283288,0.0,0.0,0.05314476042985916,0.022244470193982124,9.534489799989387e-05,0.027907276526093483,,,55699,0.03265939652919769,1.0,0.08520861715078354
0.06916726380586624,,,0.47749507427215576,4,,,0.0023047649301588535,,,,,0.00510045001283288,0.0,0.0,0.05314476042985916,0.022244470193982124,9.534489799989387e-05,0.027907276526093483,,,55749,0.03265939652919769,1.0,0.08520861715078354
0.06916726380586624,,,0.47749507427215576,4,,,0.0021110496018081903,,,,,0.005484899040311575,0.0,0.0,0.0643693283200264,0.019950274378061295,9.532842523185536e-05,0.027907276526093483,,,55799,0.031872108578681946,1.0,0.08520861715078354
0.06916726380586624,,,0.47749507427215576,4,,,0.0021110496018081903,,,,,0.005484899040311575,0.0,0.0,0.0643693283200264,0.019950274378061295,9.532842523185536e-05,0.027907276526093483,,,55849,0.031872108578681946,1.0,0.08520861715078354
0.06916726380586624,,,0.47749507427215576,4,,,0.0017164841992780566,,,,,0.005230374168604612,0.0,0.0,0.054079603403806686,0.01837790571153164,9.53119233599864e-05,0.027907276526093483,,,55899,0.029016241431236267,1.0,0.08520861715078354
0.06916726380586624,,,0.47749507427215576,4,,,0.0017164841992780566,,,,,0.005230374168604612,0.0,0.0,0.054079603403806686,0.01837790571153164,9.53119233599864e-05,0.027907276526093483,,,55949,0.029016241431236267,1.0,0.08520861715078354
0.06853590160608292,,,0.29969120025634766,4,,,0.15629372000694275,,,,,0.004900625441223383,0.0,0.0,0.042867060750722885,0.014440784230828285,9.529539238428697e-05,0.023283792659640312,,,55999,0.0236281156539917,1.0,0.05955228582024574
0.06853590160608292,,,0.29969120025634766,4,,,0.15629372000694275,,,,,0.004900625441223383,0.0,0.0,0.042867060750722885,0.014440784230828285,9.529539238428697e-05,0.023283792659640312,,,56049,0.0236281156539917,1.0,0.05955228582024574
0.06853590160608292,,,0.29969120025634766,4,,,0.002868327312171459,,,,,0.005249913781881332,0.0,0.0,0.052319664508104324,0.022115416824817657,9.52788395807147e-05,0.023283792659640312,,,56099,0.03259729593992233,1.0,0.05955228582024574
0.06853590160608292,,,0.29969120025634766,4,,,0.002868327312171459,,,,,0.005249913781881332,0.0,0.0,0.052319664508104324,0.022115416824817657,9.52788395807147e-05,0.023283792659640312,,,56149,0.03259729593992233,1.0,0.05955228582024574
0.06853590160608292,,,0.29969120025634766,4,,,0.0017633361276239157,,,,,0.00496567552909255,0.0,0.0,0.04591294005513191,0.021603861823678017,9.526225039735436e-05,0.023283792659640312,,,56199,0.031160831451416016,1.0,0.05955228582024574
0.06853590160608292,,,0.29969120025634766,4,,,0.0017633361276239157,,,,,0.00496567552909255,0.0,0.0,0.04591294005513191,0.021603861823678017,9.526225039735436e-05,0.023283792659640312,,,56249,0.031160831451416016,1.0,0.05955228582024574
0.06853590160608292,,,0.29969120025634766,4,,,0.00201042159460485,,,,,0.005182559601962566,0.0,0.0,0.054528381675481796,0.016808580607175827,9.524563938612118e-05,0.023283792659640312,,,56299,0.027443978935480118,1.0,0.05955228582024574
0.06853590160608292,,,0.29969120025634766,4,,,0.00201042159460485,,,,,0.005182559601962566,0.0,0.0,0.054528381675481796,0.016808580607175827,9.524563938612118e-05,0.023283792659640312,,,56349,0.027443978935480118,1.0,0.05955228582024574
0.06853590160608292,,,0.29969120025634766,4,,,0.00246538151986897,,,,,0.00495542585849762,0.0,0.0,0.04329990968108177,0.018409239128232002,9.522899927105755e-05,0.023283792659640312,,,56399,0.02769465558230877,1.0,0.05955228582024574
0.06853590160608292,,,0.29969120025634766,4,,,0.00246538151986897,,,,,0.00495542585849762,0.0,0.0,0.04329990968108177,0.018409239128232002,9.522899927105755e-05,0.023283792659640312,,,56449,0.02769465558230877,1.0,0.05955228582024574
0.058012161403894424,,,0.21079842746257782,4,,,0.09004034101963043,,,,,0.003924359567463398,0.0,0.0,0.04893840104341507,0.014924931339919567,9.521233732812107e-05,0.020261818543076515,,,56499,0.023743130266666412,1.0,0.08540703356266022
0.058012161403894424,,,0.21079842746257782,4,,,0.09004034101963043,,,,,0.003924359567463398,0.0,0.0,0.04893840104341507,0.014924931339919567,9.521233732812107e-05,0.020261818543076515,,,56549,0.023743130266666412,1.0,0.08540703356266022
0.058012161403894424,,,0.21079842746257782,4,,,0.0023198765702545643,,,,,0.0054474882781505585,0.0,0.0,0.06432458013296127,0.02720227651298046,9.519563900539652e-05,0.020261818543076515,,,56599,0.03908222168684006,1.0,0.08540703356266022
0.058012161403894424,,,0.21079842746257782,4,,,0.0023198765702545643,,,,,0.0054474882781505585,0.0,0.0,0.06432458013296127,0.02720227651298046,9.519563900539652e-05,0.020261818543076515,,,56649,0.03908222168684006,1.0,0.08540703356266022
0.058012161403894424,,,0.21079842746257782,4,,,0.00349836191162467,,,,,0.005076955072581768,0.0,0.0,0.04896283894777298,0.02310117520391941,9.517891885479912e-05,0.020261818543076515,,,56699,0.03307441622018814,1.0,0.08540703356266022
0.058012161403894424,,,0.21079842746257782,4,,,0.00349836191162467,,,,,0.005076955072581768,0.0,0.0,0.04896283894777298,0.02310117520391941,9.517891885479912e-05,0.020261818543076515,,,56749,0.03307441622018814,1.0,0.08540703356266022
0.058012161403894424,,,0.21079842746257782,4,,,0.0013208332238718867,,,,,0.005014315713196993,0.0,0.0,0.041957929730415344,0.016126958653330803,9.516216960037127e-05,0.020261818543076515,,,56799,0.025337066501379013,1.0,0.08540703356266022
0.058012161403894424,,,0.21079842746257782,4,,,0.0013208332238718867,,,,,0.005014315713196993,0.0,0.0,0.041957929730415344,0.016126958653330803,9.516216960037127e-05,0.020261818543076515,,,56849,0.025337066501379013,1.0,0.08540703356266022
0.058012161403894424,,,0.21079842746257782,4,,,0.0019405802013352513,,,,,0.004914324264973402,0.0,0.0,0.06052606180310249,0.025416579097509384,9.514539124211296e-05,0.020261818543076515,,,56899,0.03638350963592529,1.0,0.08540703356266022
0.058012161403894424,,,0.21079842746257782,4,,,0.0019405802013352513,,,,,0.004914324264973402,0.0,0.0,0.06052606180310249,0.025416579097509384,9.514539124211296e-05,0.020261818543076515,,,56949,0.03638350963592529,1.0,0.08540703356266022
0.07334580272436142,,,0.17671149969100952,4,,,0.12937425076961517,,,,,0.004060011822730303,0.0,0.0,0.08066423237323761,0.028356846421957016,9.512859105598181e-05,0.02645111083984375,,,56999,0.04048328101634979,1.0,0.05613104999065399
0.07334580272436142,,,0.17671149969100952,4,,,0.12937425076961517,,,,,0.004060011822730303,0.0,0.0,0.08066423237323761,0.028356846421957016,9.512859105598181e-05,0.02645111083984375,,,57049,0.04048328101634979,1.0,0.05613104999065399
0.07334580272436142,,,0.17671149969100952,4,,,0.001612938940525055,,,,,0.004936296492815018,0.0,0.0,0.03448065370321274,0.01723169907927513,9.51117544900626e-05,0.02645111083984375,,,57099,0.025616060942411423,1.0,0.05613104999065399
0.07334580272436142,,,0.17671149969100952,4,,,0.001612938940525055,,,,,0.004936296492815018,0.0,0.0,0.03448065370321274,0.01723169907927513,9.51117544900626e-05,0.02645111083984375,,,57149,0.025616060942411423,1.0,0.05613104999065399
0.07334580272436142,,,0.17671149969100952,4,,,0.003834378207102418,,,,,0.005544203333556652,0.0,0.0,0.06710407882928848,0.024536825716495514,9.509489609627053e-05,0.02645111083984375,,,57199,0.03679143637418747,1.0,0.05613104999065399
0.07334580272436142,,,0.17671149969100952,4,,,0.003834378207102418,,,,,0.005544203333556652,0.0,0.0,0.06710407882928848,0.024536825716495514,9.509489609627053e-05,0.02645111083984375,,,57249,0.03679143637418747,1.0,0.05613104999065399
0.07334580272436142,,,0.17671149969100952,4,,,0.0036437218077480793,,,,,0.03347466513514519,0.0,0.0,0.057297706604003906,0.011762352660298347,9.507800859864801e-05,0.02645111083984375,,,57299,0.050966791808605194,1.0,0.05613104999065399
0.07334580272436142,,,0.17671149969100952,4,,,0.0036437218077480793,,,,,0.03347466513514519,0.0,0.0,0.057297706604003906,0.011762352660298347,9.507800859864801e-05,0.02645111083984375,,,57349,0.050966791808605194,1.0,0.05613104999065399
0.07334580272436142,,,0.17671149969100952,4,,,0.0024635279551148415,,,,,0.005199060775339603,0.0,0.0,0.05623829364776611,0.022768422961235046,9.506109927315265e-05,0.02645111083984375,,,57399,0.033591315150260925,1.0,0.05613104999065399
0.07334580272436142,,,0.17671149969100952,4,,,0.0024635279551148415,,,,,0.005199060775339603,0.0,0.0,0.05623829364776611,0.022768422961235046,9.506109927315265e-05,0.02645111083984375,,,57449,0.033591315150260925,1.0,0.05613104999065399
0.09129007160663605,,,0.22984227538108826,4,,,0.18836179375648499,,,,,0.004938951693475246,0.0,0.0,0.04503187537193298,0.014790181070566177,9.504415356786922e-05,0.018484070897102356,,,57499,0.024232320487499237,1.0,0.09107589721679688
0.09129007160663605,,,0.22984227538108826,4,,,0.18836179375648499,,,,,0.004938951693475246,0.0,0.0,0.04503187537193298,0.014790181070566177,9.504415356786922e-05,0.018484070897102356,,,57549,0.024232320487499237,1.0,0.09107589721679688
0.09129007160663605,,,0.22984227538108826,4,,,0.0009376039961352944,,,,,0.004934490658342838,0.0,0.0,0.044491108506917953,0.013973956927657127,9.502718603471294e-05,0.018484070897102356,,,57599,0.023357558995485306,1.0,0.09107589721679688
0.09129007160663605,,,0.22984227538108826,4,,,0.0009376039961352944,,,,,0.004934490658342838,0.0,0.0,0.044491108506917953,0.013973956927657127,9.502718603471294e-05,0.018484070897102356,,,57649,0.023357558995485306,1.0,0.09107589721679688
0.09129007160663605,,,0.22984227538108826,4,,,0.0010413508862257004,,,,,0.004960536956787109,0.0,0.0,0.04579133540391922,0.01195617113262415,9.501018939772621e-05,0.018484070897102356,,,57699,0.021495841443538666,1.0,0.09107589721679688
0.09129007160663605,,,0.22984227538108826,4,,,0.0010413508862257004,,,,,0.004960536956787109,0.0,0.0,0.04579133540391922,0.01195617113262415,9.501018939772621e-05,0.018484070897102356,,,57749,0.021495841443538666,1.0,0.09107589721679688
0.09129007160663605,,,0.22984227538108826,4,,,0.0022440690081566572,,,,,0.005347611382603645,0.0,0.0,0.059410564601421356,0.015269489958882332,9.499316365690902e-05,0.018484070897102356,,,57799,0.026558157056570053,1.0,0.09107589721679688
0.09129007160663605,,,0.22984227538108826,4,,,0.0022440690081566572,,,,,0.005347611382603645,0.0,0.0,0.059410564601421356,0.015269489958882332,9.499316365690902e-05,0.018484070897102356,,,57849,0.026558157056570053,1.0,0.09107589721679688
0.09129007160663605,,,0.22984227538108826,4,,,0.0008641336462460458,,,,,0.004131796769797802,0.0,0.0,0.051318518817424774,0.01667374186217785,9.497611608821899e-05,0.018484070897102356,,,57899,0.025937389582395554,1.0,0.09107589721679688
0.09129007160663605,,,0.22984227538108826,4,,,0.0008641336462460458,,,,,0.004131796769797802,0.0,0.0,0.051318518817424774,0.01667374186217785,9.497611608821899e-05,0.018484070897102356,,,57949,0.025937389582395554,1.0,0.09107589721679688
0.11178082227706909,,,0.3076620101928711,4,,,0.24952644109725952,,,,,0.003920454066246748,0.0,0.0,0.04214438796043396,0.013720018789172173,9.495903213974088e-05,0.017181331291794777,,,57999,0.021854910999536514,1.0,0.09444278478622437
0.11178082227706909,,,0.3076620101928711,4,,,0.24952644109725952,,,,,0.003920454066246748,0.0,0.0,0.04214438796043396,0.013720018789172173,9.495903213974088e-05,0.017181331291794777,,,58049,0.021854910999536514,1.0,0.09444278478622437
0.11178082227706909,,,0.3076620101928711,4,,,0.0016602169489488006,,,,,0.005062794778496027,0.0,0.0,0.055584490299224854,0.021242545917630196,9.494192636338994e-05,0.017181331291794777,,,58099,0.03186379000544548,1.0,0.09444278478622437
0.11178082227706909,,,0.3076620101928711,4,,,0.0016602169489488006,,,,,0.005062794778496027,0.0,0.0,0.055584490299224854,0.021242545917630196,9.494192636338994e-05,0.017181331291794777,,,58149,0.03186379000544548,1.0,0.09444278478622437
0.11178082227706909,,,0.3076620101928711,4,,,0.002354963216930628,,,,,0.004935519304126501,0.0,0.0,0.04940586909651756,0.02078639343380928,9.492479148320854e-05,0.017181331291794777,,,58199,0.030662499368190765,1.0,0.09444278478622437
0.11178082227706909,,,0.3076620101928711,4,,,0.002354963216930628,,,,,0.004935519304126501,0.0,0.0,0.04940586909651756,0.02078639343380928,9.492479148320854e-05,0.017181331291794777,,,58249,0.030662499368190765,1.0,0.09444278478622437
0.11178082227706909,,,0.3076620101928711,4,,,0.0018365666037425399,,,,,0.0052152578718960285,0.0,0.0,0.0536336675286293,0.021691370755434036,9.490763477515429e-05,0.017181331291794777,,,58299,0.03226999565958977,1.0,0.09444278478622437
0.11178082227706909,,,0.3076620101928711,4,,,0.0018365666037425399,,,,,0.0052152578718960285,0.0,0.0,0.0536336675286293,0.021691370755434036,9.490763477515429e-05,0.017181331291794777,,,58349,0.03226999565958977,1.0,0.09444278478622437
0.11178082227706909,,,0.3076620101928711,4,,,0.0015076996060088277,,,,,0.005198933649808168,0.0,0.0,0.05395613983273506,0.01380159892141819,9.489044168731198e-05,0.017181331291794777,,,58399,0.024396147578954697,1.0,0.09444278478622437
0.11178082227706909,,,0.3076620101928711,4,,,0.0015076996060088277,,,,,0.005198933649808168,0.0,0.0,0.05395613983273506,0.01380159892141819,9.489044168731198e-05,0.017181331291794777,,,58449,0.024396147578954697,1.0,0.09444278478622437
0.09965265542268753,,,0.357178658246994,4,,,0.1882089376449585,,,,,0.005233977921307087,0.0,0.0,0.055491235107183456,0.01407913863658905,9.487322677159682e-05,0.012118036858737469,,,58499,0.024862240999937057,1.0,0.1262078434228897
0.09965265542268753,,,0.357178658246994,4,,,0.1882089376449585,,,,,0.005233977921307087,0.0,0.0,0.055491235107183456,0.01407913863658905,9.487322677159682e-05,0.012118036858737469,,,58549,0.024862240999937057,1.0,0.1262078434228897
0.09965265542268753,,,0.357178658246994,4,,,0.0018100664019584656,,,,,0.003433787263929844,0.0,0.0,0.0520220585167408,0.016986295580863953,9.48559827520512e-05,0.012118036858737469,,,58599,0.02562228962779045,1.0,0.1262078434228897
0.09965265542268753,,,0.357178658246994,4,,,0.0018100664019584656,,,,,0.003433787263929844,0.0,0.0,0.0520220585167408,0.016986295580863953,9.48559827520512e-05,0.012118036858737469,,,58649,0.02562228962779045,1.0,0.1262078434228897
0.09965265542268753,,,0.357178658246994,4,,,0.001624596188776195,,,,,0.003820886602625251,0.0,0.0,0.047821834683418274,0.01767934300005436,9.483870962867513e-05,0.012118036858737469,,,58699,0.02628241293132305,1.0,0.1262078434228897
0.09965265542268753,,,0.357178658246994,4,,,0.001624596188776195,,,,,0.003820886602625251,0.0,0.0,0.047821834683418274,0.01767934300005436,9.483870962867513e-05,0.012118036858737469,,,58749,0.02628241293132305,1.0,0.1262078434228897
0.09965265542268753,,,0.357178658246994,4,,,0.002176668494939804,,,,,0.004867732059210539,0.0,0.0,0.05757979303598404,0.02003876306116581,9.482141467742622e-05,0.012118036858737469,,,58799,0.03066447377204895,1.0,0.1262078434228897
0.09965265542268753,,,0.357178658246994,4,,,0.002176668494939804,,,,,0.004867732059210539,0.0,0.0,0.05757979303598404,0.02003876306116581,9.482141467742622e-05,0.012118036858737469,,,58849,0.03066447377204895,1.0,0.1262078434228897
0.09965265542268753,,,0.357178658246994,4,,,0.0011377340415492654,,,,,0.005434210412204266,0.0,0.0,0.05875994265079498,0.016098471358418465,9.480409062234685e-05,0.012118036858737469,,,58899,0.027408676221966743,1.0,0.1262078434228897
0.09965265542268753,,,0.357178658246994,4,,,0.0011377340415492654,,,,,0.005434210412204266,0.0,0.0,0.05875994265079498,0.016098471358418465,9.480409062234685e-05,0.012118036858737469,,,58949,0.027408676221966743,1.0,0.1262078434228897
0.14779862761497498,,,0.38052698969841003,4,,,0.315856397151947,,,,,0.005254646763205528,0.0,0.0,0.05301683396100998,0.025332827121019363,9.478673746343702e-05,0.02961473912000656,,,58999,0.0358891561627388,1.0,0.07661645859479904
0.14779862761497498,,,0.38052698969841003,4,,,0.315856397151947,,,,,0.005254646763205528,0.0,0.0,0.05301683396100998,0.025332827121019363,9.478673746343702e-05,0.02961473912000656,,,59049,0.0358891561627388,1.0,0.07661645859479904
0.14779862761497498,,,0.38052698969841003,4,,,0.004370577167719603,,,,,0.004995484370738268,0.0,0.0,0.05826430767774582,0.02382773719727993,9.476935520069674e-05,0.02961473912000656,,,59099,0.03464965149760246,1.0,0.07661645859479904
0.14779862761497498,,,0.38052698969841003,4,,,0.004370577167719603,,,,,0.004995484370738268,0.0,0.0,0.05826430767774582,0.02382773719727993,9.476935520069674e-05,0.02961473912000656,,,59149,0.03464965149760246,1.0,0.07661645859479904
0.14779862761497498,,,0.38052698969841003,4,,,0.0024456207174807787,,,,,0.0042923977598547935,0.0,0.0,0.04878196120262146,0.023671865463256836,9.4751943834126e-05,0.02961473912000656,,,59199,0.03284245729446411,1.0,0.07661645859479904
0.14779862761497498,,,0.38052698969841003,4,,,0.0024456207174807787,,,,,0.0042923977598547935,0.0,0.0,0.04878196120262146,0.023671865463256836,9.4751943834126e-05,0.02961473912000656,,,59249,0.03284245729446411,1.0,0.07661645859479904
0.14779862761497498,,,0.38052698969841003,4,,,0.0016712747747078538,,,,,0.00542100053280592,0.0,0.0,0.05714266747236252,0.013488744385540485,9.473451063968241e-05,0.02961473912000656,,,59299,0.024624012410640717,1.0,0.07661645859479904
0.14779862761497498,,,0.38052698969841003,4,,,0.0016712747747078538,,,,,0.00542100053280592,0.0,0.0,0.05714266747236252,0.013488744385540485,9.473451063968241e-05,0.02961473912000656,,,59349,0.024624012410640717,1.0,0.07661645859479904
0.14779862761497498,,,0.38052698969841003,4,,,0.002532375743612647,,,,,0.005131458397954702,0.0,0.0,0.04939187318086624,0.029486533254384995,9.471704834140837e-05,0.02961473912000656,,,59399,0.03955718129873276,1.0,0.07661645859479904
0.14779862761497498,,,0.38052698969841003,4,,,0.002532375743612647,,,,,0.005131458397954702,0.0,0.0,0.04939187318086624,0.029486533254384995,9.471704834140837e-05,0.02961473912000656,,,59449,0.03955718129873276,1.0,0.07661645859479904
0.04276299104094505,,,0.20737296342849731,4,,,0.10767136514186859,,,,,0.0026619595009833574,0.0,0.0,0.051416508853435516,0.02037239260971546,9.469955693930387e-05,0.019296295940876007,,,59499,0.028176002204418182,1.0,0.034248244017362595
0.04276299104094505,,,0.20737296342849731,4,,,0.10767136514186859,,,,,0.0026619595009833574,0.0,0.0,0.051416508853435516,0.02037239260971546,9.469955693930387e-05,0.019296295940876007,,,59549,0.028176002204418182,1.0,0.034248244017362595
0.04276299104094505,,,0.20737296342849731,4,,,0.0009875042596831918,,,,,0.0035865746904164553,0.0,0.0,0.05996473878622055,0.017617473378777504,9.468204370932654e-05,0.019296295940876007,,,59599,0.027200521901249886,1.0,0.034248244017362595
0.04276299104094505,,,0.20737296342849731,4,,,0.0009875042596831918,,,,,0.0035865746904164553,0.0,0.0,0.05996473878622055,0.017617473378777504,9.468204370932654e-05,0.019296295940876007,,,59649,0.027200521901249886,1.0,0.034248244017362595
0.04276299104094505,,,0.20737296342849731,4,,,0.0017194191459566355,,,,,0.0043333470821380615,0.0,0.0,0.051797281950712204,0.02000097557902336,9.466450137551874e-05,0.019296295940876007,,,59699,0.029514051973819733,1.0,0.034248244017362595
0.04276299104094505,,,0.20737296342849731,4,,,0.0017194191459566355,,,,,0.0043333470821380615,0.0,0.0,0.051797281950712204,0.02000097557902336,9.466450137551874e-05,0.019296295940876007,,,59749,0.029514051973819733,1.0,0.034248244017362595
0.04276299104094505,,,0.20737296342849731,4,,,0.001968781929463148,,,,,0.0054371776059269905,0.0,0.0,0.06255795806646347,0.01772492006421089,9.464692993788049e-05,0.019296295940876007,,,59799,0.029417892917990685,1.0,0.034248244017362595
0.04276299104094505,,,0.20737296342849731,4,,,0.001968781929463148,,,,,0.0054371776059269905,0.0,0.0,0.06255795806646347,0.01772492006421089,9.464692993788049e-05,0.019296295940876007,,,59849,0.029417892917990685,1.0,0.034248244017362595
0.04276299104094505,,,0.20737296342849731,4,,,0.0015283199027180672,,,,,0.004193250089883804,0.0,0.0,0.05446677282452583,0.023561034351587296,9.462932939641178e-05,0.019296295940876007,,,59899,0.03320096433162689,1.0,0.034248244017362595
0.04276299104094505,,,0.20737296342849731,4,,,0.0015283199027180672,,,,,0.004193250089883804,0.0,0.0,0.05446677282452583,0.023561034351587296,9.462932939641178e-05,0.019296295940876007,,,59949,0.03320096433162689,1.0,0.034248244017362595
0.03279884532094002,,,0.25471341609954834,4,,,0.0772830992937088,,,,,0.0034241261892020702,0.0,0.0,0.04500382021069527,0.01673356629908085,9.461170702707022e-05,0.020249608904123306,,,59999,0.024658074602484703,1.0,0.030802227556705475
0.03279884532094002,,,0.25471341609954834,4,,,0.0772830992937088,,,,,0.0034241261892020702,0.0,0.0,0.04500382021069527,0.01673356629908085,9.461170702707022e-05,0.020249608904123306,,,60049,0.024658074602484703,1.0,0.030802227556705475
0.03279884532094002,,,0.25471341609954834,4,,,0.0007156991632655263,,,,,0.005013766698539257,0.0,0.0,0.045713432133197784,0.015288900583982468,9.45940482779406e-05,0.020249608904123306,,,60099,0.024874011054635048,1.0,0.030802227556705475
0.03279884532094002,,,0.25471341609954834,4,,,0.0007156991632655263,,,,,0.005013766698539257,0.0,0.0,0.045713432133197784,0.015288900583982468,9.45940482779406e-05,0.020249608904123306,,,60149,0.024874011054635048,1.0,0.030802227556705475
0.03279884532094002,,,0.25471341609954834,4,,,0.0014772748108953238,,,,,0.004735428374260664,0.0,0.0,0.05815150961279869,0.020988618955016136,9.457637497689575e-05,0.020249608904123306,,,60199,0.0315391980111599,1.0,0.030802227556705475
,23.17300033569336,25.30112648010254,,4,14.422028541564941,7.028891086578369,,60200.0,19.458393096923828,0.19923032820224762,-0.12159387767314911,,,,,,,,32.33001708984375,0.9857892990112305,60199,,,
,,,,5,,,0.002044339431449771,,,,,0.004347390495240688,0.0,0.0,0.04782041907310486,0.018459435552358627,9.456928819417953e-05,,,,60249,0.027588868513703346,1.0,
,,,,5,,,0.002044339431449771,,,,,0.004347390495240688,0.0,0.0,0.04782041907310486,0.018459435552358627,9.456928819417953e-05,,,,60299,0.027588868513703346,1.0,
,,,,5,,,0.0019713114015758038,,,,,0.005258579738438129,0.0,0.0,0.056128792464733124,0.025042664259672165,9.4551571237389e-05,,,,60349,0.03591412305831909,1.0,
,,,,5,,,0.0019713114015758038,,,,,0.005258579738438129,0.0,0.0,0.056128792464733124,0.025042664259672165,9.4551571237389e-05,,,,60399,0.03591412305831909,1.0,
,,,,5,,,0.0016344942850992084,,,,,0.005339059978723526,0.0,0.0,0.05761166661977768,0.017673920840024948,9.4533825176768e-05,,,,60449,0.028774147853255272,1.0,
0.04872371256351471,,,0.18660452961921692,5,,,0.11241177469491959,,,,,0.005339059978723526,0.0,0.0,0.05761166661977768,0.017673920840024948,9.4533825176768e-05,0.011800078675150871,,,60499,0.028774147853255272,1.0,0.023753700777888298
0.04872371256351471,,,0.18660452961921692,5,,,0.0018180280458182096,,,,,0.0050542112439870834,0.0,0.0,0.04634145274758339,0.019746067002415657,9.451605728827417e-05,0.011800078675150871,,,60549,0.02943442389369011,1.0,0.023753700777888298
0.04872371256351471,,,0.18660452961921692,5,,,0.0018180280458182096,,,,,0.0050542112439870834,0.0,0.0,0.04634145274758339,0.019746067002415657,9.451605728827417e-05,0.011800078675150871,,,60599,0.02943442389369011,1.0,0.023753700777888298
0.04872371256351471,,,0.18660452961921692,5,,,0.002134079812094569,,,,,0.004646296612918377,0.0,0.0,0.051939066499471664,0.014046398922801018,9.449825301999226e-05,0.011800078675150871,,,60649,0.023886602371931076,1.0,0.023753700777888298
0.04872371256351471,,,0.18660452961921692,5,,,0.002134079812094569,,,,,0.004646296612918377,0.0,0.0,0.051939066499471664,0.014046398922801018,9.449825301999226e-05,0.011800078675150871,,,60699,0.023886602371931076,1.0,0.023753700777888298
0.04872371256351471,,,0.18660452961921692,5,,,0.0006996227893978357,,,,,0.004785476718097925,0.0,0.0,0.037834130227565765,0.016359200701117516,9.448042692383751e-05,0.011800078675150871,,,60749,0.02492808923125267,1.0,0.023753700777888298
0.04872371256351471,,,0.18660452961921692,5,,,0.0006996227893978357,,,,,0.004785476718097925,0.0,0.0,0.037834130227565765,0.016359200701117516,9.448042692383751e-05,0.011800078675150871,,,60799,0.02492808923125267,1.0,0.023753700777888298
0.04872371256351471,,,0.18660452961921692,5,,,0.0023607073817402124,,,,,0.00499606691300869,0.0,0.0,0.04259845241904259,0.0192624032497406,9.446257899980992e-05,0.011800078675150871,,,60849,0.02851831540465355,1.0,0.023753700777888298
0.04872371256351471,,,0.18660452961921692,5,,,0.0023607073817402124,,,,,0.00499606691300869,0.0,0.0,0.04259845241904259,0.0192624032497406,9.446257899980992e-05,0.011800078675150871,,,60899,0.02851831540465355,1.0,0.023753700777888298
0.04872371256351471,,,0.18660452961921692,5,,,0.0008992433431558311,,,,,0.004905839450657368,0.0,0.0,0.039990127086639404,0.01243734173476696,9.444469469599426e-05,0.011800078675150871,,,60949,0.021342193707823753,1.0,0.023753700777888298
0.04636482521891594,,,0.16253429651260376,5,,,0.09318230301141739,,,,,0.004905839450657368,0.0,0.0,0.039990127086639404,0.01243734173476696,9.444469469599426e-05,0.017930371686816216,,,60999,0.021342193707823753,1.0,0.034943725913763046
0.04636482521891594,,,0.16253429651260376,5,,,0.0041170623153448105,,,,,0.005708449985831976,0.0,0.0,0.06836497783660889,0.02182450145483017,9.442678856430575e-05,0.017930371686816216,,,61049,0.03436945006251335,1.0,0.034943725913763046
0.04636482521891594,,,0.16253429651260376,5,,,0.0041170623153448105,,,,,0.005708449985831976,0.0,0.0,0.06836497783660889,0.02182450145483017,9.442678856430575e-05,0.017930371686816216,,,61099,0.03436945006251335,1.0,0.034943725913763046
0.04636482521891594,,,0.16253429651260376,5,,,0.0015218931948766112,,,,,0.005173326004296541,0.0,0.0,0.05245649069547653,0.016637630760669708,9.440885332878679e-05,0.017930371686816216,,,61149,0.027056606486439705,1.0,0.034943725913763046
0.04636482521891594,,,0.16253429651260376,5,,,0.0015218931948766112,,,,,0.005173326004296541,0.0,0.0,0.05245649069547653,0.016637630760669708,9.440885332878679e-05,0.017930371686816216,,,61199,0.027056606486439705,1.0,0.034943725913763046
0.04636482521891594,,,0.16253429651260376,5,,,0.0013406032230705023,,,,,0.004486885853111744,0.0,0.0,0.04791508615016937,0.016342978924512863,9.439088898943737e-05,0.017930371686816216,,,61249,0.02562137320637703,1.0,0.034943725913763046
0.04636482521891594,,,0.16253429651260376,5,,,0.0013406032230705023,,,,,0.004486885853111744,0.0,0.0,0.04791508615016937,0.016342978924512863,9.439088898943737e-05,0.017930371686816216,,,61299,0.02562137320637703,1.0,0.034943725913763046
0.04636482521891594,,,0.16253429651260376,5,,,0.0025718628894537687,,,,,0.0043676975183188915,0.0,0.0,0.04127290099859238,0.020038969814777374,9.437290282221511e-05,0.017930371686816216,,,61349,0.02853395789861679,1.0,0.034943725913763046
0.04636482521891594,,,0.16253429651260376,5,,,0.0025718628894537687,,,,,0.0043676975183188915,0.0,0.0,0.04127290099859238,0.020038969814777374,9.437290282221511e-05,0.017930371686816216,,,61399,0.02853395789861679,1.0,0.034943725913763046
0.04636482521891594,,,0.16253429651260376,5,,,0.0018885041354224086,,,,,0.005170849617570639,0.0,0.0,0.050507090985774994,0.017836611717939377,9.435488027520478e-05,0.017930371686816216,,,61449,0.028058171272277832,1.0,0.034943725913763046
0.05412706732749939,,,0.17282524704933167,5,,,0.060924310237169266,,,,,0.005170849617570639,0.0,0.0,0.050507090985774994,0.017836611717939377,9.435488027520478e-05,0.023063400760293007,,,61499,0.028058171272277832,1.0,0.007791112642735243
0.05412706732749939,,,0.17282524704933167,5,,,0.0013551360461860895,,,,,0.005551401525735855,0.0,0.0,0.0628761276602745,0.019928153604269028,9.433684317627922e-05,0.023063400760293007,,,61549,0.031767167150974274,1.0,0.007791112642735243
0.05412706732749939,,,0.17282524704933167,5,,,0.0013551360461860895,,,,,0.005551401525735855,0.0,0.0,0.0628761276602745,0.019928153604269028,9.433684317627922e-05,0.023063400760293007,,,61599,0.031767167150974274,1.0,0.007791112642735243
0.05412706732749939,,,0.17282524704933167,5,,,0.002669852925464511,,,,,0.004924871027469635,0.0,0.0,0.05623161420226097,0.017027156427502632,9.431876969756559e-05,0.023063400760293007,,,61649,0.027575189247727394,1.0,0.007791112642735243
0.05412706732749939,,,0.17282524704933167,5,,,0.002669852925464511,,,,,0.004924871027469635,0.0,0.0,0.05623161420226097,0.017027156427502632,9.431876969756559e-05,0.023063400760293007,,,61699,0.027575189247727394,1.0,0.007791112642735243
0.05412706732749939,,,0.17282524704933167,5,,,0.0016761471051722765,,,,,0.00527636893093586,0.0,0.0,0.053970325738191605,0.022213498130440712,9.430067439097911e-05,0.023063400760293007,,,61749,0.03288690000772476,1.0,0.007791112642735243
0.05412706732749939,,,0.17282524704933167,5,,,0.0016761471051722765,,,,,0.00527636893093586,0.0,0.0,0.053970325738191605,0.022213498130440712,9.430067439097911e-05,0.023063400760293007,,,61799,0.03288690000772476,1.0,0.007791112642735243
0.05412706732749939,,,0.17282524704933167,5,,,0.003471270902082324,,,,,0.004792724270373583,0.0,0.0,0.06865471601486206,0.028191793709993362,9.428254998056218e-05,0.023063400760293007,,,61849,0.039849989116191864,1.0,0.007791112642735243
0.05412706732749939,,,0.17282524704933167,5,,,0.003471270902082324,,,,,0.004792724270373583,0.0,0.0,0.06865471601486206,0.028191793709993362,9.428254998056218e-05,0.023063400760293007,,,61899,0.039849989116191864,1.0,0.007791112642735243
0.05412706732749939,,,0.17282524704933167,5,,,0.001457617967389524,,,,,0.004469620063900948,0.0,0.0,0.04810994118452072,0.016693975776433945,9.426439646631479e-05,0.023063400760293007,,,61949,0.025974590331315994,1.0,0.007791112642735243
0.03228723630309105,,,0.2799800932407379,5,,,0.08808693289756775,,,,,0.004469620063900948,0.0,0.0,0.04810994118452072,0.016693975776433945,9.426439646631479e-05,0.02227986417710781,,,61999,0.025974590331315994,1.0,0.016909580677747726
0.03228723630309105,,,0.2799800932407379,5,,,0.001099100336432457,,,,,0.004258555825799704,0.0,0.0,0.063450887799263,0.019132548943161964,9.424621384823695e-05,0.02227986417710781,,,62049,0.029736194759607315,1.0,0.016909580677747726
0.03228723630309105,,,0.2799800932407379,5,,,0.001099100336432457,,,,,0.004258555825799704,0.0,0.0,0.063450887799263,0.019132548943161964,9.424621384823695e-05,0.02227986417710781,,,62099,0.029736194759607315,1.0,0.016909580677747726
0.03228723630309105,,,0.2799800932407379,5,,,0.0007399469031952322,,,,,0.004445158410817385,0.0,0.0,0.04816262796521187,0.014337318949401379,9.422800940228626e-05,0.02227986417710781,,,62149,0.023598741739988327,1.0,0.016909580677747726
0.03228723630309105,,,0.2799800932407379,5,,,0.0007399469031952322,,,,,0.004445158410817385,0.0,0.0,0.04816262796521187,0.014337318949401379,9.422800940228626e-05,0.02227986417710781,,,62199,0.023598741739988327,1.0,0.016909580677747726
0.03228723630309105,,,0.2799800932407379,5,,,0.0010795192793011665,,,,,0.005011403933167458,0.0,0.0,0.04998581111431122,0.016717053949832916,9.420977585250512e-05,0.02227986417710781,,,62249,0.026727039366960526,1.0,0.016909580677747726
0.03228723630309105,,,0.2799800932407379,5,,,0.0010795192793011665,,,,,0.005011403933167458,0.0,0.0,0.04998581111431122,0.016717053949832916,9.420977585250512e-05,0.02227986417710781,,,62299,0.026727039366960526,1.0,0.016909580677747726
0.03228723630309105,,,0.2799800932407379,5,,,0.000796509615611285,,,,,0.005270044319331646,0.0,0.0,0.06117843836545944,0.01753815822303295,9.419152047485113e-05,0.02227986417710781,,,62349,0.028926046565175056,1.0,0.016909580677747726
0.03228723630309105,,,0.2799800932407379,5,,,0.000796509615611285,,,,,0.005270044319331646,0.0,0.0,0.06117843836545944,0.01753815822303295,9.419152047485113e-05,0.02227986417710781,,,62399,0.028926046565175056,1.0,0.016909580677747726
0.03228723630309105,,,0.2799800932407379,5,,,0.0025942823849618435,,,,,0.004798064008355141,0.0,0.0,0.059071123600006104,0.022738762199878693,9.417323599336669e-05,0.02227986417710781,,,62449,0.033443938940763474,1.0,0.016909580677747726
0.05277474969625473,,,0.17396891117095947,5,,,0.11604008823633194,,,,,0.004798064008355141,0.0,0.0,0.059071123600006104,0.022738762199878693,9.417323599336669e-05,0.020272118970751762,,,62499,0.033443938940763474,1.0,0.0956050232052803
0.05277474969625473,,,0.17396891117095947,5,,,0.002943130210042,,,,,0.00467812130227685,0.0,0.0,0.05244806781411171,0.021398000419139862,9.415492240805179e-05,0.020272118970751762,,,62549,0.031320929527282715,1.0,0.0956050232052803
0.05277474969625473,,,0.17396891117095947,5,,,0.002943130210042,,,,,0.00467812130227685,0.0,0.0,0.05244806781411171,0.021398000419139862,9.415492240805179e-05,0.020272118970751762,,,62599,0.031320929527282715,1.0,0.0956050232052803
0.05277474969625473,,,0.17396891117095947,5,,,0.0023933371994644403,,,,,0.004175479989498854,0.0,0.0,0.04819115251302719,0.021077314391732216,9.413657971890643e-05,0.020272118970751762,,,62649,0.030071910470724106,1.0,0.0956050232052803
0.05277474969625473,,,0.17396891117095947,5,,,0.0023933371994644403,,,,,0.004175479989498854,0.0,0.0,0.04819115251302719,0.021077314391732216,9.413657971890643e-05,0.020272118970751762,,,62699,0.030071910470724106,1.0,0.0956050232052803
0.05277474969625473,,,0.17396891117095947,5,,,0.0008314052829518914,,,,,0.0052446662448346615,0.0,0.0,0.05579802021384239,0.01884358935058117,9.411821520188823e-05,0.020272118970751762,,,62749,0.029668057337403297,1.0,0.0956050232052803
0.05277474969625473,,,0.17396891117095947,5,,,0.0008314052829518914,,,,,0.0052446662448346615,0.0,0.0,0.05579802021384239,0.01884358935058117,9.411821520188823e-05,0.020272118970751762,,,62799,0.029668057337403297,1.0,0.0956050232052803
0.05277474969625473,,,0.17396891117095947,5,,,0.002070464426651597,,,,,0.0041376641020178795,0.0,0.0,0.042719658464193344,0.01702403649687767,9.409981430508196e-05,0.020272118970751762,,,62849,0.02543366700410843,1.0,0.0956050232052803
0.05277474969625473,,,0.17396891117095947,5,,,0.002070464426651597,,,,,0.0041376641020178795,0.0,0.0,0.042719658464193344,0.01702403649687767,9.409981430508196e-05,0.020272118970751762,,,62899,0.02543366700410843,1.0,0.0956050232052803
0.05277474969625473,,,0.17396891117095947,5,,,0.002410233486443758,,,,,0.004922876600176096,0.0,0.0,0.0392564982175827,0.01915782131254673,9.408139885636047e-05,0.020272118970751762,,,62949,0.02800634875893593,1.0,0.0956050232052803
0.018886646255850792,,,0.1687438040971756,5,,,0.04383562505245209,,,,,0.004922876600176096,0.0,0.0,0.0392564982175827,0.01915782131254673,9.408139885636047e-05,0.012379419058561325,,,62999,0.02800634875893593,1.0,0.012835928238928318
0.018886646255850792,,,0.1687438040971756,5,,,0.0007765957270748913,,,,,0.004165224265307188,0.0,0.0,0.04848215728998184,0.015375856310129166,9.40629470278509e-05,0.012379419058561325,,,63049,0.024389296770095825,1.0,0.012835928238928318
0.018886646255850792,,,0.1687438040971756,5,,,0.0007765957270748913,,,,,0.004165224265307188,0.0,0.0,0.04848215728998184,0.015375856310129166,9.40629470278509e-05,0.012379419058561325,,,63099,0.024389296770095825,1.0,0.012835928238928318
0.018886646255850792,,,0.1687438040971756,5,,,0.0019656247459352016,,,,,0.00580286979675293,0.0,0.0,0.06799225509166718,0.028880389407277107,9.404447337146848e-05,0.012379419058561325,,,63149,0.041482485830783844,1.0,0.012835928238928318
0.018886646255850792,,,0.1687438040971756,5,,,0.0019656247459352016,,,,,0.00580286979675293,0.0,0.0,0.06799225509166718,0.028880389407277107,9.404447337146848e-05,0.012379419058561325,,,63199,0.041482485830783844,1.0,0.012835928238928318
0.018886646255850792,,,0.1687438040971756,5,,,0.0016755502438172698,,,,,0.004806359298527241,0.0,0.0,0.06909531354904175,0.020278044044971466,9.402597061125562e-05,0.012379419058561325,,,63249,0.03199393302202225,1.0,0.012835928238928318
0.018886646255850792,,,0.1687438040971756,5,,,0.0016755502438172698,,,,,0.004806359298527241,0.0,0.0,0.06909531354904175,0.020278044044971466,9.402597061125562e-05,0.012379419058561325,,,63299,0.03199393302202225,1.0,0.012835928238928318
0.018886646255850792,,,0.1687438040971756,5,,,0.0024816379882395267,,,,,0.00406674575060606,0.0,0.0,0.052339911460876465,0.016895970329642296,9.40074460231699e-05,0.012379419058561325,,,63349,0.026196707040071487,1.0,0.012835928238928318
0.018886646255850792,,,0.1687438040971756,5,,,0.0024816379882395267,,,,,0.00406674575060606,0.0,0.0,0.052339911460876465,0.016895970329642296,9.40074460231699e-05,0.012379419058561325,,,63399,0.026196707040071487,1.0,0.012835928238928318
0.018886646255850792,,,0.1687438040971756,5,,,0.0010922739747911692,,,,,0.004297592677175999,0.0,0.0,0.0532747358083725,0.01577633060514927,9.398888505529612e-05,0.012379419058561325,,,63449,0.025401396676898003,1.0,0.012835928238928318
0.06714857369661331,,,0.23434342443943024,5,,,0.10839486867189407,,,,,0.004297592677175999,0.0,0.0,0.0532747358083725,0.01577633060514927,9.398888505529612e-05,0.02783367410302162,,,63499,0.025401396676898003,1.0,0.05500338226556778
0.06714857369661331,,,0.23434342443943024,5,,,0.0011329504195600748,,,,,0.0047552441246807575,0.0,0.0,0.06139393895864487,0.022987009957432747,9.397030953550711e-05,0.02783367410302162,,,63549,0.03388164937496185,1.0,0.05500338226556778
0.06714857369661331,,,0.23434342443943024,5,,,0.0011329504195600748,,,,,0.0047552441246807575,0.0,0.0,0.06139393895864487,0.022987009957432747,9.397030953550711e-05,0.02783367410302162,,,63599,0.03388164937496185,1.0,0.05500338226556778
0.06714857369661331,,,0.23434342443943024,5,,,0.001868705963715911,,,,,0.004593520890921354,0.0,0.0,0.057378318160772324,0.02327185869216919,9.395169763593003e-05,0.02783367410302162,,,63649,0.03360321372747421,1.0,0.05500338226556778
0.06714857369661331,,,0.23434342443943024,5,,,0.001868705963715911,,,,,0.004593520890921354,0.0,0.0,0.057378318160772324,0.02327185869216919,9.395169763593003e-05,0.02783367410302162,,,63699,0.03360321372747421,1.0,0.05500338226556778
0.06714857369661331,,,0.23434342443943024,5,,,0.0012314545456320047,,,,,0.004975853953510523,0.0,0.0,0.04774065688252449,0.02037683129310608,9.393306390848011e-05,0.02783367410302162,,,63749,0.030126750469207764,1.0,0.05500338226556778
0.06714857369661331,,,0.23434342443943024,5,,,0.0012314545456320047,,,,,0.004975853953510523,0.0,0.0,0.04774065688252449,0.02037683129310608,9.393306390848011e-05,0.02783367410302162,,,63799,0.030126750469207764,1.0,0.05500338226556778
0.06714857369661331,,,0.23434342443943024,5,,,0.00161189294885844,,,,,0.005230539012700319,0.0,0.0,0.053167954087257385,0.016898829489946365,9.391440107719973e-05,0.02783367410302162,,,63849,0.027446163818240166,1.0,0.05500338226556778
0.06714857369661331,,,0.23434342443943024,5,,,0.00161189294885844,,,,,0.005230539012700319,0.0,0.0,0.053167954087257385,0.016898829489946365,9.391440107719973e-05,0.02783367410302162,,,63899,0.027446163818240166,1.0,0.05500338226556778
0.06714857369661331,,,0.23434342443943024,5,,,0.0034484013449400663,,,,,0.00491493521258235,0.0,0.0,0.0687299370765686,0.034742604941129684,9.389570914208889e-05,0.02783367410302162,,,63949,0.04653053358197212,1.0,0.05500338226556778
0.052918724715709686,,,0.15462736785411835,5,,,0.13290955126285553,,,,,0.00491493521258235,0.0,0.0,0.0687299370765686,0.034742604941129684,9.389570914208889e-05,0.017428863793611526,,,63999,0.04653053358197212,1.0,0.01219951268285513
0.052918724715709686,,,0.15462736785411835,5,,,0.0016815788112580776,,,,,0.004495344124734402,0.0,0.0,0.047790270298719406,0.01520127896219492,9.387699537910521e-05,0.017428863793611526,,,64049,0.024475648999214172,1.0,0.01219951268285513
0.052918724715709686,,,0.15462736785411835,5,,,0.0016815788112580776,,,,,0.004495344124734402,0.0,0.0,0.047790270298719406,0.01520127896219492,9.387699537910521e-05,0.017428863793611526,,,64099,0.024475648999214172,1.0,0.01219951268285513
0.052918724715709686,,,0.15462736785411835,5,,,0.001623706892132759,,,,,0.004719325806945562,0.0,0.0,0.05550164729356766,0.019216693937778473,9.385825251229107e-05,0.017428863793611526,,,64149,0.02948618493974209,1.0,0.01219951268285513
0.052918724715709686,,,0.15462736785411835,5,,,0.001623706892132759,,,,,0.004719325806945562,0.0,0.0,0.05550164729356766,0.019216693937778473,9.385825251229107e-05,0.017428863793611526,,,64199,0.02948618493974209,1.0,0.01219951268285513
0.052918724715709686,,,0.15462736785411835,5,,,0.0013129818253219128,,,,,0.005262954626232386,0.0,0.0,0.051865145564079285,0.01755455881357193,9.383948054164648e-05,0.017428863793611526,,,64249,0.028004027903079987,1.0,0.01219951268285513
0.052918724715709686,,,0.15462736785411835,5,,,0.0013129818253219128,,,,,0.005262954626232386,0.0,0.0,0.051865145564079285,0.01755455881357193,9.383948054164648e-05,0.017428863793611526,,,64299,0.028004027903079987,1.0,0.01219951268285513
0.052918724715709686,,,0.15462736785411835,5,,,0.0010242933640256524,,,,,0.004635895602405071,0.0,0.0,0.05067640170454979,0.022418761625885963,9.382068674312904e-05,0.017428863793611526,,,64349,0.03212229907512665,1.0,0.01219951268285513
0.052918724715709686,,,0.15462736785411835,5,,,0.0010242933640256524,,,,,0.004635895602405071,0.0,0.0,0.05067640170454979,0.022418761625885963,9.382068674312904e-05,0.017428863793611526,,,64399,0.03212229907512665,1.0,0.01219951268285513
0.052918724715709686,,,0.15462736785411835,5,,,0.0014760177582502365,,,,,0.0041966852732002735,0.0,0.0,0.04965300112962723,0.012690498493611813,9.380186384078115e-05,0.017428863793611526,,,64449,0.021852483972907066,1.0,0.01219951268285513
0.05023336783051491,,,0.3194853961467743,5,,,0.13285578787326813,,,,,0.0041966852732002735,0.0,0.0,0.04965300112962723,0.012690498493611813,9.380186384078115e-05,0.023508671671152115,,,64499,0.021852483972907066,1.0,0.11230579763650894
0.05023336783051491,,,0.3194853961467743,5,,,0.0018457567784935236,,,,,0.004830470308661461,0.0,0.0,0.03965665400028229,0.018850434571504593,9.37830118346028e-05,0.023508671671152115,,,64549,0.027646571397781372,1.0,0.11230579763650894
0.05023336783051491,,,0.3194853961467743,5,,,0.0018457567784935236,,,,,0.004830470308661461,0.0,0.0,0.03965665400028229,0.018850434571504593,9.37830118346028e-05,0.023508671671152115,,,64599,0.027646571397781372,1.0,0.11230579763650894
0.05023336783051491,,,0.3194853961467743,5,,,0.0016359870787709951,,,,,0.004592457320541143,0.0,0.0,0.06047803908586502,0.019675802439451218,9.376413800055161e-05,0.023508671671152115,,,64649,0.03031606413424015,1.0,0.11230579763650894
0.05023336783051491,,,0.3194853961467743,5,,,0.0016359870787709951,,,,,0.004592457320541143,0.0,0.0,0.06047803908586502,0.019675802439451218,9.376413800055161e-05,0.023508671671152115,,,64699,0.03031606413424015,1.0,0.11230579763650894
0.05023336783051491,,,0.3194853961467743,5,,,0.0013557542115449905,,,,,0.003317152848467231,0.0,0.0,0.05193503201007843,0.01313402596861124,9.374523506266996e-05,0.023508671671152115,,,64749,0.021644681692123413,1.0,0.11230579763650894
0.05023336783051491,,,0.3194853961467743,5,,,0.0013557542115449905,,,,,0.003317152848467231,0.0,0.0,0.05193503201007843,0.01313402596861124,9.374523506266996e-05,0.023508671671152115,,,64799,0.021644681692123413,1.0,0.11230579763650894
0.05023336783051491,,,0.3194853961467743,5,,,0.000975640257820487,,,,,0.004664076492190361,0.0,0.0,0.055697303265333176,0.014835077337920666,9.372630302095786e-05,0.023508671671152115,,,64849,0.02506888285279274,1.0,0.11230579763650894
0.05023336783051491,,,0.3194853961467743,5,,,0.000975640257820487,,,,,0.004664076492190361,0.0,0.0,0.055697303265333176,0.014835077337920666,9.372630302095786e-05,0.023508671671152115,,,64899,0.02506888285279274,1.0,0.11230579763650894
0.05023336783051491,,,0.3194853961467743,5,,,0.0015467352932319045,,,,,0.005495225079357624,0.0,0.0,0.06758639961481094,0.016001349315047264,9.370734915137291e-05,0.023508671671152115,,,64949,0.028255214914679527,1.0,0.11230579763650894
0.03616251423954964,,,0.17784343659877777,5,,,0.07746420800685883,,,,,0.005495225079357624,0.0,0.0,0.06758639961481094,0.016001349315047264,9.370734915137291e-05,0.01820252276957035,,,64999,0.028255214914679527,1.0,0.030737582594156265
0.03616251423954964,,,0.17784343659877777,5,,,0.0010231143096461892,,,,,0.004218330606818199,0.0,0.0,0.04865109920501709,0.015384383499622345,9.368835890199989e-05,0.01820252276957035,,,65049,0.024467824026942253,1.0,0.030737582594156265
0.03616251423954964,,,0.17784343659877777,5,,,0.0010231143096461892,,,,,0.004218330606818199,0.0,0.0,0.04865109920501709,0.015384383499622345,9.368835890199989e-05,0.01820252276957035,,,65099,0.024467824026942253,1.0,0.030737582594156265
0.03616251423954964,,,0.17784343659877777,5,,,0.0012029890203848481,,,,,0.0040819160640239716,0.0,0.0,0.042914167046546936,0.01587534137070179,9.366935410071164e-05,0.01820252276957035,,,65149,0.024248674511909485,1.0,0.030737582594156265
0.03616251423954964,,,0.17784343659877777,5,,,0.0012029890203848481,,,,,0.0040819160640239716,0.0,0.0,0.042914167046546936,0.01587534137070179,9.366935410071164e-05,0.01820252276957035,,,65199,0.024248674511909485,1.0,0.030737582594156265
0.03616251423954964,,,0.17784343659877777,5,,,0.001972709782421589,,,,,0.00514223612844944,0.0,0.0,0.05474898964166641,0.016158578917384148,9.365031291963533e-05,0.01820252276957035,,,65249,0.02677571401000023,1.0,0.030737582594156265
0.03616251423954964,,,0.17784343659877777,5,,,0.001972709782421589,,,,,0.00514223612844944,0.0,0.0,0.05474898964166641,0.016158578917384148,9.365031291963533e-05,0.01820252276957035,,,65299,0.02677571401000023,1.0,0.030737582594156265
0.03616251423954964,,,0.17784343659877777,5,,,0.0011475046630948782,,,,,0.004015715792775154,0.0,0.0,0.04955697059631348,0.015547621063888073,9.363124991068617e-05,0.01820252276957035,,,65349,0.02451903373003006,1.0,0.030737582594156265
0.03616251423954964,,,0.17784343659877777,5,,,0.0011475046630948782,,,,,0.004015715792775154,0.0,0.0,0.04955697059631348,0.015547621063888073,9.363124991068617e-05,0.01820252276957035,,,65399,0.02451903373003006,1.0,0.030737582594156265
0.03616251423954964,,,0.17784343659877777,5,,,0.0012162973871454597,,,,,0.004015365149825811,0.0,0.0,0.056755296885967255,0.017455624416470528,9.361216507386416e-05,0.01820252276957035,,,65449,0.027146518230438232,1.0,0.030737582594156265
0.0483001172542572,,,0.15958932042121887,5,,,0.09927685558795929,,,,,0.004015365149825811,0.0,0.0,0.056755296885967255,0.017455624416470528,9.361216507386416e-05,0.014368248172104359,,,65499,0.027146518230438232,1.0,0.015271867625415325
0.0483001172542572,,,0.15958932042121887,5,,,0.0025472601410001516,,,,,0.005283736158162355,0.0,0.0,0.05168316513299942,0.026800794526934624,9.359304385725409e-05,0.014368248172104359,,,65549,0.037252847105264664,1.0,0.015271867625415325
0.0483001172542572,,,0.15958932042121887,5,,,0.0025472601410001516,,,,,0.005283736158162355,0.0,0.0,0.05168316513299942,0.026800794526934624,9.359304385725409e-05,0.014368248172104359,,,65599,0.037252847105264664,1.0,0.015271867625415325
0.0483001172542572,,,0.15958932042121887,5,,,0.001936502754688263,,,,,0.004586102440953255,0.0,0.0,0.06356099992990494,0.022086385637521744,9.357390081277117e-05,0.014368248172104359,,,65649,0.03302858769893646,1.0,0.015271867625415325
0.0483001172542572,,,0.15958932042121887,5,,,0.001936502754688263,,,,,0.004586102440953255,0.0,0.0,0.06356099992990494,0.022086385637521744,9.357390081277117e-05,0.014368248172104359,,,65699,0.03302858769893646,1.0,0.015271867625415325
0.0483001172542572,,,0.15958932042121887,5,,,0.0019242414273321629,,,,,0.004869889002293348,0.0,0.0,0.05476709455251694,0.014259148389101028,9.355473594041541e-05,0.014368248172104359,,,65749,0.024605747312307358,1.0,0.015271867625415325
0.0483001172542572,,,0.15958932042121887,5,,,0.0019242414273321629,,,,,0.004869889002293348,0.0,0.0,0.05476709455251694,0.014259148389101028,9.355473594041541e-05,0.014368248172104359,,,65799,0.024605747312307358,1.0,0.015271867625415325
0.0483001172542572,,,0.15958932042121887,5,,,0.0014382561203092337,,,,,0.005214137490838766,0.0,0.0,0.056519217789173126,0.015621169470250607,9.35355419642292e-05,0.014368248172104359,,,65849,0.026487227529287338,1.0,0.015271867625415325
0.0483001172542572,,,0.15958932042121887,5,,,0.0014382561203092337,,,,,0.005214137490838766,0.0,0.0,0.056519217789173126,0.015621169470250607,9.35355419642292e-05,0.014368248172104359,,,65899,0.026487227529287338,1.0,0.015271867625415325
0.0483001172542572,,,0.15958932042121887,5,,,0.0013399776071310043,,,,,0.004443501587957144,0.0,0.0,0.04825752228498459,0.01762537844479084,9.351631888421252e-05,0.014368248172104359,,,65949,0.02689463272690773,1.0,0.015271867625415325
0.05017763376235962,,,0.2271062135696411,5,,,0.09249629080295563,,,,,0.004443501587957144,0.0,0.0,0.04825752228498459,0.01762537844479084,9.351631888421252e-05,0.022307058796286583,,,65999,0.02689463272690773,1.0,0.12164153158664703
0.05017763376235962,,,0.2271062135696411,5,,,0.0015856768004596233,,,,,0.0042950911447405815,0.0,0.0,0.05259266123175621,0.02123977802693844,9.34970667003654e-05,0.022307058796286583,,,66049,0.030794136226177216,1.0,0.12164153158664703
0.05017763376235962,,,0.2271062135696411,5,,,0.0015856768004596233,,,,,0.0042950911447405815,0.0,0.0,0.05259266123175621,0.02123977802693844,9.34970667003654e-05,0.022307058796286583,,,66099,0.030794136226177216,1.0,0.12164153158664703
0.05017763376235962,,,0.2271062135696411,5,,,0.002098475582897663,,,,,0.0050904834643006325,0.0,0.0,0.04884910583496094,0.024944068863987923,9.347779268864542e-05,0.022307058796286583,,,66149,0.034919463098049164,1.0,0.12164153158664703
0.05017763376235962,,,0.2271062135696411,5,,,0.002098475582897663,,,,,0.0050904834643006325,0.0,0.0,0.04884910583496094,0.024944068863987923,9.347779268864542e-05,0.022307058796286583,,,66199,0.034919463098049164,1.0,0.12164153158664703
0.05017763376235962,,,0.2271062135696411,5,,,0.003909120336174965,,,,,0.003976500127464533,0.0,0.0,0.06972111016511917,0.030024338513612747,9.3458489573095e-05,0.022307058796286583,,,66249,0.04097294807434082,1.0,0.12164153158664703
0.05017763376235962,,,0.2271062135696411,5,,,0.003909120336174965,,,,,0.003976500127464533,0.0,0.0,0.06972111016511917,0.030024338513612747,9.3458489573095e-05,0.022307058796286583,,,66299,0.04097294807434082,1.0,0.12164153158664703
0.05017763376235962,,,0.2271062135696411,5,,,0.0013842872576788068,,,,,0.004904751665890217,0.0,0.0,0.04911601170897484,0.016214972361922264,9.343916462967172e-05,0.022307058796286583,,,66349,0.02603132463991642,1.0,0.12164153158664703
0.05017763376235962,,,0.2271062135696411,5,,,0.0013842872576788068,,,,,0.004904751665890217,0.0,0.0,0.04911601170897484,0.016214972361922264,9.343916462967172e-05,0.022307058796286583,,,66399,0.02603132463991642,1.0,0.12164153158664703
0.05017763376235962,,,0.2271062135696411,5,,,0.002429405227303505,,,,,0.005435215774923563,0.0,0.0,0.06009708344936371,0.018606657162308693,9.341980330646038e-05,0.022307058796286583,,,66449,0.0300515815615654,1.0,0.12164153158664703
0.03070751391351223,,,0.30626943707466125,5,,,0.08381170779466629,,,,,0.005435215774923563,0.0,0.0,0.06009708344936371,0.018606657162308693,9.341980330646038e-05,0.030544951558113098,,,66499,0.0300515815615654,1.0,0.01803489401936531
0.03070751391351223,,,0.30626943707466125,5,,,0.0012828945182263851,,,,,0.004276291001588106,0.0,0.0,0.054610636085271835,0.013682178221642971,9.340042743133381e-05,0.030544951558113098,,,66549,0.023419532924890518,1.0,0.01803489401936531
0.03070751391351223,,,0.30626943707466125,5,,,0.0012828945182263851,,,,,0.004276291001588106,0.0,0.0,0.054610636085271835,0.013682178221642971,9.340042743133381e-05,0.030544951558113098,,,66599,0.023419532924890518,1.0,0.01803489401936531
0.03070751391351223,,,0.30626943707466125,5,,,0.0010075148893520236,,,,,0.005181844346225262,0.0,0.0,0.04354499280452728,0.010685203596949577,9.338101517641917e-05,0.030544951558113098,,,66649,0.020221546292304993,1.0,0.01803489401936531
0.03070751391351223,,,0.30626943707466125,5,,,0.0010075148893520236,,,,,0.005181844346225262,0.0,0.0,0.04354499280452728,0.010685203596949577,9.338101517641917e-05,0.030544951558113098,,,66699,0.020221546292304993,1.0,0.01803489401936531
0.03070751391351223,,,0.30626943707466125,5,,,0.0017326661618426442,,,,,0.004340717103332281,0.0,0.0,0.06014344468712807,0.014762063510715961,9.336158109363168e-05,0.030544951558113098,,,66749,0.02511712536215782,1.0,0.01803489401936531
0.03070751391351223,,,0.30626943707466125,5,,,0.0017326661618426442,,,,,0.004340717103332281,0.0,0.0,0.06014344468712807,0.014762063510715961,9.336158109363168e-05,0.030544951558113098,,,66799,0.02511712536215782,1.0,0.01803489401936531
0.03070751391351223,,,0.30626943707466125,5,,,0.0032674032263457775,,,,,0.00526630412787199,0.0,0.0,0.05234353244304657,0.0229263324290514,9.334211790701374e-05,0.030544951558113098,,,66849,0.03342698886990547,1.0,0.01803489401936531
0.03070751391351223,,,0.30626943707466125,5,,,0.0032674032263457775,,,,,0.00526630412787199,0.0,0.0,0.05234353244304657,0.0229263324290514,9.334211790701374e-05,0.030544951558113098,,,66899,0.03342698886990547,1.0,0.01803489401936531
0.03070751391351223,,,0.30626943707466125,5,,,0.0017547347815707326,,,,,0.004424094222486019,0.0,0.0,0.04861167073249817,0.020129986107349396,9.332263289252296e-05,0.030544951558113098,,,66949,0.029415247961878777,1.0,0.01803489401936531
0.08557556569576263,,,0.35737720131874084,5,,,0.19563300907611847,,,,,0.004424094222486019,0.0,0.0,0.04861167073249817,0.020129986107349396,9.332263289252296e-05,0.01785416714847088,,,66999,0.029415247961878777,1.0,0.07728934288024902
0.08557556569576263,,,0.35737720131874084,5,,,0.0024054618552327156,,,,,0.0045599183067679405,0.0,0.0,0.057853199541568756,0.022195173427462578,9.330311877420172e-05,0.01785416714847088,,,67049,0.03254041075706482,1.0,0.07728934288024902
0.08557556569576263,,,0.35737720131874084,5,,,0.0024054618552327156,,,,,0.0045599183067679405,0.0,0.0,0.057853199541568756,0.022195173427462578,9.330311877420172e-05,0.01785416714847088,,,67099,0.03254041075706482,1.0,0.07728934288024902
0.08557556569576263,,,0.35737720131874084,5,,,0.001378341461531818,,,,,0.004228304140269756,0.0,0.0,0.03829719498753548,0.017287522554397583,9.328358282800764e-05,0.01785416714847088,,,67149,0.025345545262098312,1.0,0.07728934288024902
0.08557556569576263,,,0.35737720131874084,5,,,0.001378341461531818,,,,,0.004228304140269756,0.0,0.0,0.03829719498753548,0.017287522554397583,9.328358282800764e-05,0.01785416714847088,,,67199,0.025345545262098312,1.0,0.07728934288024902
0.08557556569576263,,,0.35737720131874084,5,,,0.001335408422164619,,,,,0.004570705816149712,0.0,0.0,0.04955657199025154,0.014329411089420319,9.326401050202549e-05,0.01785416714847088,,,67249,0.023855773732066154,1.0,0.07728934288024902
0.08557556569576263,,,0.35737720131874084,5,,,0.001335408422164619,,,,,0.004570705816149712,0.0,0.0,0.04955657199025154,0.014329411089420319,9.326401050202549e-05,0.01785416714847088,,,67299,0.023855773732066154,1.0,0.07728934288024902
0.08557556569576263,,,0.35737720131874084,5,,,0.0017619531136006117,,,,,0.005220511928200722,0.0,0.0,0.054196059703826904,0.01768999919295311,9.32444236241281e-05,0.01785416714847088,,,67349,0.028330117464065552,1.0,0.07728934288024902
0.08557556569576263,,,0.35737720131874084,5,,,0.0017619531136006117,,,,,0.005220511928200722,0.0,0.0,0.054196059703826904,0.01768999919295311,9.32444236241281e-05,0.01785416714847088,,,67399,0.028330117464065552,1.0,0.07728934288024902
0.08557556569576263,,,0.35737720131874084,5,,,0.002080453559756279,,,,,0.004078035242855549,0.0,0.0,0.043460503220558167,0.01469285786151886,9.322480036644265e-05,0.01785416714847088,,,67449,0.02311694249510765,1.0,0.07728934288024902
0.056081369519233704,,,0.2235644906759262,5,,,0.11169794946908951,,,,,0.004078035242855549,0.0,0.0,0.043460503220558167,0.01469285786151886,9.322480036644265e-05,0.020757362246513367,,,67499,0.02311694249510765,1.0,0.0220935195684433
0.056081369519233704,,,0.2235644906759262,5,,,0.0007081006770022213,,,,,0.004266687203198671,0.0,0.0,0.053088173270225525,0.020183615386486053,9.320515528088436e-05,0.020757362246513367,,,67549,0.02975912019610405,1.0,0.0220935195684433
0.056081369519233704,,,0.2235644906759262,5,,,0.0007081006770022213,,,,,0.004266687203198671,0.0,0.0,0.053088173270225525,0.020183615386486053,9.320515528088436e-05,0.020757362246513367,,,67599,0.02975912019610405,1.0,0.0220935195684433
0.056081369519233704,,,0.2235644906759262,5,,,0.0015610598493367434,,,,,0.0048416778445243835,0.0,0.0,0.04385475814342499,0.01799369417130947,9.31854810914956e-05,0.020757362246513367,,,67649,0.027220848947763443,1.0,0.0220935195684433
0.056081369519233704,,,0.2235644906759262,5,,,0.0015610598493367434,,,,,0.0048416778445243835,0.0,0.0,0.04385475814342499,0.01799369417130947,9.31854810914956e-05,0.020757362246513367,,,67699,0.027220848947763443,1.0,0.0220935195684433
0.056081369519233704,,,0.2235644906759262,5,,,0.0011148011544719338,,,,,0.004171648062765598,0.0,0.0,0.04933393746614456,0.015731461346149445,9.316578507423401e-05,0.020757362246513367,,,67749,0.024836502969264984,1.0,0.0220935195684433
0.056081369519233704,,,0.2235644906759262,5,,,0.0011148011544719338,,,,,0.004171648062765598,0.0,0.0,0.04933393746614456,0.015731461346149445,9.316578507423401e-05,0.020757362246513367,,,67799,0.024836502969264984,1.0,0.0220935195684433
0.056081369519233704,,,0.2235644906759262,5,,,0.0013985533732920885,,,,,0.005147535353899002,0.0,0.0,0.04576032608747482,0.022256022319197655,9.314605995314196e-05,0.020757362246513367,,,67849,0.03197959065437317,1.0,0.0220935195684433
0.056081369519233704,,,0.2235644906759262,5,,,0.0013985533732920885,,,,,0.005147535353899002,0.0,0.0,0.04576032608747482,0.022256022319197655,9.314605995314196e-05,0.020757362246513367,,,67899,0.03197959065437317,1.0,0.0220935195684433
0.056081369519233704,,,0.2235644906759262,5,,,0.0013846901711076498,,,,,0.004417291842401028,0.0,0.0,0.05157319828867912,0.015469186007976532,9.312631300417706e-05,0.020757362246513367,,,67949,0.025043796747922897,1.0,0.0220935195684433
0.03490651026368141,,,0.11917442828416824,5,,,0.07861412316560745,,,,,0.004417291842401028,0.0,0.0,0.05157319828867912,0.015469186007976532,9.312631300417706e-05,0.01607249304652214,,,67999,0.025043796747922897,1.0,0.029930908232927322
0.03490651026368141,,,0.11917442828416824,5,,,0.0013861036859452724,,,,,0.00505450926721096,0.0,0.0,0.04411870613694191,0.018789639696478844,9.31065296754241e-05,0.01607249304652214,,,68049,0.028256019577383995,1.0,0.029930908232927322
0.03490651026368141,,,0.11917442828416824,5,,,0.0013861036859452724,,,,,0.00505450926721096,0.0,0.0,0.04411870613694191,0.018789639696478844,9.31065296754241e-05,0.01607249304652214,,,68099,0.028256019577383995,1.0,0.029930908232927322
0.03490651026368141,,,0.11917442828416824,5,,,0.00176698574796319,,,,,0.0041383132338523865,0.0,0.0,0.054370325058698654,0.024972667917609215,9.30867317947559e-05,0.01607249304652214,,,68149,0.034548014402389526,1.0,0.029930908232927322
0.03490651026368141,,,0.11917442828416824,5,,,0.00176698574796319,,,,,0.0041383132338523865,0.0,0.0,0.054370325058698654,0.024972667917609215,9.30867317947559e-05,0.01607249304652214,,,68199,0.034548014402389526,1.0,0.029930908232927322
0.03490651026368141,,,0.11917442828416824,5,,,0.0014136956306174397,,,,,0.004319055937230587,0.0,0.0,0.0568297877907753,0.02116508223116398,9.306689753429964e-05,0.01607249304652214,,,68249,0.03116711601614952,1.0,0.029930908232927322
0.03490651026368141,,,0.11917442828416824,5,,,0.0014136956306174397,,,,,0.004319055937230587,0.0,0.0,0.0568297877907753,0.02116508223116398,9.306689753429964e-05,0.01607249304652214,,,68299,0.03116711601614952,1.0,0.029930908232927322
0.03490651026368141,,,0.11917442828416824,5,,,0.0008017066866159439,,,,,0.004534591920673847,0.0,0.0,0.04266985505819321,0.018128015100955963,9.304704144597054e-05,0.01607249304652214,,,68349,0.026929592713713646,1.0,0.029930908232927322
0.03490651026368141,,,0.11917442828416824,5,,,0.0008017066866159439,,,,,0.004534591920673847,0.0,0.0,0.04266985505819321,0.018128015100955963,9.304704144597054e-05,0.01607249304652214,,,68399,0.026929592713713646,1.0,0.029930908232927322
0.03490651026368141,,,0.11917442828416824,5,,,0.0014319984475150704,,,,,0.004051688127219677,0.0,0.0,0.04265794903039932,0.01646849513053894,9.302716352976859e-05,0.01607249304652214,,,68449,0.024785978719592094,1.0,0.029930908232927322
0.056531861424446106,,,0.31869742274284363,5,,,0.1605437695980072,,,,,0.004051688127219677,0.0,0.0,0.04265794903039932,0.01646849513053894,9.302716352976859e-05,0.030356086790561676,,,68499,0.024785978719592094,1.0,0.031047511845827103
0.056531861424446106,,,0.31869742274284363,5,,,0.001473819138482213,,,,,0.0035838151816278696,0.0,0.0,0.06491344422101974,0.019184501841664314,9.300724923377857e-05,0.030356086790561676,,,68549,0.029259661212563515,1.0,0.031047511845827103
0.056531861424446106,,,0.31869742274284363,5,,,0.001473819138482213,,,,,0.0035838151816278696,0.0,0.0,0.06491344422101974,0.019184501841664314,9.300724923377857e-05,0.030356086790561676,,,68599,0.029259661212563515,1.0,0.031047511845827103
0.056531861424446106,,,0.31869742274284363,5,,,0.002180958166718483,,,,,0.005230775102972984,0.0,0.0,0.053799454122781754,0.020879587158560753,9.298732038587332e-05,0.030356086790561676,,,68649,0.03149030730128288,1.0,0.031047511845827103
0.056531861424446106,,,0.31869742274284363,5,,,0.002180958166718483,,,,,0.005230775102972984,0.0,0.0,0.053799454122781754,0.020879587158560753,9.298732038587332e-05,0.030356086790561676,,,68699,0.03149030730128288,1.0,0.031047511845827103
0.056531861424446106,,,0.31869742274284363,5,,,0.0013011794071644545,,,,,0.0052554248832166195,0.0,0.0,0.0537673681974411,0.020038025453686714,9.296735515818e-05,0.030356086790561676,,,68749,0.03067018836736679,1.0,0.031047511845827103
0.056531861424446106,,,0.31869742274284363,5,,,0.0013011794071644545,,,,,0.0052554248832166195,0.0,0.0,0.0537673681974411,0.020038025453686714,9.296735515818e-05,0.030356086790561676,,,68799,0.03067018836736679,1.0,0.031047511845827103
0.056531861424446106,,,0.31869742274284363,5,,,0.0006963109481148422,,,,,0.004539350513368845,0.0,0.0,0.04327734559774399,0.017665090039372444,9.294736810261384e-05,0.030356086790561676,,,68849,0.02653217501938343,1.0,0.031047511845827103
0.056531861424446106,,,0.31869742274284363,5,,,0.0006963109481148422,,,,,0.004539350513368845,0.0,0.0,0.04327734559774399,0.017665090039372444,9.294736810261384e-05,0.030356086790561676,,,68899,0.02653217501938343,1.0,0.031047511845827103
0.056531861424446106,,,0.31869742274284363,5,,,0.0019634063355624676,,,,,0.0038397342432290316,0.0,0.0,0.04543764144182205,0.014685838483273983,9.292735921917483e-05,0.030356086790561676,,,68949,0.023069337010383606,1.0,0.031047511845827103
0.06772235780954361,,,0.20440581440925598,5,,,0.1469832807779312,,,,,0.0038397342432290316,0.0,0.0,0.04543764144182205,0.014685838483273983,9.292735921917483e-05,0.0176866352558136,,,68999,0.023069337010383606,1.0,0.0413961261510849
0.06772235780954361,,,0.20440581440925598,5,,,0.0016795526025816798,,,,,0.0049615888856351376,0.0,0.0,0.04441874101758003,0.01846885494887829,9.290731395594776e-05,0.0176866352558136,,,69049,0.027872318401932716,1.0,0.0413961261510849
0.06772235780954361,,,0.20440581440925598,5,,,0.0016795526025816798,,,,,0.0049615888856351376,0.0,0.0,0.04441874101758003,0.01846885494887829,9.290731395594776e-05,0.0176866352558136,,,69099,0.027872318401932716,1.0,0.0413961261510849
0.06772235780954361,,,0.20440581440925598,5,,,0.0020857476629316807,,,,,0.005616995505988598,0.0,0.0,0.0663674846291542,0.01889943704009056,9.288725414080545e-05,0.0176866352558136,,,69149,0.031153181567788124,1.0,0.0413961261510849
0.06772235780954361,,,0.20440581440925598,5,,,0.0020857476629316807,,,,,0.005616995505988598,0.0,0.0,0.0663674846291542,0.01889943704009056,9.288725414080545e-05,0.0176866352558136,,,69199,0.031153181567788124,1.0,0.0413961261510849
0.06772235780954361,,,0.20440581440925598,5,,,0.0016546910628676414,,,,,0.004961860366165638,0.0,0.0,0.06427893042564392,0.023007605224847794,9.286715794587508e-05,0.0176866352558136,,,69249,0.03439735621213913,1.0,0.0413961261510849
0.06772235780954361,,,0.20440581440925598,5,,,0.0016546910628676414,,,,,0.004961860366165638,0.0,0.0,0.06427893042564392,0.023007605224847794,9.286715794587508e-05,0.0176866352558136,,,69299,0.03439735621213913,1.0,0.0413961261510849
0.06772235780954361,,,0.20440581440925598,5,,,0.002691557165235281,,,,,0.0049516852013766766,0.0,0.0,0.04432661086320877,0.01501182746142149,9.284703992307186e-05,0.0176866352558136,,,69349,0.024396173655986786,1.0,0.0413961261510849
0.06772235780954361,,,0.20440581440925598,5,,,0.002691557165235281,,,,,0.0049516852013766766,0.0,0.0,0.04432661086320877,0.01501182746142149,9.284703992307186e-05,0.0176866352558136,,,69399,0.024396173655986786,1.0,0.0413961261510849
0.06772235780954361,,,0.20440581440925598,5,,,0.0024628653191030025,,,,,0.005429654382169247,0.0,0.0,0.0611787848174572,0.025593990460038185,9.28269000723958e-05,0.0176866352558136,,,69449,0.037141524255275726,1.0,0.0413961261510849
0.044337425380945206,,,0.14642658829689026,5,,,0.11328406631946564,,,,,0.005429654382169247,0.0,0.0,0.0611787848174572,0.025593990460038185,9.28269000723958e-05,0.021093204617500305,,,69499,0.037141524255275726,1.0,0.029905546456575394
0.044337425380945206,,,0.14642658829689026,5,,,0.0022687187884002924,,,,,0.004510115832090378,0.0,0.0,0.05863682180643082,0.02543015219271183,9.280672384193167e-05,0.021093204617500305,,,69549,0.03580395132303238,1.0,0.029905546456575394
0.044337425380945206,,,0.14642658829689026,5,,,0.0022687187884002924,,,,,0.004510115832090378,0.0,0.0,0.05863682180643082,0.02543015219271183,9.280672384193167e-05,0.021093204617500305,,,69599,0.03580395132303238,1.0,0.029905546456575394
0.044337425380945206,,,0.14642658829689026,5,,,0.0013733274536207318,,,,,0.004841419402509928,0.0,0.0,0.04268951714038849,0.01699770800769329,9.278653305955231e-05,0.021093204617500305,,,69649,0.02610807865858078,1.0,0.029905546456575394
0.044337425380945206,,,0.14642658829689026,5,,,0.0013733274536207318,,,,,0.004841419402509928,0.0,0.0,0.04268951714038849,0.01699770800769329,9.278653305955231e-05,0.021093204617500305,,,69699,0.02610807865858078,1.0,0.029905546456575394
0.044337425380945206,,,0.14642658829689026,5,,,0.001553689013235271,,,,,0.004928887356072664,0.0,0.0,0.058354929089546204,0.020388344302773476,9.276630589738488e-05,0.021093204617500305,,,69749,0.031152725219726562,1.0,0.029905546456575394
0.044337425380945206,,,0.14642658829689026,5,,,0.001553689013235271,,,,,0.004928887356072664,0.0,0.0,0.058354929089546204,0.020388344302773476,9.276630589738488e-05,0.021093204617500305,,,69799,0.031152725219726562,1.0,0.029905546456575394
0.044337425380945206,,,0.14642658829689026,5,,,0.002493995474651456,,,,,0.004306652117520571,0.0,0.0,0.049481213092803955,0.02311553806066513,9.274605690734461e-05,0.021093204617500305,,,69849,0.03237031400203705,1.0,0.029905546456575394
0.044337425380945206,,,0.14642658829689026,5,,,0.002493995474651456,,,,,0.004306652117520571,0.0,0.0,0.049481213092803955,0.02311553806066513,9.274605690734461e-05,0.021093204617500305,,,69899,0.03237031400203705,1.0,0.029905546456575394
0.044337425380945206,,,0.14642658829689026,5,,,0.0009993298444896936,,,,,0.004736497066915035,0.0,0.0,0.051445506513118744,0.0174323208630085,9.27257860894315e-05,0.021093204617500305,,,69949,0.027313368394970894,1.0,0.029905546456575394
0.15226179361343384,,,0.5613196492195129,5,,,0.26344770193099976,,,,,0.004736497066915035,0.0,0.0,0.051445506513118744,0.0174323208630085,9.27257860894315e-05,0.040957674384117126,,,69999,0.027313368394970894,1.0,0.13034309446811676
0.15226179361343384,,,0.5613196492195129,5,,,0.0014034934574738145,,,,,0.004343940410763025,0.0,0.0,0.05770212039351463,0.017619863152503967,9.270548616768792e-05,0.040957674384117126,,,70049,0.02773401513695717,1.0,0.13034309446811676
0.15226179361343384,,,0.5613196492195129,5,,,0.0014034934574738145,,,,,0.004343940410763025,0.0,0.0,0.05770212039351463,0.017619863152503967,9.270548616768792e-05,0.040957674384117126,,,70099,0.02773401513695717,1.0,0.13034309446811676
0.15226179361343384,,,0.5613196492195129,5,,,0.005340125877410173,,,,,0.0197590384632349,0.0,0.0,0.06555162370204926,0.014269069768488407,9.26851571421139e-05,0.040957674384117126,,,70149,0.04058327153325081,1.0,0.13034309446811676
0.15226179361343384,,,0.5613196492195129,5,,,0.005340125877410173,,,,,0.0197590384632349,0.0,0.0,0.06555162370204926,0.014269069768488407,9.26851571421139e-05,0.040957674384117126,,,70199,0.04058327153325081,1.0,0.13034309446811676
0.15226179361343384,,,0.5613196492195129,5,,,0.0014774190494790673,,,,,0.005158342886716127,0.0,0.0,0.0493386909365654,0.02072761207818985,9.266480628866702e-05,0.040957674384117126,,,70249,0.03081982396543026,1.0,0.13034309446811676
0.15226179361343384,,,0.5613196492195129,5,,,0.0014774190494790673,,,,,0.005158342886716127,0.0,0.0,0.0493386909365654,0.02072761207818985,9.266480628866702e-05,0.040957674384117126,,,70299,0.03081982396543026,1.0,0.13034309446811676
0.15226179361343384,,,0.5613196492195129,5,,,0.002732273656874895,,,,,0.004186846315860748,0.0,0.0,0.05199333652853966,0.019350571557879448,9.26444263313897e-05,0.040957674384117126,,,70349,0.028736751526594162,1.0,0.13034309446811676
0.15226179361343384,,,0.5613196492195129,5,,,0.002732273656874895,,,,,0.004186846315860748,0.0,0.0,0.05199333652853966,0.019350571557879448,9.26444263313897e-05,0.040957674384117126,,,70399,0.028736751526594162,1.0,0.13034309446811676
0.15226179361343384,,,0.5613196492195129,5,,,0.0016269529005512595,,,,,0.005273089278489351,0.0,0.0,0.054494429379701614,0.015096554532647133,9.262402454623953e-05,0.040957674384117126,,,70449,0.025819087401032448,1.0,0.13034309446811676
0.039586782455444336,,,0.18000847101211548,5,,,0.09184698015451431,,,,,0.005273089278489351,0.0,0.0,0.054494429379701614,0.015096554532647133,9.262402454623953e-05,0.011693602427840233,,,70499,0.025819087401032448,1.0,0.10362318903207779
0.039586782455444336,,,0.18000847101211548,5,,,0.0021040476858615875,,,,,0.004556110128760338,0.0,0.0,0.05472220107913017,0.019276127219200134,9.26035936572589e-05,0.011693602427840233,,,70549,0.02930445782840252,1.0,0.10362318903207779
0.039586782455444336,,,0.18000847101211548,5,,,0.0021040476858615875,,,,,0.004556110128760338,0.0,0.0,0.05472220107913017,0.019276127219200134,9.26035936572589e-05,0.011693602427840233,,,70599,0.02930445782840252,1.0,0.10362318903207779
0.039586782455444336,,,0.18000847101211548,5,,,0.001923021744005382,,,,,0.0053613618947565556,0.0,0.0,0.05585763603448868,0.023144498467445374,9.258313366444781e-05,0.011693602427840233,,,70649,0.03409162163734436,1.0,0.10362318903207779
0.039586782455444336,,,0.18000847101211548,5,,,0.001923021744005382,,,,,0.0053613618947565556,0.0,0.0,0.05585763603448868,0.023144498467445374,9.258313366444781e-05,0.011693602427840233,,,70699,0.03409162163734436,1.0,0.10362318903207779
0.039586782455444336,,,0.18000847101211548,5,,,0.0011583334999158978,,,,,0.004471202380955219,0.0,0.0,0.04816385731101036,0.01982530578970909,9.256265184376389e-05,0.011693602427840233,,,70749,0.02911289408802986,1.0,0.10362318903207779
0.039586782455444336,,,0.18000847101211548,5,,,0.0011583334999158978,,,,,0.004471202380955219,0.0,0.0,0.04816385731101036,0.01982530578970909,9.256265184376389e-05,0.011693602427840233,,,70799,0.02911289408802986,1.0,0.10362318903207779
0.039586782455444336,,,0.18000847101211548,5,,,0.0014989959308877587,,,,,0.005173343233764172,0.0,0.0,0.05316564813256264,0.016427038237452507,9.254214819520712e-05,0.011693602427840233,,,70849,0.026916947215795517,1.0,0.10362318903207779
0.039586782455444336,,,0.18000847101211548,5,,,0.0014989959308877587,,,,,0.005173343233764172,0.0,0.0,0.05316564813256264,0.016427038237452507,9.254214819520712e-05,0.011693602427840233,,,70899,0.026916947215795517,1.0,0.10362318903207779
0.039586782455444336,,,0.18000847101211548,5,,,0.0014982426073402166,,,,,0.004881223198026419,0.0,0.0,0.04368183761835098,0.019314035773277283,9.252160816686228e-05,0.011693602427840233,,,70949,0.028563443571329117,1.0,0.10362318903207779
0.10956243425607681,,,0.4284033477306366,5,,,0.2618151605129242,,,,,0.004881223198026419,0.0,0.0,0.04368183761835098,0.019314035773277283,9.252160816686228e-05,0.03610008582472801,,,70999,0.028563443571329117,1.0,0.1714622974395752
0.10956243425607681,,,0.4284033477306366,5,,,0.001843020087108016,,,,,0.005430513992905617,0.0,0.0,0.06600377708673477,0.016488999128341675,9.25010463106446e-05,0.03610008582472801,,,71049,0.0285198912024498,1.0,0.1714622974395752
0.10956243425607681,,,0.4284033477306366,5,,,0.001843020087108016,,,,,0.005430513992905617,0.0,0.0,0.06600377708673477,0.016488999128341675,9.25010463106446e-05,0.03610008582472801,,,71099,0.0285198912024498,1.0,0.1714622974395752
0.10956243425607681,,,0.4284033477306366,5,,,0.001293463516049087,,,,,0.0036838471423834562,0.0,0.0,0.04093572869896889,0.020959414541721344,9.248046262655407e-05,0.03610008582472801,,,71149,0.028736833482980728,1.0,0.1714622974395752
0.10956243425607681,,,0.4284033477306366,5,,,0.001293463516049087,,,,,0.0036838471423834562,0.0,0.0,0.04093572869896889,0.020959414541721344,9.248046262655407e-05,0.03610008582472801,,,71199,0.028736833482980728,1.0,0.1714622974395752
0.10956243425607681,,,0.4284033477306366,5,,,0.0032834731973707676,,,,,0.0054053571075201035,0.0,0.0,0.057213783264160156,0.02546657994389534,9.245984983863309e-05,0.03610008582472801,,,71249,0.03659331798553467,1.0,0.1714622974395752
0.10956243425607681,,,0.4284033477306366,5,,,0.0032834731973707676,,,,,0.0054053571075201035,0.0,0.0,0.057213783264160156,0.02546657994389534,9.245984983863309e-05,0.03610008582472801,,,71299,0.03659331798553467,1.0,0.1714622974395752
0.10956243425607681,,,0.4284033477306366,5,,,0.0032437981572002172,,,,,0.005023372359573841,0.0,0.0,0.05768829211592674,0.021999189630150795,9.243921522283927e-05,0.03610008582472801,,,71349,0.032791391015052795,1.0,0.1714622974395752
0.10956243425607681,,,0.4284033477306366,5,,,0.0032437981572002172,,,,,0.005023372359573841,0.0,0.0,0.05768829211592674,0.021999189630150795,9.243921522283927e-05,0.03610008582472801,,,71399,0.032791391015052795,1.0,0.1714622974395752
0.10956243425607681,,,0.4284033477306366,5,,,0.0010038873879238963,,,,,0.005168195813894272,0.0,0.0,0.051047831773757935,0.02674020268023014,9.241855150321499e-05,0.03610008582472801,,,71449,0.037013180553913116,1.0,0.1714622974395752
0.05104269087314606,,,0.33296287059783936,5,,,0.1256648302078247,,,,,0.005168195813894272,0.0,0.0,0.051047831773757935,0.02674020268023014,9.241855150321499e-05,0.022119008004665375,,,71499,0.037013180553913116,1.0,0.0660119578242302
0.05104269087314606,,,0.33296287059783936,5,,,0.002151703694835305,,,,,0.0055348738096654415,0.0,0.0,0.06045244634151459,0.020804310217499733,9.239785867976025e-05,0.022119008004665375,,,71549,0.03238442912697792,1.0,0.0660119578242302
0.05104269087314606,,,0.33296287059783936,5,,,0.002151703694835305,,,,,0.0055348738096654415,0.0,0.0,0.06045244634151459,0.020804310217499733,9.239785867976025e-05,0.022119008004665375,,,71599,0.03238442912697792,1.0,0.0660119578242302
0.05104269087314606,,,0.33296287059783936,5,,,0.001108167227357626,,,,,0.0042854067869484425,0.0,0.0,0.05023198947310448,0.013579259626567364,9.237714402843267e-05,0.022119008004665375,,,71649,0.02288786694407463,1.0,0.0660119578242302
0.05104269087314606,,,0.33296287059783936,5,,,0.001108167227357626,,,,,0.0042854067869484425,0.0,0.0,0.05023198947310448,0.013579259626567364,9.237714402843267e-05,0.022119008004665375,,,71699,0.02288786694407463,1.0,0.0660119578242302
0.05104269087314606,,,0.33296287059783936,5,,,0.0016585270641371608,,,,,0.005231918767094612,0.0,0.0,0.060594603419303894,0.021608952432870865,9.235640027327463e-05,0.022119008004665375,,,71749,0.032900333404541016,1.0,0.0660119578242302
0.05104269087314606,,,0.33296287059783936,5,,,0.0016585270641371608,,,,,0.005231918767094612,0.0,0.0,0.060594603419303894,0.021608952432870865,9.235640027327463e-05,0.022119008004665375,,,71799,0.032900333404541016,1.0,0.0660119578242302
0.05104269087314606,,,0.33296287059783936,5,,,0.0014217718271538615,,,,,0.005272967740893364,0.0,0.0,0.05474398285150528,0.020450517535209656,9.233563469024375e-05,0.022119008004665375,,,71849,0.031197883188724518,1.0,0.0660119578242302
0.05104269087314606,,,0.33296287059783936,5,,,0.0014217718271538615,,,,,0.005272967740893364,0.0,0.0,0.05474398285150528,0.020450517535209656,9.233563469024375e-05,0.022119008004665375,,,71899,0.031197883188724518,1.0,0.0660119578242302
0.05104269087314606,,,0.33296287059783936,5,,,0.0012109113158658147,,,,,0.004986831918358803,0.0,0.0,0.042927831411361694,0.016883041709661484,9.231484000338241e-05,0.022119008004665375,,,71949,0.026162657886743546,1.0,0.0660119578242302
0.08337396383285522,,,0.12639015913009644,5,,,0.13216465711593628,,,,,0.004986831918358803,0.0,0.0,0.042927831411361694,0.016883041709661484,9.231484000338241e-05,0.015255307778716087,,,71999,0.026162657886743546,1.0,0.07780755311250687
0.08337396383285522,,,0.12639015913009644,5,,,0.00158873968757689,,,,,0.004673852119594812,0.0,0.0,0.05745193362236023,0.01902095600962639,9.229402348864824e-05,0.015255307778716087,,,72049,0.029440000653266907,1.0,0.07780755311250687
0.08337396383285522,,,0.12639015913009644,5,,,0.00158873968757689,,,,,0.004673852119594812,0.0,0.0,0.05745193362236023,0.01902095600962639,9.229402348864824e-05,0.015255307778716087,,,72099,0.029440000653266907,1.0,0.07780755311250687
0.08337396383285522,,,0.12639015913009644,5,,,0.0024189825635403395,,,,,0.005300600081682205,0.0,0.0,0.05693741887807846,0.018057499080896378,9.22731778700836e-05,0.015255307778716087,,,72149,0.02905184030532837,1.0,0.07780755311250687
0.08337396383285522,,,0.12639015913009644,5,,,0.0024189825635403395,,,,,0.005300600081682205,0.0,0.0,0.05693741887807846,0.018057499080896378,9.22731778700836e-05,0.015255307778716087,,,72199,0.02905184030532837,1.0,0.07780755311250687
,23.12397575378418,25.317523956298828,,5,13.931459426879883,7.001391410827637,,72240.0,19.458393096923828,0.18708908557891846,-0.1129881739616394,,,,,,,,32.31891632080078,0.9862070083618164,72239,,,
,,,,6,,,0.0012612015707418323,,,,,0.005016646813601255,0.0,0.0,0.049755461513996124,0.018636297434568405,9.224395034834743e-05,,,,72249,0.02862849086523056,1.0,
,,,,6,,,0.0012612015707418323,,,,,0.005016646813601255,0.0,0.0,0.049755461513996124,0.018636297434568405,9.224395034834743e-05,,,,72299,0.02862849086523056,1.0,
,,,,6,,,0.0013360825832933187,,,,,0.004273327067494392,0.0,0.0,0.05897699296474457,0.015429883264005184,9.222304652212188e-05,,,,72349,0.025600910186767578,1.0,
,,,,6,,,0.0013360825832933187,,,,,0.004273327067494392,0.0,0.0,0.05897699296474457,0.015429883264005184,9.222304652212188e-05,,,,72399,0.025600910186767578,1.0,
,,,,6,,,0.00132502312771976,,,,,0.004254115279763937,0.0,0.0,0.04741697385907173,0.023139536380767822,9.220211359206587e-05,,,,72449,0.03213534876704216,1.0,
0.0761646181344986,,,0.26498880982398987,6,,,0.17954020202159882,,,,,0.004254115279763937,0.0,0.0,0.04741697385907173,0.023139536380767822,9.220211359206587e-05,0.014096638187766075,,,72499,0.03213534876704216,1.0,0.08024407923221588
0.0761646181344986,,,0.26498880982398987,6,,,0.002215207787230611,,,,,0.003989207558333874,0.0,0.0,0.044917479157447815,0.01658993400633335,9.218115883413702e-05,0.014096638187766075,,,72549,0.02507088892161846,1.0,0.08024407923221588
0.0761646181344986,,,0.26498880982398987,6,,,0.002215207787230611,,,,,0.003989207558333874,0.0,0.0,0.044917479157447815,0.01658993400633335,9.218115883413702e-05,0.014096638187766075,,,72599,0.02507088892161846,1.0,0.08024407923221588
0.0761646181344986,,,0.26498880982398987,6,,,0.0014718674356117845,,,,,0.004077162127941847,0.0,0.0,0.06019008159637451,0.016555046662688255,9.216017497237772e-05,0.014096638187766075,,,72649,0.02665121667087078,1.0,0.08024407923221588
0.0761646181344986,,,0.26498880982398987,6,,,0.0014718674356117845,,,,,0.004077162127941847,0.0,0.0,0.06019008159637451,0.016555046662688255,9.216017497237772e-05,0.014096638187766075,,,72699,0.02665121667087078,1.0,0.08024407923221588
0.0761646181344986,,,0.26498880982398987,6,,,0.0017863501561805606,,,,,0.004451591055840254,0.0,0.0,0.05150450021028519,0.021030258387327194,9.213916200678796e-05,0.014096638187766075,,,72749,0.030632298439741135,1.0,0.08024407923221588
0.0761646181344986,,,0.26498880982398987,6,,,0.0017863501561805606,,,,,0.004451591055840254,0.0,0.0,0.05150450021028519,0.021030258387327194,9.213916200678796e-05,0.014096638187766075,,,72799,0.030632298439741135,1.0,0.08024407923221588
0.0761646181344986,,,0.26498880982398987,6,,,0.0024117515422403812,,,,,0.004206995014101267,0.0,0.0,0.05113503336906433,0.02444564178586006,9.211812721332535e-05,0.014096638187766075,,,72849,0.033766139298677444,1.0,0.08024407923221588
0.0761646181344986,,,0.26498880982398987,6,,,0.0024117515422403812,,,,,0.004206995014101267,0.0,0.0,0.05113503336906433,0.02444564178586006,9.211812721332535e-05,0.014096638187766075,,,72899,0.033766139298677444,1.0,0.08024407923221588
0.0761646181344986,,,0.26498880982398987,6,,,0.002104172483086586,,,,,0.0033210203982889652,0.0,0.0,0.038425542414188385,0.022648554295301437,9.20970705919899e-05,0.014096638187766075,,,72949,0.029812129214406013,1.0,0.08024407923221588
0.08902505040168762,,,0.15819306671619415,6,,,0.16242554783821106,,,,,0.0033210203982889652,0.0,0.0,0.038425542414188385,0.022648554295301437,9.20970705919899e-05,0.015628715977072716,,,72999,0.029812129214406013,1.0,0.05673440545797348
0.08902505040168762,,,0.15819306671619415,6,,,0.003503573825582862,,,,,0.005649727303534746,0.0,0.0,0.0695309117436409,0.02556297928094864,9.2075984866824e-05,0.015628715977072716,,,73049,0.038165800273418427,1.0,0.05673440545797348
0.08902505040168762,,,0.15819306671619415,6,,,0.003503573825582862,,,,,0.005649727303534746,0.0,0.0,0.0695309117436409,0.02556297928094864,9.2075984866824e-05,0.015628715977072716,,,73099,0.038165800273418427,1.0,0.05673440545797348
0.08902505040168762,,,0.15819306671619415,6,,,0.0030357467476278543,,,,,0.00580996461212635,0.0,0.0,0.07075397670269012,0.035265449434518814,9.205487003782764e-05,0.015628715977072716,,,73149,0.04815081134438515,1.0,0.05673440545797348
0.08902505040168762,,,0.15819306671619415,6,,,0.0030357467476278543,,,,,0.00580996461212635,0.0,0.0,0.07075397670269012,0.035265449434518814,9.205487003782764e-05,0.015628715977072716,,,73199,0.04815081134438515,1.0,0.05673440545797348
0.08902505040168762,,,0.15819306671619415,6,,,0.002148976316675544,,,,,0.005187259986996651,0.0,0.0,0.07014557719230652,0.027471385896205902,9.203373338095844e-05,0.015628715977072716,,,73249,0.039673201739788055,1.0,0.05673440545797348
0.08902505040168762,,,0.15819306671619415,6,,,0.002148976316675544,,,,,0.005187259986996651,0.0,0.0,0.07014557719230652,0.027471385896205902,9.203373338095844e-05,0.015628715977072716,,,73299,0.039673201739788055,1.0,0.05673440545797348
0.08902505040168762,,,0.15819306671619415,6,,,0.0008884650305844843,,,,,0.00503750704228878,0.0,0.0,0.05226229876279831,0.01867058128118515,9.201256762025878e-05,0.015628715977072716,,,73349,0.02893431857228279,1.0,0.05673440545797348
0.08902505040168762,,,0.15819306671619415,6,,,0.0008884650305844843,,,,,0.00503750704228878,0.0,0.0,0.05226229876279831,0.01867058128118515,9.201256762025878e-05,0.015628715977072716,,,73399,0.02893431857228279,1.0,0.05673440545797348
0.08902505040168762,,,0.15819306671619415,6,,,0.0020387950353324413,,,,,0.005076407454907894,0.0,0.0,0.04717767983675003,0.01794295199215412,9.199138003168628e-05,0.015628715977072716,,,73449,0.027737127617001534,1.0,0.05673440545797348
0.0479457788169384,,,0.1461723893880844,6,,,0.11155359447002411,,,,,0.005076407454907894,0.0,0.0,0.04717767983675003,0.01794295199215412,9.199138003168628e-05,0.011533676646649837,,,73499,0.027737127617001534,1.0,0.03420494124293327
0.0479457788169384,,,0.1461723893880844,6,,,0.0010943772504106164,,,,,0.005113060586154461,0.0,0.0,0.047255873680114746,0.01925846002995968,9.197016333928332e-05,0.011533676646649837,,,73549,0.02909710817039013,1.0,0.03420494124293327
0.0479457788169384,,,0.1461723893880844,6,,,0.0010943772504106164,,,,,0.005113060586154461,0.0,0.0,0.047255873680114746,0.01925846002995968,9.197016333928332e-05,0.011533676646649837,,,73599,0.02909710817039013,1.0,0.03420494124293327
0.0479457788169384,,,0.1461723893880844,6,,,0.0019984357059001923,,,,,0.003111626021564007,0.0,0.0,0.06004970520734787,0.015110095031559467,9.194892481900752e-05,0.011533676646649837,,,73649,0.02422669157385826,1.0,0.03420494124293327
0.0479457788169384,,,0.1461723893880844,6,,,0.0019984357059001923,,,,,0.003111626021564007,0.0,0.0,0.06004970520734787,0.015110095031559467,9.194892481900752e-05,0.011533676646649837,,,73699,0.02422669157385826,1.0,0.03420494124293327
0.0479457788169384,,,0.1461723893880844,6,,,0.0029404526576399803,,,,,0.0052388571202754974,0.0,0.0,0.054692093282938004,0.016748864203691483,9.192766447085887e-05,0.011533676646649837,,,73749,0.02745693176984787,1.0,0.03420494124293327
0.0479457788169384,,,0.1461723893880844,6,,,0.0029404526576399803,,,,,0.0052388571202754974,0.0,0.0,0.054692093282938004,0.016748864203691483,9.192766447085887e-05,0.011533676646649837,,,73799,0.02745693176984787,1.0,0.03420494124293327
0.0479457788169384,,,0.1461723893880844,6,,,0.002097391290590167,,,,,0.005129522643983364,0.0,0.0,0.04506397992372513,0.027483783662319183,9.190636774292216e-05,0.011533676646649837,,,73849,0.037119705229997635,1.0,0.03420494124293327
0.0479457788169384,,,0.1461723893880844,6,,,0.002097391290590167,,,,,0.005129522643983364,0.0,0.0,0.04506397992372513,0.027483783662319183,9.190636774292216e-05,0.011533676646649837,,,73899,0.037119705229997635,1.0,0.03420494124293327
0.0479457788169384,,,0.1461723893880844,6,,,0.0011986264726147056,,,,,0.005199994891881943,0.0,0.0,0.051450878381729126,0.021487057209014893,9.188505646307021e-05,0.011533676646649837,,,73949,0.03183213993906975,1.0,0.03420494124293327
0.11160077154636383,,,0.3520715534687042,6,,,0.12093669921159744,,,,,0.005199994891881943,0.0,0.0,0.051450878381729126,0.021487057209014893,9.188505646307021e-05,0.03203476592898369,,,73999,0.03183213993906975,1.0,0.03554215654730797
0.11160077154636383,,,0.3520715534687042,6,,,0.0018442084547132254,,,,,0.00424178084358573,0.0,0.0,0.05523308366537094,0.023642664775252342,9.18637088034302e-05,0.03203476592898369,,,74049,0.03340775519609451,1.0,0.03554215654730797
0.11160077154636383,,,0.3520715534687042,6,,,0.0018442084547132254,,,,,0.00424178084358573,0.0,0.0,0.05523308366537094,0.023642664775252342,9.18637088034302e-05,0.03203476592898369,,,74099,0.03340775519609451,1.0,0.03554215654730797
0.11160077154636383,,,0.3520715534687042,6,,,0.0021895170211791992,,,,,0.005325429141521454,0.0,0.0,0.059637509286403656,0.01967228762805462,9.184234659187496e-05,0.03203476592898369,,,74149,0.030961468815803528,1.0,0.03554215654730797
0.11160077154636383,,,0.3520715534687042,6,,,0.0021895170211791992,,,,,0.005325429141521454,0.0,0.0,0.059637509286403656,0.01967228762805462,9.184234659187496e-05,0.03203476592898369,,,74199,0.030961468815803528,1.0,0.03554215654730797
0.11160077154636383,,,0.3520715534687042,6,,,0.0011037051444873214,,,,,0.005519811529666185,0.0,0.0,0.062300898134708405,0.020020397379994392,9.182094800053164e-05,0.03203476592898369,,,74249,0.03177029639482498,1.0,0.03554215654730797
0.11160077154636383,,,0.3520715534687042,6,,,0.0011037051444873214,,,,,0.005519811529666185,0.0,0.0,0.062300898134708405,0.020020397379994392,9.182094800053164e-05,0.03203476592898369,,,74299,0.03177029639482498,1.0,0.03554215654730797
0.11160077154636383,,,0.3520715534687042,6,,,0.0015598846366629004,,,,,0.004946466069668531,0.0,0.0,0.047601111233234406,0.013578477315604687,9.17995348572731e-05,0.03203476592898369,,,74349,0.02328505367040634,1.0,0.03554215654730797
0.11160077154636383,,,0.3520715534687042,6,,,0.0015598846366629004,,,,,0.004946466069668531,0.0,0.0,0.047601111233234406,0.013578477315604687,9.17995348572731e-05,0.03203476592898369,,,74399,0.02328505367040634,1.0,0.03554215654730797
0.11160077154636383,,,0.3520715534687042,6,,,0.002362981904298067,,,,,0.004196949303150177,0.0,0.0,0.05827169120311737,0.025586044415831566,9.177808533422649e-05,0.03203476592898369,,,74449,0.03561016172170639,1.0,0.03554215654730797
0.08323986083269119,,,0.23447991907596588,6,,,0.18124337494373322,,,,,0.004196949303150177,0.0,0.0,0.05827169120311737,0.025586044415831566,9.177808533422649e-05,0.022849854081869125,,,74499,0.03561016172170639,1.0,0.19213660061359406
0.08323986083269119,,,0.23447991907596588,6,,,0.0016718839760869741,,,,,0.0044556125067174435,0.0,0.0,0.05356350541114807,0.01721745729446411,9.175662125926465e-05,0.022849854081869125,,,74549,0.02702942118048668,1.0,0.19213660061359406
0.08323986083269119,,,0.23447991907596588,6,,,0.0016718839760869741,,,,,0.0044556125067174435,0.0,0.0,0.05356350541114807,0.01721745729446411,9.175662125926465e-05,0.022849854081869125,,,74599,0.02702942118048668,1.0,0.19213660061359406
0.08323986083269119,,,0.23447991907596588,6,,,0.00401449715718627,,,,,0.005247044377028942,0.0,0.0,0.05633101612329483,0.029667561873793602,9.173512080451474e-05,0.022849854081869125,,,74649,0.04054770618677139,1.0,0.19213660061359406
0.08323986083269119,,,0.23447991907596588,6,,,0.00401449715718627,,,,,0.005247044377028942,0.0,0.0,0.05633101612329483,0.029667561873793602,9.173512080451474e-05,0.022849854081869125,,,74699,0.04054770618677139,1.0,0.19213660061359406
0.08323986083269119,,,0.23447991907596588,6,,,0.00276198610663414,,,,,0.00515486765652895,0.0,0.0,0.05004534497857094,0.013164879754185677,9.171359852189198e-05,0.022849854081869125,,,74749,0.023324280977249146,1.0,0.19213660061359406
0.08323986083269119,,,0.23447991907596588,6,,,0.00276198610663414,,,,,0.00515486765652895,0.0,0.0,0.05004534497857094,0.013164879754185677,9.171359852189198e-05,0.022849854081869125,,,74799,0.023324280977249146,1.0,0.19213660061359406
0.08323986083269119,,,0.23447991907596588,6,,,0.0006419899873435497,,,,,0.004991752095520496,0.0,0.0,0.047421447932720184,0.018573220819234848,9.169205441139638e-05,0.022849854081869125,,,74849,0.028307117521762848,1.0,0.19213660061359406
0.08323986083269119,,,0.23447991907596588,6,,,0.0006419899873435497,,,,,0.004991752095520496,0.0,0.0,0.047421447932720184,0.018573220819234848,9.169205441139638e-05,0.022849854081869125,,,74899,0.028307117521762848,1.0,0.19213660061359406
0.08323986083269119,,,0.23447991907596588,6,,,0.0010120169026777148,,,,,0.0037151568103581667,0.0,0.0,0.04136286675930023,0.01823260635137558,9.167048119707033e-05,0.022849854081869125,,,74949,0.0260840505361557,1.0,0.19213660061359406
0.04633967950940132,,,0.14355584979057312,6,,,0.12524494528770447,,,,,0.0037151568103581667,0.0,0.0,0.04136286675930023,0.01823260635137558,9.167048119707033e-05,0.02269134484231472,,,74999,0.0260840505361557,1.0,0.04203982651233673
0.04633967950940132,,,0.14355584979057312,6,,,0.0024709817953407764,,,,,0.003961953800171614,0.0,0.0,0.04024207592010498,0.023287491872906685,9.164888615487143e-05,0.02269134484231472,,,75049,0.03127365559339523,1.0,0.04203982651233673
0.04633967950940132,,,0.14355584979057312,6,,,0.0024709817953407764,,,,,0.003961953800171614,0.0,0.0,0.04024207592010498,0.023287491872906685,9.164888615487143e-05,0.02269134484231472,,,75099,0.03127365559339523,1.0,0.04203982651233673
0.04633967950940132,,,0.14355584979057312,6,,,0.0009196208557114005,,,,,0.004547652788460255,0.0,0.0,0.04558311030268669,0.016814781352877617,9.16272692847997e-05,0.02269134484231472,,,75149,0.025920744985342026,1.0,0.04203982651233673
0.04633967950940132,,,0.14355584979057312,6,,,0.0009196208557114005,,,,,0.004547652788460255,0.0,0.0,0.04558311030268669,0.016814781352877617,9.16272692847997e-05,0.02269134484231472,,,75199,0.025920744985342026,1.0,0.04203982651233673
0.04633967950940132,,,0.14355584979057312,6,,,0.002303509507328272,,,,,0.00442240247502923,0.0,0.0,0.05496677756309509,0.02460404485464096,9.160561603493989e-05,0.02269134484231472,,,75249,0.0345231257379055,1.0,0.04203982651233673
0.04633967950940132,,,0.14355584979057312,6,,,0.002303509507328272,,,,,0.00442240247502923,0.0,0.0,0.05496677756309509,0.02460404485464096,9.160561603493989e-05,0.02269134484231472,,,75299,0.0345231257379055,1.0,0.04203982651233673
0.04633967950940132,,,0.14355584979057312,6,,,0.0009737835498526692,,,,,0.0049575986340641975,0.0,0.0,0.04531767964363098,0.02170109562575817,9.158394823316485e-05,0.02269134484231472,,,75349,0.03119046241044998,1.0,0.04203982651233673
0.04633967950940132,,,0.14355584979057312,6,,,0.0009737835498526692,,,,,0.0049575986340641975,0.0,0.0,0.04531767964363098,0.02170109562575817,9.158394823316485e-05,0.02269134484231472,,,75399,0.03119046241044998,1.0,0.04203982651233673
0.04633967950940132,,,0.14355584979057312,6,,,0.002858872525393963,,,,,0.005630858708173037,0.0,0.0,0.06307575106620789,0.02824130840599537,9.156224405160174e-05,0.02269134484231472,,,75449,0.040179744362831116,1.0,0.04203982651233673
0.06636939942836761,,,0.2814602255821228,6,,,0.12843839824199677,,,,,0.005630858708173037,0.0,0.0,0.06307575106620789,0.02824130840599537,9.156224405160174e-05,0.03513758257031441,,,75499,0.040179744362831116,1.0,0.12790998816490173
0.06636939942836761,,,0.2814602255821228,6,,,0.001964562339708209,,,,,0.005430526565760374,0.0,0.0,0.05731489136815071,0.0214295145124197,9.15405253181234e-05,0.03513758257031441,,,75549,0.032591529190540314,1.0,0.12790998816490173
0.06636939942836761,,,0.2814602255821228,6,,,0.001964562339708209,,,,,0.005430526565760374,0.0,0.0,0.05731489136815071,0.0214295145124197,9.15405253181234e-05,0.03513758257031441,,,75599,0.032591529190540314,1.0,0.12790998816490173
0.06636939942836761,,,0.2814602255821228,6,,,0.0014913149643689394,,,,,0.003958721645176411,0.0,0.0,0.04630380868911743,0.015729207545518875,9.15187774808146e-05,0.03513758257031441,,,75649,0.024318309500813484,1.0,0.12790998816490173
0.06636939942836761,,,0.2814602255821228,6,,,0.0014913149643689394,,,,,0.003958721645176411,0.0,0.0,0.04630380868911743,0.015729207545518875,9.15187774808146e-05,0.03513758257031441,,,75699,0.024318309500813484,1.0,0.12790998816490173
0.06636939942836761,,,0.2814602255821228,6,,,0.0013827759539708495,,,,,0.004533766303211451,0.0,0.0,0.062028247863054276,0.018878024071455002,9.149700053967535e-05,0.03513758257031441,,,75749,0.029614616185426712,1.0,0.12790998816490173
0.06636939942836761,,,0.2814602255821228,6,,,0.0013827759539708495,,,,,0.004533766303211451,0.0,0.0,0.062028247863054276,0.018878024071455002,9.149700053967535e-05,0.03513758257031441,,,75799,0.029614616185426712,1.0,0.12790998816490173
0.06636939942836761,,,0.2814602255821228,6,,,0.01873580552637577,,,,,0.004445650149136782,0.0,0.0,0.05643800273537636,0.019812066107988358,9.147520177066326e-05,0.03513758257031441,,,75849,0.029901515692472458,1.0,0.12790998816490173
0.06636939942836761,,,0.2814602255821228,6,,,0.01873580552637577,,,,,0.004445650149136782,0.0,0.0,0.05643800273537636,0.019812066107988358,9.147520177066326e-05,0.03513758257031441,,,75899,0.029901515692472458,1.0,0.12790998816490173
0.06636939942836761,,,0.2814602255821228,6,,,0.0009882758604362607,,,,,0.005106222350150347,0.0,0.0,0.051338065415620804,0.011889052577316761,9.145337389782071e-05,0.03513758257031441,,,75949,0.022129081189632416,1.0,0.12790998816490173
0.030948061496019363,,,0.15906469523906708,6,,,0.06269615888595581,,,,,0.005106222350150347,0.0,0.0,0.051338065415620804,0.011889052577316761,9.145337389782071e-05,0.011468863114714622,,,75999,0.022129081189632416,1.0,0.02506912313401699
0.030948061496019363,,,0.15906469523906708,6,,,0.0019247098825871944,,,,,0.004313431680202484,0.0,0.0,0.050771765410900116,0.015205499716103077,9.143152419710532e-05,0.011468863114714622,,,76049,0.024596108123660088,1.0,0.02506912313401699
0.030948061496019363,,,0.15906469523906708,6,,,0.0019247098825871944,,,,,0.004313431680202484,0.0,0.0,0.050771765410900116,0.015205499716103077,9.143152419710532e-05,0.011468863114714622,,,76099,0.024596108123660088,1.0,0.02506912313401699
0.030948061496019363,,,0.15906469523906708,6,,,0.0025979767087846994,,,,,0.005278150085359812,0.0,0.0,0.058201901614665985,0.019313422963023186,9.140965266851708e-05,0.011468863114714622,,,76149,0.03041176311671734,1.0,0.02506912313401699
0.030948061496019363,,,0.15906469523906708,6,,,0.0025979767087846994,,,,,0.005278150085359812,0.0,0.0,0.058201901614665985,0.019313422963023186,9.140965266851708e-05,0.011468863114714622,,,76199,0.03041176311671734,1.0,0.02506912313401699
0.030948061496019363,,,0.15906469523906708,6,,,0.003441105131059885,,,,,0.005619349889457226,0.0,0.0,0.06647897511720657,0.02093048021197319,9.138775203609839e-05,0.011468863114714622,,,76249,0.03319772705435753,1.0,0.02506912313401699
0.030948061496019363,,,0.15906469523906708,6,,,0.003441105131059885,,,,,0.005619349889457226,0.0,0.0,0.06647897511720657,0.02093048021197319,9.138775203609839e-05,0.011468863114714622,,,76299,0.03319772705435753,1.0,0.02506912313401699
0.030948061496019363,,,0.15906469523906708,6,,,0.001906398218125105,,,,,0.005282526835799217,0.0,0.0,0.05660729482769966,0.01774551533162594,9.136582229984924e-05,0.011468863114714622,,,76349,0.028688771650195122,1.0,0.02506912313401699
0.030948061496019363,,,0.15906469523906708,6,,,0.001906398218125105,,,,,0.005282526835799217,0.0,0.0,0.05660729482769966,0.01774551533162594,9.136582229984924e-05,0.011468863114714622,,,76399,0.028688771650195122,1.0,0.02506912313401699
0.030948061496019363,,,0.15906469523906708,6,,,0.0008511911728419363,,,,,0.0032523940317332745,0.0,0.0,0.04397531598806381,0.012022750452160835,9.134387801168486e-05,0.011468863114714622,,,76449,0.019672676920890808,1.0,0.02506912313401699
0.058507565408945084,,,0.3160921335220337,6,,,0.0879824310541153,,,,,0.0032523940317332745,0.0,0.0,0.04397531598806381,0.012022750452160835,9.134387801168486e-05,0.029075609520077705,,,76499,0.019672676920890808,1.0,0.0683835968375206
0.058507565408945084,,,0.3160921335220337,6,,,0.0011151073267683387,,,,,0.004646994639188051,0.0,0.0,0.04109913110733032,0.01382373459637165,9.132189734373242e-05,0.029075609520077705,,,76549,0.022580642253160477,1.0,0.0683835968375206
0.058507565408945084,,,0.3160921335220337,6,,,0.0011151073267683387,,,,,0.004646994639188051,0.0,0.0,0.04109913110733032,0.01382373459637165,9.132189734373242e-05,0.029075609520077705,,,76599,0.022580642253160477,1.0,0.0683835968375206
