d_loss,epoch,fid,global_step,loss_blur,loss_charb,loss_color,loss_dino,loss_fm,loss_gan_d,loss_gan_g,loss_perc,loss_ssim,psnr,runtime/is_pixel_space,ssim,step,train_loss,warmup_ratio
1.7257084846496582,0,,,0.01794220693409443,0.027531057596206665,0.002393685281276703,0.0,0.20635651051998138,1.7257084846496582,-2.455906629562378,0.09809140115976334,0.1133495569229126,,0.0,,49,0.20674000680446625,0.0044999998062849045
1.8857262134552002,1,,,0.02042332850396633,0.03191367909312248,0.0027553935069590807,0.0,0.2019217163324356,1.8857262134552002,-2.7717137336730957,0.11873751878738403,0.13060039281845093,,,,99,0.20285625755786896,0.009499999694526196
2.122171640396118,2,,,0.026388775557279587,0.03290648013353348,0.001836669514887035,0.0,0.23609629273414612,2.122171640396118,-3.24513840675354,0.07335624098777771,0.0801270604133606,,,,149,0.23717482388019562,0.014499999582767487
1.9672176837921143,3,,,0.03133822977542877,0.04033759981393814,0.002033407799899578,0.0,0.27026116847991943,1.9672176837921143,-2.934772491455078,0.12212301790714264,0.137892484664917,,,,199,0.27242472767829895,0.019500000402331352
2.034141778945923,4,,,0.01961313933134079,0.02842766046524048,0.0018397602252662182,0.0,0.20910105109214783,2.034141778945923,-3.0686471462249756,0.09627063572406769,0.11982405185699463,,,,249,0.21129165589809418,0.02449999935925007
2.1059436798095703,4,,,0.01537233591079712,0.023270931094884872,0.0012793659698218107,0.0,0.20069512724876404,2.1059436798095703,-3.212055206298828,0.07117015868425369,0.09092527627944946,,,,299,0.20274733006954193,0.029500000178813934
2.163813829421997,5,,,0.03459285572171211,0.04785770922899246,0.003771742107346654,0.0,0.25177228450775146,2.163813829421997,-3.3276965618133545,0.12444747984409332,0.15449082851409912,,,,349,0.25615450739860535,0.03449999913573265
2.1224987506866455,6,,,0.017553701996803284,0.02482551895081997,0.0009528851369395852,0.0,0.20587584376335144,2.1224987506866455,-3.2451531887054443,0.08289024233818054,0.09151870012283325,,,,399,0.208700492978096,0.039500001817941666
2.2181334495544434,7,,,0.017288565635681152,0.028195437043905258,0.0020684567280113697,0.0,0.2294159084558487,2.2181334495544434,-3.4364848136901855,0.0951836034655571,0.11751735210418701,,,,449,0.2333284318447113,0.04450000077486038
2.1150553226470947,8,,,0.018630705773830414,0.03082156926393509,0.0031819369178265333,0.0,0.21100185811519623,2.1150553226470947,-3.2301318645477295,0.12428128719329834,0.14124417304992676,,,,499,0.2160773128271103,0.0494999997317791
2.1538784503936768,9,,,0.0398351289331913,0.048525821417570114,0.030978646129369736,0.0,0.22948628664016724,2.1538784503936768,-3.307833671569824,0.10916049778461456,0.13556623458862305,,,,549,0.2360180914402008,0.054499998688697815
2.1674420833587646,9,,,0.01704614982008934,0.028385236859321594,0.001154353260062635,0.0,0.1997799426317215,2.1674420833587646,-3.3349878787994385,0.097621388733387,0.14388126134872437,,,,599,0.20580348372459412,0.05950000137090683
,9,97.89329528808594,1200.0,,,,,,,,,,22.39860725402832,,0.8713570237159729,599,,
2.1984097957611084,10,,,0.013791030272841454,0.024160519242286682,0.002960885176435113,0.0,0.2231570929288864,2.1984097957611084,-3.396852731704712,0.08320844918489456,0.11314511299133301,,,,649,0.22841839492321014,0.06449999660253525
2.140883445739746,11,,,0.01697852835059166,0.02443966083228588,0.011458683758974075,0.0,0.2421714961528778,2.140883445739746,-3.2818267345428467,0.08043765276670456,0.09319835901260376,,,,699,0.24720752239227295,0.06949999928474426
2.0733585357666016,12,,,0.019146429374814034,0.030357979238033295,0.0044338637962937355,0.0,0.2229064553976059,2.0733585357666016,-3.1467647552490234,0.11575038731098175,0.1343238353729248,,,,749,0.23025952279567719,0.07450000196695328
2.332758903503418,13,,,0.02585640549659729,0.03582102432847023,0.001485401182435453,0.0,0.21407118439674377,2.332758903503418,-3.665527820587158,0.0848802924156189,0.13330668210983276,,,,799,0.22232657670974731,0.0794999971985817
2.1938788890838623,14,,,0.01620510034263134,0.025380369275808334,0.003037145361304283,0.0,0.21684855222702026,2.1938788890838623,-3.387787342071533,0.10168786346912384,0.10156905651092529,,,,849,0.22336578369140625,0.08449999988079071
2.0921788215637207,14,,,0.014731909148395061,0.023337719962000847,0.005805737338960171,0.0,0.19790926575660706,2.0921788215637207,-3.1844379901885986,0.08466660976409912,0.10261517763137817,,,,899,0.20468193292617798,0.08950000256299973
2.230942726135254,15,,,0.018025675788521767,0.027952823787927628,0.002308865077793598,0.0,0.22489355504512787,2.230942726135254,-3.4619252681732178,0.10159777849912643,0.1067882776260376,,,,949,0.2326769232749939,0.09449999779462814
2.2204761505126953,16,,,0.017397291958332062,0.02558743581175804,0.003629178274422884,0.0,0.22216472029685974,2.2204761505126953,-3.440974473953247,0.08439704775810242,0.11574608087539673,,,,999,0.2305736392736435,0.09950000047683716
2.247101306915283,17,,,0.02238789014518261,0.027818836271762848,0.0017232096288353205,0.0,0.20708823204040527,2.247101306915283,-3.4942221641540527,0.08579810708761215,0.09111303091049194,,,,1049,0.21488194167613983,0.10450000315904617
2.2596447467803955,18,,,0.025785353034734726,0.03316618502140045,0.002633351366966963,0.0,0.2056373953819275,2.2596447467803955,-3.519306182861328,0.08741460740566254,0.09166926145553589,,,,1099,0.21444357931613922,0.10949999839067459
2.1490187644958496,19,,,0.025207852944731712,0.03452058881521225,0.0037855985574424267,0.0,0.20436374843120575,2.1490187644958496,-3.2980458736419678,0.12089675664901733,0.11662226915359497,,,,1149,0.21515896916389465,0.1145000010728836
2.2952213287353516,19,,,0.014831295236945152,0.024712562561035156,0.001927559613250196,0.0,0.2257145196199417,2.2952213287353516,-3.5904672145843506,0.07906758040189743,0.09536701440811157,,,,1199,0.23446598649024963,0.11949999630451202
,19,104.98868560791016,2400.0,,,,,,,,,,22.998037338256836,,0.8708300590515137,1199,,
2.084165334701538,20,,,0.01739957556128502,0.02654077857732773,0.004034173674881458,0.0,0.21155260503292084,2.084165334701538,-3.1683437824249268,0.10168378055095673,0.09962570667266846,,,,1249,0.22119206190109253,0.12449999898672104
2.1655218601226807,21,,,0.018856491893529892,0.027327604591846466,0.00261174188926816,0.0,0.21164052188396454,2.1655218601226807,-3.33107328414917,0.11895786225795746,0.14313554763793945,,,,1299,0.22458648681640625,0.12950000166893005
2.1113882064819336,22,,,0.017296243458986282,0.023330718278884888,0.013641441240906715,0.0,0.21387584507465363,2.1113882064819336,-3.2227935791015625,0.08933131396770477,0.09501755237579346,,,,1349,0.22361181676387787,0.13449999690055847
2.0475873947143555,23,,,0.015832066535949707,0.027479439973831177,0.01089155301451683,0.0,0.22361871600151062,2.0475873947143555,-3.095176935195923,0.08863255381584167,0.14607560634613037,,,,1399,0.23782727122306824,0.13950000703334808
2.2013745307922363,24,,,0.01590132527053356,0.025254618376493454,0.001968945609405637,0.0,0.2112337350845337,2.2013745307922363,-3.402751922607422,0.0949411541223526,0.09293878078460693,,,,1449,0.22172696888446808,0.1445000022649765
2.3129384517669678,24,,,0.018701164051890373,0.02465858869254589,0.0011537455720826983,0.0,0.21380700170993805,2.3129384517669678,-3.625878095626831,0.07810123264789581,0.08415824174880981,,,,1499,0.22393269836902618,0.14949999749660492
2.27410626411438,25,,,0.013734923675656319,0.021397894248366356,0.002574042184278369,0.0,0.22631798684597015,2.27410626411438,-3.5482215881347656,0.08962896466255188,0.09869259595870972,,,,1549,0.237373948097229,0.15449999272823334
2.154970645904541,26,,,0.02059747837483883,0.030436288565397263,0.00253850594162941,0.0,0.2004743069410324,2.154970645904541,-3.30995512008667,0.10219290107488632,0.1167173981666565,,,,1599,0.21482162177562714,0.15950000286102295
2.1385860443115234,27,,,0.01866399496793747,0.027813002467155457,0.0024883830919861794,0.0,0.22036685049533844,2.1385860443115234,-3.2771880626678467,0.10362042486667633,0.1142762303352356,,,,1649,0.23451527953147888,0.16449999809265137
2.2115390300750732,28,,,0.01314176432788372,0.020442740991711617,0.0022127749398350716,0.0,0.2180551141500473,2.2115390300750732,-3.4230880737304688,0.0653725266456604,0.08444702625274658,,,,1699,0.22880718111991882,0.16949999332427979
2.229886770248413,29,,,0.01747632399201393,0.02613803744316101,0.001985086826607585,0.0,0.21326276659965515,2.229886770248413,-3.459777593612671,0.06740110367536545,0.08810698986053467,,,,1749,0.22568099200725555,0.1745000034570694
2.1649701595306396,29,,,0.016455551609396935,0.026906132698059082,0.003389841178432107,0.0,0.21134769916534424,2.1649701595306396,-3.3299410343170166,0.08242641389369965,0.12102895975112915,,,,1799,0.22721780836582184,0.17949999868869781
,29,95.8063735961914,3600.0,,,,,,,,,,24.03352928161621,,0.8803334832191467,1799,,
2.2892932891845703,30,,,0.02312578819692135,0.03060312569141388,0.002253785263746977,0.0,0.23232008516788483,2.2892932891845703,-3.578585147857666,0.07591437548398972,0.09509551525115967,,,,1849,0.24697305262088776,0.18449999392032623
2.3257546424865723,31,,,0.019556811079382896,0.031040005385875702,0.0018242322839796543,0.0,0.23058047890663147,2.3257546424865723,-3.6515088081359863,0.09427575767040253,0.11887204647064209,,,,1899,0.24792827665805817,0.18950000405311584
2.176786184310913,32,,,0.02379351481795311,0.03229770064353943,0.004776005633175373,0.0,0.20708784461021423,2.176786184310913,-3.3535726070404053,0.11849605292081833,0.11834585666656494,,,,1949,0.2251567244529724,0.19449999928474426
2.327444553375244,33,,,0.028616204857826233,0.03816404938697815,0.0018850499764084816,0.0,0.22847864031791687,2.327444553375244,-3.6548912525177,0.10207386314868927,0.1421111822128296,,,,1999,0.25057220458984375,0.19949999451637268
2.121805429458618,34,,,0.01824226789176464,0.02800792269408703,0.00329803628847003,0.0,0.21703419089317322,2.121805429458618,-3.2436106204986572,0.09985464811325073,0.09322404861450195,,,,2049,0.23251421749591827,0.2045000046491623
2.371983051300049,34,,,0.027187278494238853,0.03755733370780945,0.0029595382511615753,0.0,0.2187994420528412,2.371983051300049,-3.7439639568328857,0.0931924432516098,0.11770236492156982,,,,2099,0.2393128126859665,0.2094999998807907
2.276697874069214,35,,,0.01187078095972538,0.02070958912372589,0.0010392589028924704,0.0,0.19271650910377502,2.276697874069214,-3.5533993244171143,0.08848466724157333,0.10393619537353516,,,,2149,0.20844432711601257,0.21449999511241913
2.137787342071533,36,,,0.02308707684278488,0.03177396208047867,0.0032144016586244106,0.0,0.1982601284980774,2.137787342071533,-3.275573968887329,0.0847269669175148,0.10050618648529053,,,,2199,0.2165537178516388,0.21950000524520874
2.2502315044403076,37,,,0.029238667339086533,0.03830527886748314,0.008775061927735806,0.0,0.2292913943529129,2.2502315044403076,-3.5004663467407227,0.09641963243484497,0.12744998931884766,,,,2249,0.25262388586997986,0.22450000047683716
2.302004814147949,38,,,0.01844913139939308,0.027257654815912247,0.004006038419902325,0.0,0.2070610076189041,2.302004814147949,-3.6040139198303223,0.10829223692417145,0.11081457138061523,,,,2299,0.2262902855873108,0.22949999570846558
2.198709726333618,39,,,0.019174175336956978,0.03027736209332943,0.00826704129576683,0.0,0.22013302147388458,2.198709726333618,-3.397420883178711,0.10335829854011536,0.13325941562652588,,,,2349,0.24317948520183563,0.2345000058412552
2.2682688236236572,39,,,0.014782684855163097,0.02660440467298031,0.00532167125493288,0.0,0.23093891143798828,2.2682688236236572,-3.536536455154419,0.08531691133975983,0.12586700916290283,,,,2399,0.252623975276947,0.2395000010728836
,39,99.48839569091797,4800.0,,,,,,,,,,23.57339859008789,,0.8725756406784058,2399,,
2.150118827819824,40,,,0.025360241532325745,0.03322179988026619,0.003253381233662367,0.0,0.22796660661697388,2.150118827819824,-3.3002376556396484,0.10025276243686676,0.11348932981491089,,,,2449,0.2503132224082947,0.24449999630451202
2.181891441345215,41,,,0.016211893409490585,0.02967480942606926,0.004088550340384245,0.0,0.19114439189434052,2.181891441345215,-3.3637821674346924,0.12244269996881485,0.15674304962158203,,,,2499,0.2183552086353302,0.24950000643730164
2.2797861099243164,42,,,0.023459605872631073,0.03651747852563858,0.0035106162540614605,0.0,0.24670077860355377,2.2797861099243164,-3.559574842453003,0.09416252374649048,0.13104373216629028,,,,2549,0.27301299571990967,0.25450000166893005
2.332087278366089,43,,,0.015094302594661713,0.02225937694311142,0.0009536034194752574,0.0,0.22554443776607513,2.332087278366089,-3.6641764640808105,0.06785064935684204,0.08172214031219482,,,,2599,0.24213241040706635,0.25949999690055847
2.34185528755188,44,,,0.01785757765173912,0.030201643705368042,0.027115579694509506,0.0,0.22172346711158752,2.34185528755188,-3.6837143898010254,0.10324431210756302,0.14162296056747437,,,,2649,0.24903620779514313,0.2644999921321869
2.1998438835144043,44,,,0.01933012716472149,0.031193887814879417,0.0028299884870648384,0.0,0.2047215849161148,2.1998438835144043,-3.399693012237549,0.0975341647863388,0.125044047832489,,,,2699,0.23027662932872772,0.2694999873638153
2.362074136734009,45,,,0.023009009659290314,0.03049536794424057,0.0018091818783432245,0.0,0.2000304013490677,2.362074136734009,-3.7241528034210205,0.09842480719089508,0.09676980972290039,,,,2749,0.22202366590499878,0.2745000123977661
2.428490400314331,46,,,0.02067538909614086,0.02729962393641472,0.0017919472884386778,0.0,0.20122426748275757,2.428490400314331,-3.8569815158843994,0.06601262092590332,0.08163833618164062,,,,2799,0.2205774486064911,0.27950000762939453
2.264094829559326,47,,,0.023455366492271423,0.03007045015692711,0.010283030569553375,0.0,0.225643128156662,2.264094829559326,-3.5281896591186523,0.10949645191431046,0.11361265182495117,,,,2849,0.250839501619339,0.28450000286102295
2.1927523612976074,48,,,0.023016585037112236,0.0306674987077713,0.0028486852534115314,0.0,0.22229354083538055,2.1927523612976074,-3.385505199432373,0.09739566594362259,0.10101747512817383,,,,2899,0.24616846442222595,0.28949999809265137
2.088531494140625,49,,,0.020041536539793015,0.03044157847762108,0.00246074004098773,0.0,0.20388054847717285,2.088531494140625,-3.1770617961883545,0.09319762140512466,0.11797261238098145,,,,2949,0.2305484116077423,0.2944999933242798
2.0857739448547363,49,,,0.031487055122852325,0.04020114243030548,0.002038644626736641,0.0,0.22402308881282806,2.0857739448547363,-3.1715502738952637,0.11515983194112778,0.13321572542190552,,,,2999,0.25651443004608154,0.2994999885559082
,49,92.5012435913086,6000.0,,,,,,,,,,23.895334243774414,,0.8761102557182312,2999,,
2.2039706707000732,50,,,0.01392761617898941,0.02644551917910576,0.0016838274896144867,0.0,0.1922176033258438,2.2039706707000732,-3.4079411029815674,0.09666634351015091,0.11521482467651367,,,,3049,0.21804940700531006,0.304500013589859
2.210996150970459,51,,,0.017868928611278534,0.024595890194177628,0.0019827948417514563,0.0,0.20678988099098206,2.210996150970459,-3.421992301940918,0.09408257901668549,0.09169948101043701,,,,3099,0.2289000153541565,0.3095000088214874
2.3512110710144043,52,,,0.017064908519387245,0.024237966164946556,0.00157987792044878,0.0,0.21506023406982422,2.3512110710144043,-3.7024214267730713,0.08087968081235886,0.09113961458206177,,,,3149,0.23730796575546265,0.31450000405311584
2.226417064666748,53,,,0.01872597448527813,0.029146721586585045,0.0035060402005910873,0.0,0.23120008409023285,2.226417064666748,-3.452834367752075,0.09530885517597198,0.11927568912506104,,,,3199,0.2599219083786011,0.31949999928474426
2.345395565032959,54,,,0.030072420835494995,0.03786199912428856,0.0012679609935730696,0.0,0.2116824984550476,2.345395565032959,-3.6907927989959717,0.09942109137773514,0.09286409616470337,,,,3249,0.23954442143440247,0.3244999945163727
2.2067646980285645,54,,,0.018441174179315567,0.028004897758364677,0.0054430789314210415,0.0,0.2191711664199829,2.2067646980285645,-3.413529872894287,0.09730204194784164,0.11062699556350708,,,,3299,0.24701806902885437,0.3294999897480011
2.2098538875579834,55,,,0.021160751581192017,0.029166048392653465,0.001207244349643588,0.0,0.19222204387187958,2.2098538875579834,-3.419708013534546,0.09469819068908691,0.09844255447387695,,,,3349,0.21881671249866486,0.3345000147819519
2.1351654529571533,56,,,0.009518812410533428,0.020358767360448837,0.002708394080400467,0.0,0.19118399918079376,2.1351654529571533,-3.2703299522399902,0.08276568353176117,0.0982896089553833,,,,3399,0.21498802304267883,0.3395000100135803
2.359154224395752,57,,,0.019192101433873177,0.027407925575971603,0.003017410170286894,0.0,0.2224206179380417,2.359154224395752,-3.718308925628662,0.06605949997901917,0.09023380279541016,,,,3449,0.2477879822254181,0.34450000524520874
2.1599068641662598,58,,,0.019217131659388542,0.0286092646420002,0.0034948154352605343,0.0,0.23294267058372498,2.1599068641662598,-3.319812536239624,0.09429498016834259,0.11642146110534668,,,,3499,0.26368314027786255,0.34950000047683716
2.220367670059204,59,,,0.013947540894150734,0.022064706310629845,0.0009269161964766681,0.0,0.18674902617931366,2.220367670059204,-3.44073748588562,0.09294897317886353,0.09330922365188599,,,,3549,0.21137367188930511,0.3544999957084656
2.1799542903900146,59,,,0.01688872091472149,0.024595648050308228,0.0013721035793423653,0.0,0.18412558734416962,2.1799542903900146,-3.3599088191986084,0.104851633310318,0.11272257566452026,,,,3599,0.21355783939361572,0.359499990940094
,59,95.31005859375,7200.0,,,,,,,,,,22.152318954467773,,0.8773915767669678,3599,,
2.209109306335449,60,,,0.02129322849214077,0.03066922537982464,0.0019875322468578815,0.0,0.22220289707183838,2.209109306335449,-3.418219804763794,0.10200779139995575,0.10355937480926514,,,,3649,0.25267982482910156,0.3644999861717224
2.2474379539489746,61,,,0.016680337488651276,0.026836726814508438,0.0027792477048933506,0.0,0.19927088916301727,2.2474379539489746,-3.494875192642212,0.10265009850263596,0.11089843511581421,,,,3699,0.23003506660461426,0.3695000112056732
2.3012304306030273,62,,,0.01775186136364937,0.02851046249270439,0.002388905268162489,0.0,0.21093420684337616,2.3012304306030273,-3.602461099624634,0.0888683944940567,0.10513418912887573,,,,3749,0.24167488515377045,0.37450000643730164
2.3527863025665283,63,,,0.012289311736822128,0.019852234050631523,0.0011804141104221344,0.0,0.21390853822231293,2.3527863025665283,-3.7055740356445312,0.06469835340976715,0.08027088642120361,,,,3799,0.23692944645881653,0.37950000166893005
2.1385855674743652,64,,,0.02020387351512909,0.03027508221566677,0.0025205127894878387,0.0,0.1892443597316742,2.1385855674743652,-3.277170181274414,0.08739224821329117,0.12327373027801514,,,,3849,0.2250213772058487,0.38449999690055847
2.284863233566284,64,,,0.023155175149440765,0.02993651293218136,0.0030619981698691845,0.0,0.2222461849451065,2.284863233566284,-3.569725275039673,0.07747520506381989,0.10520899295806885,,,,3899,0.25490647554397583,0.3894999921321869
2.3834598064422607,65,,,0.017156964167952538,0.025314386934041977,0.0008602364105172455,0.0,0.21042224764823914,2.3834598064422607,-3.7669179439544678,0.08593231439590454,0.0968407392501831,,,,3949,0.2398660033941269,0.3944999873638153
2.3506922721862793,66,,,0.02781371772289276,0.037829864770174026,0.0014540085103362799,0.0,0.22937393188476562,2.3506922721862793,-3.7013845443725586,0.09152452647686005,0.11465513706207275,,,,3999,0.26797395944595337,0.3995000123977661
2.280379295349121,67,,,0.03361380845308304,0.042601343244314194,0.006624933797866106,0.0,0.23162703216075897,2.280379295349121,-3.5607595443725586,0.1061013787984848,0.10909485816955566,,,,4049,0.27173754572868347,0.40450000762939453
2.2836453914642334,68,,,0.03140592947602272,0.037397924810647964,0.0020383005030453205,0.0,0.22330914437770844,2.2836453914642334,-3.567288398742676,0.07847373187541962,0.09639281034469604,,,,4099,0.2590447962284088,0.40950000286102295
2.343017339706421,69,,,0.01425505056977272,0.02118828147649765,0.0032310024835169315,0.0,0.20021967589855194,2.343017339706421,-3.686034679412842,0.06084033101797104,0.07175219058990479,,,,4149,0.22423526644706726,0.41449999809265137
2.3017146587371826,69,,,0.025017669424414635,0.03568117320537567,0.001943699549883604,0.0,0.2138306200504303,2.3017146587371826,-3.6034305095672607,0.10606853663921356,0.15455758571624756,,,,4199,0.26178282499313354,0.4194999933242798
,69,96.89424133300781,8400.0,,,,,,,,,,23.698732376098633,,0.874716579914093,4199,,
2.3192014694213867,70,,,0.022792449221014977,0.03054039180278778,0.0031668818555772305,0.0,0.21116730570793152,2.3192014694213867,-3.6384027004241943,0.07570400089025497,0.09453088045120239,,,,4249,0.2447468638420105,0.4244999885559082
2.2168149948120117,71,,,0.018708210438489914,0.025983259081840515,0.007358912378549576,0.0,0.20706069469451904,2.2168149948120117,-3.4336299896240234,0.12108591198921204,0.1134418249130249,,,,4299,0.24314193427562714,0.429500013589859
2.431703567504883,72,,,0.018030885607004166,0.02906644716858864,0.0014979348052293062,0.0,0.20394481718540192,2.431703567504883,-3.86340594291687,0.07257139682769775,0.11349940299987793,,,,4349,0.24165619909763336,0.4345000088214874
2.270156145095825,73,,,0.021383188664913177,0.027065416797995567,0.0019630396272987127,0.0,0.21882832050323486,2.270156145095825,-3.540313243865967,0.09783272445201874,0.08725094795227051,,,,4399,0.2504099905490875,0.43950000405311584
2.2624592781066895,74,,,0.01672380045056343,0.024513259530067444,0.0016133635072037578,0.0,0.20934221148490906,2.2624592781066895,-3.524919271469116,0.08174148947000504,0.10088485479354858,,,,4449,0.24306756258010864,0.44449999928474426
2.3035190105438232,74,,,0.013563971035182476,0.024772949516773224,0.0009871580405160785,0.0,0.21063672006130219,2.3035190105438232,-3.6070380210876465,0.0750856101512909,0.0890350341796875,,,,4499,0.24210982024669647,0.4494999945163727
2.1678762435913086,75,,,0.015452656894922256,0.028039000928401947,0.0032685636542737484,0.0,0.18797466158866882,2.1678762435913086,-3.3357532024383545,0.08350609242916107,0.12330937385559082,,,,4549,0.22916588187217712,0.4544999897480011
2.247197151184082,76,,,0.024594983085989952,0.03204019367694855,0.006586605682969093,0.0,0.2216559648513794,2.247197151184082,-3.4943952560424805,0.08493736386299133,0.11209243535995483,,,,4599,0.2628480792045593,0.4595000147819519
2.2333858013153076,77,,,0.0188977662473917,0.02593669295310974,0.0032615368254482746,0.0,0.23923304677009583,2.2333858013153076,-3.4667718410491943,0.07114695012569427,0.09309357404708862,,,,4649,0.27341628074645996,0.4645000100135803
2.3171679973602295,78,,,0.012038422748446465,0.02111647091805935,0.0018428959883749485,0.0,0.22563549876213074,2.3171679973602295,-3.63433575630188,0.0929669514298439,0.10637789964675903,,,,4699,0.2608477473258972,0.46950000524520874
2.3796029090881348,79,,,0.017436258494853973,0.024831704795360565,0.0017051093745976686,0.0,0.1941075474023819,2.3796029090881348,-3.7592074871063232,0.09494887292385101,0.08714890480041504,,,,4749,0.22702039778232574,0.47450000047683716
2.181638479232788,79,,,0.016539130359888077,0.023643827065825462,0.002589412732049823,0.0,0.2225407212972641,2.181638479232788,-3.3632781505584717,0.08399894833564758,0.09343814849853516,,,,4799,0.2567383348941803,0.4794999957084656
,79,93.75080108642578,9600.0,,,,,,,,,,23.080942153930664,,0.878800630569458,4799,,
2.1123273372650146,80,,,0.017832238227128983,0.025952717289328575,0.002156861126422882,0.0,0.20260626077651978,2.1123273372650146,-3.2246549129486084,0.11060850322246552,0.11464333534240723,,,,4849,0.24343693256378174,0.484499990940094
2.135364532470703,81,,,0.02360173873603344,0.033497896045446396,0.002432476729154587,0.0,0.22347785532474518,2.135364532470703,-3.2707295417785645,0.09785952419042587,0.1192166805267334,,,,4899,0.26969054341316223,0.4894999861717224
2.2295501232147217,82,,,0.02469642460346222,0.03119684010744095,0.0022146194241940975,0.0,0.22958306968212128,2.2295501232147217,-3.4591012001037598,0.12237326800823212,0.10076391696929932,,,,4949,0.2705891728401184,0.4945000112056732
2.349411964416504,83,,,0.01340717077255249,0.021315952762961388,0.0009763803100213408,0.0,0.19542483985424042,2.349411964416504,-3.6988255977630615,0.08836783468723297,0.08589190244674683,,,,4999,0.22788289189338684,0.49950000643730164
2.203371286392212,84,,,0.023719703778624535,0.03273804113268852,0.0022943783551454544,0.0,0.23682798445224762,2.203371286392212,-3.406743288040161,0.08668301999568939,0.10797864198684692,,,,5049,0.28084200620651245,0.5044999718666077
2.3077571392059326,84,,,0.02770625427365303,0.03781221807003021,0.002797564724460244,0.0,0.2228415608406067,2.3077571392059326,-3.6155149936676025,0.10825707018375397,0.12803220748901367,,,,5099,0.27451831102371216,0.5095000267028809
2.265685796737671,85,,,0.011146686971187592,0.02163458988070488,0.0016544597456231713,0.0,0.18896062672138214,2.265685796737671,-3.531371831893921,0.07387890666723251,0.09294718503952026,,,,5149,0.22333474457263947,0.5145000219345093
2.122880458831787,86,,,0.01980525068938732,0.025605833157896996,0.0012686101254075766,0.0,0.20032669603824615,2.122880458831787,-3.245760202407837,0.10718431323766708,0.08529996871948242,,,,5199,0.2349814474582672,0.5195000171661377
2.2441046237945557,87,,,0.022922968491911888,0.03430444747209549,0.002323852153494954,0.0,0.2186162918806076,2.2441046237945557,-3.4882094860076904,0.07558619976043701,0.12479197978973389,,,,5249,0.26759767532348633,0.5245000123977661
2.1376588344573975,88,,,0.022394096478819847,0.0337391197681427,0.00422497047111392,0.0,0.20558661222457886,2.1376588344573975,-3.2753190994262695,0.10688555240631104,0.1529855728149414,,,,5299,0.2613680362701416,0.5295000076293945
2.2935733795166016,89,,,0.02135576121509075,0.03377595171332359,0.0033854548819363117,0.0,0.20694684982299805,2.2935733795166016,-3.587146043777466,0.11619613319635391,0.135503888130188,,,,5349,0.2583293318748474,0.534500002861023
2.2068164348602295,89,,,0.027825381606817245,0.03485926613211632,0.0022166199050843716,0.0,0.22062480449676514,2.2068164348602295,-3.41363263130188,0.08487391471862793,0.08799499273300171,,,,5399,0.2608042359352112,0.5394999980926514
,89,94.21215057373047,10800.0,,,,,,,,,,23.765058517456055,,0.873764157295227,5399,,
2.3961446285247803,90,,,0.03535374999046326,0.042329736053943634,0.00288075627759099,0.0,0.24073202908039093,2.3961446285247803,-3.792290210723877,0.08944669365882874,0.11286866664886475,,,,5449,0.2910699248313904,0.5444999933242798
2.311464548110962,91,,,0.030035793781280518,0.04632516950368881,0.0017748987302184105,0.0,0.24005256593227386,2.311464548110962,-3.6229300498962402,0.12243867665529251,0.1977534294128418,,,,5499,0.31344878673553467,0.5494999885559082
2.393214464187622,92,,,0.013593172654509544,0.025773148983716965,0.0021170228719711304,0.0,0.23924270272254944,2.393214464187622,-3.7864296436309814,0.07128912955522537,0.10067158937454224,,,,5549,0.27768993377685547,0.5544999837875366
2.226977586746216,93,,,0.02131824940443039,0.030360359698534012,0.013531139120459557,0.0,0.23242996633052826,2.226977586746216,-3.4539549350738525,0.14281603693962097,0.14509958028793335,,,,5599,0.28475627303123474,0.559499979019165
2.096057415008545,94,,,0.018407002091407776,0.02809230051934719,0.006357420235872269,0.0,0.19979228079319,2.096057415008545,-3.1921143531799316,0.10541011393070221,0.1307472586631775,,,,5649,0.24714435636997223,0.5644999742507935
2.190875768661499,94,,,0.021366750821471214,0.028631072491407394,0.0011679652379825711,0.0,0.20427897572517395,2.190875768661499,-3.3817503452301025,0.0950872004032135,0.11147892475128174,,,,5699,0.24702760577201843,0.5695000290870667
2.198185920715332,95,,,0.02114207297563553,0.031458135694265366,0.005622081458568573,0.0,0.23116154968738556,2.198185920715332,-3.396371603012085,0.12079685926437378,0.13314419984817505,,,,5749,0.2808457612991333,0.5745000243186951
2.1731457710266113,96,,,0.01696556806564331,0.028512287884950638,0.007806312292814255,0.0,0.2077518105506897,2.1731457710266113,-3.3462917804718018,0.09155688434839249,0.1290108561515808,,,,5799,0.2548799514770508,0.5795000195503235
2.235227584838867,97,,,0.019769305363297462,0.027173278853297234,0.00226483098231256,0.0,0.2091134786605835,2.235227584838867,-3.4704532623291016,0.07662463188171387,0.086966872215271,,,,5849,0.2449926882982254,0.5845000147819519
2.299508571624756,98,,,0.016189996153116226,0.025121450424194336,0.0016670776531100273,0.0,0.19024886190891266,2.299508571624756,-3.599017858505249,0.05999045446515083,0.09055852890014648,,,,5899,0.22589564323425293,0.5895000100135803
2.2611472606658936,99,,,0.018473699688911438,0.029980149120092392,0.002026632195338607,0.0,0.21551083028316498,2.2611472606658936,-3.5222933292388916,0.10807666182518005,0.11046397686004639,,,,5949,0.2586294114589691,0.5945000052452087
2.1481688022613525,99,,,0.02198661118745804,0.035162702202796936,0.00531434454023838,0.0,0.21181535720825195,2.1481688022613525,-3.296337127685547,0.10091859102249146,0.14942920207977295,,,,5999,0.26743653416633606,0.5995000004768372
,99,90.28994750976562,12000.0,,,,,,,,,,23.581600189208984,,0.87790447473526,5999,,
2.2951698303222656,100,,,0.016198916360735893,0.0243491493165493,0.0028817253187298775,0.0,0.2051653116941452,2.2951698303222656,-3.5903396606445312,0.08516384661197662,0.09595465660095215,,,,6049,0.2418055683374405,0.6044999957084656
2.208791732788086,101,,,0.023747004568576813,0.029599282890558243,0.002073281677439809,0.0,0.19999180734157562,2.208791732788086,-3.417583703994751,0.09063747525215149,0.08751928806304932,,,,6099,0.2373167723417282,0.609499990940094
2.262439489364624,102,,,0.015643823891878128,0.02425868809223175,0.0010263510048389435,0.0,0.17810694873332977,2.262439489364624,-3.524876832962036,0.09270074218511581,0.08190685510635376,,,,6149,0.21112975478172302,0.6144999861717224
2.1724634170532227,103,,,0.01815882697701454,0.027490969747304916,0.016192398965358734,0.0,0.20293903350830078,2.1724634170532227,-3.3449270725250244,0.10711075365543365,0.1240493655204773,,,,6199,0.24855564534664154,0.6194999814033508
2.2461042404174805,104,,,0.0250835083425045,0.03434373438358307,0.0024441806599497795,0.0,0.21871188282966614,2.2461042404174805,-3.4922096729278564,0.10162238776683807,0.10582458972930908,,,,6249,0.263028085231781,0.6244999766349792
2.2528913021087646,104,,,0.018495433032512665,0.024878283962607384,0.0020175310783088207,0.0,0.2124316245317459,2.2528913021087646,-3.5057804584503174,0.09281571209430695,0.08842289447784424,,,,6299,0.2474893182516098,0.6294999718666077
2.202481508255005,105,,,0.017609547823667526,0.02760058455169201,0.002410199958831072,0.0,0.18223847448825836,2.202481508255005,-3.4049644470214844,0.09519606083631516,0.10513806343078613,,,,6349,0.22282378375530243,0.6345000267028809
2.138348340988159,106,,,0.015122056007385254,0.022241413593292236,0.00909440591931343,0.0,0.2143930345773697,2.138348340988159,-3.27669620513916,0.09613887220621109,0.10548555850982666,,,,6399,0.2524905502796173,0.6395000219345093
2.4055497646331787,107,,,0.019663920626044273,0.027557700872421265,0.0008750886772759259,0.0,0.20695902407169342,2.4055497646331787,-3.8111002445220947,0.08165569603443146,0.10305500030517578,,,,6449,0.2470151036977768,0.6445000171661377
2.3444619178771973,108,,,0.014370466582477093,0.027268609032034874,0.0025699310936033726,0.0,0.20570170879364014,2.3444619178771973,-3.6889235973358154,0.07811830937862396,0.11275702714920044,,,,6499,0.2479487806558609,0.6495000123977661
2.1765003204345703,109,,,0.019651520997285843,0.03157159686088562,0.0022970265708863735,0.0,0.2013193666934967,2.1765003204345703,-3.3530006408691406,0.09711731225252151,0.14335036277770996,,,,6549,0.25349146127700806,0.6545000076293945
2.227893114089966,109,,,0.023409884423017502,0.030593138188123703,0.0026135388761758804,0.0,0.20397083461284637,2.227893114089966,-3.4557857513427734,0.1165391057729721,0.10730767250061035,,,,6599,0.24674490094184875,0.659500002861023
,109,88.85076904296875,13200.0,,,,,,,,,,23.88725471496582,,0.8789026141166687,6599,,
2.3123531341552734,110,,,0.014043446630239487,0.023179877549409866,0.0019684801809489727,0.0,0.1908845752477646,2.3123531341552734,-3.624706506729126,0.06452801823616028,0.08725988864898682,,,,6649,0.224689781665802,0.6644999980926514
2.4434075355529785,111,,,0.013198550790548325,0.024638324975967407,0.004457332193851471,0.0,0.2186019867658615,2.4434075355529785,-3.8868138790130615,0.0797702893614769,0.1139291524887085,,,,6699,0.2598448395729065,0.6694999933242798
2.318476676940918,112,,,0.03610026836395264,0.044646866619586945,0.0019814667757600546,0.0,0.22699789702892303,2.318476676940918,-3.636953115463257,0.08037213981151581,0.0992743968963623,,,,6749,0.2750919759273529,0.6744999885559082
2.3066508769989014,113,,,0.014590427279472351,0.028883224353194237,0.004028298892080784,0.0,0.2134457677602768,2.3066508769989014,-3.613301992416382,0.14670610427856445,0.16589677333831787,,,,6799,0.2698270380496979,0.6794999837875366
2.2787892818450928,114,,,0.017879575490951538,0.026091672480106354,0.0011632172390818596,0.0,0.21555651724338531,2.2787892818450928,-3.5575785636901855,0.06861979514360428,0.09915989637374878,,,,6849,0.2538684010505676,0.684499979019165
2.1931636333465576,114,,,0.019836006686091423,0.025402408093214035,0.0009701714152470231,0.0,0.20814445614814758,2.1931636333465576,-3.386327028274536,0.07726377248764038,0.07386159896850586,,,,6899,0.23983120918273926,0.6894999742507935
2.146555185317993,115,,,0.015443632379174232,0.024060292169451714,0.0023726741783320904,0.0,0.22095263004302979,2.146555185317993,-3.2931101322174072,0.07696999609470367,0.10345458984375,,,,6949,0.2592918276786804,0.6945000290870667
2.3401527404785156,116,,,0.019228745251893997,0.026126792654395103,0.0013703206786885858,0.0,0.21224334836006165,2.3401527404785156,-3.6803054809570312,0.07304926961660385,0.08136117458343506,,,,6999,0.24616201221942902,0.6995000243186951
2.250108480453491,117,,,0.011775664053857327,0.01886378973722458,0.001813205424696207,0.0,0.20822030305862427,2.250108480453491,-3.500217914581299,0.07404717803001404,0.07430833578109741,,,,7049,0.23656900227069855,0.7045000195503235
2.252093553543091,118,,,0.018073618412017822,0.024919111281633377,0.0020649898797273636,0.0,0.20295533537864685,2.252093553543091,-3.5041873455047607,0.08142413198947906,0.08122354745864868,,,,7099,0.2362242341041565,0.7095000147819519
2.202883005142212,119,,,0.02158680558204651,0.03275211900472641,0.004716920200735331,0.0,0.21855103969573975,2.202883005142212,-3.405766725540161,0.10867764800786972,0.13288283348083496,,,,7149,0.2688054144382477,0.7145000100135803
2.2861101627349854,119,,,0.016038183122873306,0.024276699870824814,0.0015646113315597177,0.0,0.21870139241218567,2.2861101627349854,-3.572221279144287,0.0770830512046814,0.08217871189117432,,,,7199,0.2518244981765747,0.7195000052452087
,119,89.20565032958984,14400.0,,,,,,,,,,23.731687545776367,,0.8786720633506775,7199,,
2.200031042098999,120,,,0.021364908665418625,0.031387098133563995,0.014439159072935581,0.0,0.22214694321155548,2.200031042098999,-3.400061845779419,0.09680947661399841,0.1291295289993286,,,,7249,0.27101796865463257,0.7245000004768372
2.049484968185425,121,,,0.015180140733718872,0.03051910363137722,0.014864705502986908,0.0,0.18327957391738892,2.049484968185425,-3.098970651626587,0.13604764640331268,0.147802472114563,,,,7299,0.23624086380004883,0.7294999957084656
2.3454153537750244,122,,,0.01642446406185627,0.026414886116981506,0.0022413823753595352,0.0,0.19372409582138062,2.3454153537750244,-3.6908302307128906,0.10493360459804535,0.119956374168396,,,,7349,0.2373872846364975,0.734499990940094
2.215487241744995,123,,,0.015610110014677048,0.025123242288827896,0.001564613776281476,0.0,0.20129747688770294,2.215487241744995,-3.4309723377227783,0.10729262232780457,0.13197505474090576,,,,7399,0.2472822368144989,0.7394999861717224
2.3080756664276123,124,,,0.01174063142389059,0.021332181990146637,0.0024409438483417034,0.0,0.18863238394260406,2.3080756664276123,-3.6161506175994873,0.07381032407283783,0.09820109605789185,,,,7449,0.22420328855514526,0.7444999814033508
2.159501791000366,124,,,0.01459965668618679,0.021378180012106895,0.001433671684935689,0.0,0.18559379875659943,2.159501791000366,-3.319004535675049,0.08808737248182297,0.08243513107299805,,,,7499,0.21729250252246857,0.7494999766349792
2.271071434020996,125,,,0.016960054636001587,0.027758311480283737,0.0029182445723563433,0.0,0.2192985862493515,2.271071434020996,-3.542140483856201,0.10370220243930817,0.12312495708465576,,,,7549,0.2644559442996979,0.7544999718666077
2.3216049671173096,126,,,0.017916198819875717,0.027759667485952377,0.002431470900774002,0.0,0.20855258405208588,2.3216049671173096,-3.643205404281616,0.09499919414520264,0.10595524311065674,,,,7599,0.24942992627620697,0.7595000267028809
2.2314491271972656,127,,,0.015164057724177837,0.023904835805296898,0.0019163027172908187,0.0,0.21317657828330994,2.2314491271972656,-3.462899684906006,0.09364314377307892,0.11361896991729736,,,,7649,0.2539607584476471,0.7645000219345093
2.2827491760253906,128,,,0.01992039754986763,0.025728529319167137,0.0025394936092197895,0.0,0.22241832315921783,2.2827491760253906,-3.5654983520507812,0.1106010302901268,0.09294462203979492,,,,7699,0.2590802311897278,0.7695000171661377
2.309922456741333,129,,,0.020306961610913277,0.031404659152030945,0.0024966243654489517,0.0,0.22967275977134705,2.309922456741333,-3.6198461055755615,0.20941826701164246,0.1922703981399536,,,,7749,0.29401278495788574,0.7745000123977661
2.4432485103607178,129,,,0.02724691852927208,0.03269381448626518,0.0013708444312214851,0.0,0.2165917456150055,2.4432485103607178,-3.886497974395752,0.09032414853572845,0.09286808967590332,,,,7799,0.25687113404273987,0.7795000076293945
,129,90.36213684082031,15600.0,,,,,,,,,,24.49423599243164,,0.8808428049087524,7799,,
2.1889328956604004,130,,,0.014089415781199932,0.024913474917411804,0.001974718878045678,0.0,0.1908758133649826,2.1889328956604004,-3.3778655529022217,0.0764646977186203,0.11007064580917358,,,,7849,0.2312518060207367,0.784500002861023
2.180835247039795,131,,,0.013650340959429741,0.02566513977944851,0.0024521073792129755,0.0,0.2001645267009735,2.180835247039795,-3.361668348312378,0.10260574519634247,0.1163034439086914,,,,7899,0.24247552454471588,0.7894999980926514
2.271493434906006,132,,,0.018224621191620827,0.030400505289435387,0.0027918722480535507,0.0,0.22041717171669006,2.271493434906006,-3.5429866313934326,0.15033721923828125,0.156144380569458,,,,7949,0.2751789391040802,0.7944999933242798
2.1204612255096436,133,,,0.019082415848970413,0.0290956012904644,0.002290270058438182,0.0,0.19118860363960266,2.1204612255096436,-3.240922451019287,0.0867990255355835,0.09437412023544312,,,,7999,0.22986425459384918,0.7994999885559082
2.3012614250183105,134,,,0.01577719673514366,0.021745365113019943,0.0011087217135354877,0.0,0.21057455241680145,2.3012614250183105,-3.602522373199463,0.081857830286026,0.08867669105529785,,,,8049,0.24403855204582214,0.8044999837875366
2.2969748973846436,134,,,0.01371814962476492,0.025001462548971176,0.001978951506316662,0.0,0.20620745420455933,2.2969748973846436,-3.593951463699341,0.09628452360630035,0.11512112617492676,,,,8099,0.24788090586662292,0.809499979019165
2.35741925239563,135,,,0.01862747222185135,0.02674194797873497,0.004008329473435879,0.0,0.21804191172122955,2.35741925239563,-3.714839220046997,0.07401129603385925,0.10695314407348633,,,,8149,0.25871706008911133,0.8144999742507935
2.211738109588623,136,,,0.0212212186306715,0.0364513099193573,0.004231379367411137,0.0,0.2096858024597168,2.211738109588623,-3.423473834991455,0.11237195134162903,0.16286695003509521,,,,8199,0.2692645192146301,0.8195000290870667
2.2269413471221924,137,,,0.019278550520539284,0.03157908469438553,0.01230611652135849,0.0,0.23165997862815857,2.2269413471221924,-3.453883647918701,0.1018226370215416,0.1534927487373352,,,,8249,0.286612331867218,0.8245000243186951
2.168673515319824,138,,,0.02363675832748413,0.03042706660926342,0.014098875224590302,0.0,0.19909708201885223,2.168673515319824,-3.3373470306396484,0.08787424862384796,0.0941048264503479,,,,8299,0.238780215382576,0.8295000195503235
2.185462474822998,139,,,0.01416359655559063,0.023405876010656357,0.0017289650859311223,0.0,0.20228296518325806,2.185462474822998,-3.3709237575531006,0.08741623163223267,0.10135889053344727,,,,8349,0.23972293734550476,0.8345000147819519
2.1898269653320312,139,,,0.018052492290735245,0.026499565690755844,0.0024608997628092766,0.0,0.2345716506242752,2.1898269653320312,-3.3796544075012207,0.13187697529792786,0.13127726316452026,,,,8399,0.2811535894870758,0.8395000100135803
,139,87.26315307617188,16800.0,,,,,,,,,,24.100990295410156,,0.878957211971283,8399,,
2.296152114868164,140,,,0.018369285389780998,0.025451749563217163,0.0011481032706797123,0.0,0.19004827737808228,2.296152114868164,-3.592304229736328,0.07670893520116806,0.08149164915084839,,,,8449,0.2236350029706955,0.8445000052452087
2.1030678749084473,141,,,0.01784534938633442,0.02915593981742859,0.006304559763520956,0.0,0.23486651480197906,2.1030678749084473,-3.2061362266540527,0.10548385232686996,0.12996089458465576,,,,8499,0.28253844380378723,0.8495000004768372
2.1855411529541016,142,,,0.0230138897895813,0.03174419701099396,0.002773964311927557,0.0,0.21368634700775146,2.1855411529541016,-3.3710789680480957,0.08683440089225769,0.10440444946289062,,,,8549,0.2563042640686035,0.8544999957084656
2.3468880653381348,143,,,0.012035783380270004,0.02152923122048378,0.0008434643386863172,0.0,0.19251491129398346,2.3468880653381348,-3.693777322769165,0.0522276870906353,0.07307958602905273,,,,8599,0.22187140583992004,0.859499990940094
2.09832501411438,144,,,0.0158647783100605,0.026350781321525574,0.0018076576525345445,0.0,0.21931613981723785,2.09832501411438,-3.196650505065918,0.12025369703769684,0.12447363138198853,,,,8649,0.26405173540115356,0.8644999861717224
2.296349287033081,144,,,0.014239594340324402,0.026700608432292938,0.0013332468224689364,0.0,0.2191680371761322,2.296349287033081,-3.5926971435546875,0.09050091356039047,0.12669575214385986,,,,8699,0.2645815908908844,0.8694999814033508
2.2868869304656982,145,,,0.010837972164154053,0.02054278552532196,0.0024003973230719566,0.0,0.20284342765808105,2.2868869304656982,-3.5737736225128174,0.06928278505802155,0.0943254828453064,,,,8749,0.2370271533727646,0.8744999766349792
2.387756586074829,146,,,0.02717493288218975,0.03487769886851311,0.001665984163992107,0.0,0.2208787202835083,2.387756586074829,-3.775513172149658,0.09827742725610733,0.09490394592285156,,,,8799,0.262764573097229,0.8794999718666077
2.293095111846924,147,,,0.013795571401715279,0.01965375803411007,0.0011629515793174505,0.0,0.17455221712589264,2.293095111846924,-3.586191415786743,0.06785281002521515,0.06313687562942505,,,,8849,0.2005372792482376,0.8845000267028809
2.290132999420166,148,,,0.01900254376232624,0.02684694528579712,0.0013406045036390424,0.0,0.21590480208396912,2.290132999420166,-3.5802652835845947,0.06902965903282166,0.08016276359558105,,,,8899,0.24987754225730896,0.8895000219345093
2.183878183364868,149,,,0.017566654831171036,0.03209809213876724,0.007021979428827763,0.0,0.21562817692756653,2.183878183364868,-3.3677561283111572,0.09617150574922562,0.13413065671920776,,,,8949,0.2658246159553528,0.8945000171661377
2.26065731048584,149,,,0.02668870985507965,0.03289835527539253,0.0013866301160305738,0.0,0.18666958808898926,2.26065731048584,-3.521314859390259,0.09466855227947235,0.09044617414474487,,,,8999,0.2264321893453598,0.8995000123977661
,149,89.08001708984375,18000.0,,,,,,,,,,24.316158294677734,,0.8790281414985657,8999,,
2.1961357593536377,150,,,0.014999534003436565,0.02410421334207058,0.0034569220151752234,0.0,0.19923247396945953,2.1961357593536377,-3.3922715187072754,0.09839759767055511,0.10967415571212769,,,,9049,0.2391645312309265,0.9045000076293945
2.246664047241211,151,,,0.02361377142369747,0.032916516065597534,0.002635176992043853,0.0,0.21904633939266205,2.246664047241211,-3.4933300018310547,0.07842522859573364,0.10310626029968262,,,,9099,0.26193737983703613,0.909500002861023
2.3005330562591553,152,,,0.02113272249698639,0.03116193786263466,0.0029743113555014133,0.0,0.20348741114139557,2.3005330562591553,-3.6010653972625732,0.09472925215959549,0.12166833877563477,,,,9149,0.2500881254673004,0.9144999980926514
2.391594648361206,153,,,0.01488453894853592,0.02519376389682293,0.0023068496957421303,0.0,0.21679691970348358,2.391594648361206,-3.7831873893737793,0.06043807044625282,0.09379059076309204,,,,9199,0.253271222114563,0.9194999933242798
2.278900384902954,154,,,0.021657317876815796,0.02769579365849495,0.006522958166897297,0.0,0.2044275999069214,2.278900384902954,-3.5578012466430664,0.09356354176998138,0.08913111686706543,,,,9249,0.2412627786397934,0.9244999885559082
2.1906352043151855,154,,,0.027059627696871758,0.0404839850962162,0.008320685476064682,0.0,0.2300969362258911,2.1906352043151855,-3.38127064704895,0.10319450497627258,0.15509504079818726,,,,9299,0.2899971902370453,0.9294999837875366
2.1205997467041016,155,,,0.017598170787096024,0.024104639887809753,0.0015618924517184496,0.0,0.20261386036872864,2.1205997467041016,-3.2411985397338867,0.08331717550754547,0.0867353081703186,,,,9349,0.23682901263237,0.934499979019165
2.2281205654144287,156,,,0.02571738511323929,0.03770269453525543,0.0013955270405858755,0.0,0.20538932085037231,2.2281205654144287,-3.4562408924102783,0.10074105858802795,0.13293808698654175,,,,9399,0.2581530213356018,0.9394999742507935
2.2257723808288574,157,,,0.01686878874897957,0.022661259397864342,0.002446104073897004,0.0,0.19437873363494873,2.2257723808288574,-3.4515440464019775,0.10422281175851822,0.09587067365646362,,,,9449,0.2301599085330963,0.9445000290870667
2.274078369140625,158,,,0.01797610893845558,0.02553657256066799,0.0018204223597422242,0.0,0.21092592179775238,2.274078369140625,-3.54815936088562,0.0872553139925003,0.08598971366882324,,,,9499,0.24568656086921692,0.9495000243186951
2.260362386703491,159,,,0.01334431767463684,0.02040700614452362,0.0013616940705105662,0.0,0.18667012453079224,2.260362386703491,-3.520725965499878,0.07039017975330353,0.08333766460418701,,,,9549,0.218075692653656,0.9545000195503235
2.3013856410980225,159,,,0.01594410091638565,0.02340543642640114,0.0017004922265186906,0.0,0.21661706268787384,2.3013856410980225,-3.6027700901031494,0.07965661585330963,0.09225136041641235,,,,9599,0.2518237233161926,0.9595000147819519
,159,88.30445861816406,19200.0,,,,,,,,,,24.779022216796875,,0.8822050094604492,9599,,
2.2745273113250732,160,,,0.02754008024930954,0.03531501442193985,0.0033800748642534018,0.0,0.20902997255325317,2.2745273113250732,-3.5490546226501465,0.09093213081359863,0.100979745388031,,,,9649,0.2527054250240326,0.9645000100135803
2.3174870014190674,161,,,0.031338393688201904,0.043228741735219955,0.004887837450951338,0.0,0.24625347554683685,2.3174870014190674,-3.6349751949310303,0.1974843144416809,0.18532663583755493,,,,9699,0.3151051700115204,0.9695000052452087
2.2076845169067383,162,,,0.014238118194043636,0.024061735719442368,0.002586043905466795,0.0,0.19114060699939728,2.2076845169067383,-3.415369749069214,0.07906125485897064,0.09636634588241577,,,,9749,0.2276836633682251,0.9745000004768372
2.2134180068969727,163,,,0.018883807584643364,0.030760332942008972,0.0037937723100185394,0.0,0.23076164722442627,2.2134180068969727,-3.426835536956787,0.11713239550590515,0.14334404468536377,,,,9799,0.2825447618961334,0.9794999957084656
2.1439290046691895,164,,,0.012647951953113079,0.02353874407708645,0.0013873754069209099,0.0,0.20522312819957733,2.1439290046691895,-3.287858247756958,0.09035685658454895,0.10947531461715698,,,,9849,0.2447122186422348,0.984499990940094
2.203092336654663,164,,,0.012668035924434662,0.02219347283244133,0.002099810168147087,0.0,0.1905623823404312,2.203092336654663,-3.4061832427978516,0.08311344683170319,0.10025542974472046,,,,9899,0.2270921766757965,0.9894999861717224
2.2324447631835938,165,,,0.018052397295832634,0.03368661552667618,0.01987716369330883,0.0,0.2250787764787674,2.2324447631835938,-3.4648892879486084,0.11428611725568771,0.16925173997879028,,,,9949,0.28518325090408325,0.9944999814033508
2.3020401000976562,166,,,0.01606173627078533,0.02333354577422142,0.0017463862895965576,0.0,0.20795629918575287,2.3020401000976562,-3.6040806770324707,0.08145657181739807,0.08619159460067749,,,,9999,0.2416161745786667,0.9994999766349792
2.287818193435669,167,,,0.026610523462295532,0.033343445509672165,0.001566002843901515,0.0,0.20126432180404663,2.287818193435669,-3.5756380558013916,0.09522554278373718,0.08557438850402832,,,,10049,0.2400340586900711,1.0
2.287768602371216,168,,,0.021674644201993942,0.030734216794371605,0.008236201480031013,0.0,0.21150417625904083,2.287768602371216,-3.5755367279052734,0.0904393419623375,0.10860258340835571,,,,10099,0.2547697126865387,1.0
2.337148427963257,169,,,0.01833348348736763,0.02554343268275261,0.0037341108545660973,0.0,0.2026231288909912,2.337148427963257,-3.6742963790893555,0.07253958284854889,0.08202576637268066,,,,10149,0.23645298182964325,1.0
2.189242124557495,169,,,0.01202370971441269,0.02164630964398384,0.0028173085302114487,0.0,0.21651960909366608,2.189242124557495,-3.3784847259521484,0.06376586109399796,0.0871625542640686,,,,10199,0.2495044320821762,1.0
,169,89.37940979003906,20400.0,,,,,,,,,,24.35590171813965,,0.88214510679245,10199,,
2.1981496810913086,170,,,0.013552447780966759,0.022793186828494072,0.003732871264219284,0.0,0.20439930260181427,2.1981496810913086,-3.396299362182617,0.08874895423650742,0.09646731615066528,,,,10249,0.2403448522090912,1.0
2.358738899230957,171,,,0.014947628602385521,0.022978102788329124,0.0013662262354046106,0.0,0.20158801972866058,2.358738899230957,-3.717477321624756,0.07046204805374146,0.08200728893280029,,,,10299,0.2339867353439331,1.0
2.2010860443115234,172,,,0.018409471958875656,0.025241639465093613,0.0026626987382769585,0.0,0.21113042533397675,2.2010860443115234,-3.402174234390259,0.0889662504196167,0.09462696313858032,,,,10349,0.24793478846549988,1.0
2.224630117416382,173,,,0.020880740135908127,0.029370566830039024,0.00414965208619833,0.0,0.18861137330532074,2.224630117416382,-3.44926118850708,0.08831842243671417,0.10127115249633789,,,,10399,0.22924020886421204,1.0
2.350517749786377,174,,,0.017022565007209778,0.02830464020371437,0.0030650408007204533,0.0,0.20963630080223083,2.350517749786377,-3.701035737991333,0.07015495747327805,0.11221098899841309,,,,10449,0.2523435652256012,1.0
2.206313371658325,174,,,0.019424691796302795,0.026583924889564514,0.004206005483865738,0.0,0.20214764773845673,2.206313371658325,-3.4126269817352295,0.0811905711889267,0.08348047733306885,,,,10499,0.23690049350261688,1.0
2.4384453296661377,175,,,0.010629184544086456,0.022180816158652306,0.005181938875466585,0.0,0.19438573718070984,2.4384453296661377,-3.876890182495117,0.07814405113458633,0.09796655178070068,,,,10549,0.23036305606365204,1.0
2.4540364742279053,176,,,0.01347224973142147,0.020240364596247673,0.0011500620748847723,0.0,0.19251739978790283,2.4540364742279053,-3.9080727100372314,0.0832260474562645,0.07520496845245361,,,,10599,0.22180438041687012,1.0
2.1237049102783203,177,,,0.018029626458883286,0.02507886290550232,0.004261634778231382,0.0,0.20247210562229156,2.1237049102783203,-3.2474095821380615,0.0918872058391571,0.0903085470199585,,,,10649,0.23814594745635986,1.0
2.376620054244995,178,,,0.01603700779378414,0.0262364000082016,0.0012347670271992683,0.0,0.2078690081834793,2.376620054244995,-3.7532389163970947,0.08630569279193878,0.10807901620864868,,,,10699,0.248438760638237,1.0
2.2526276111602783,179,,,0.019215328618884087,0.027212677523493767,0.022951889783143997,0.0,0.21597963571548462,2.2526276111602783,-3.5052545070648193,0.08371227979660034,0.10900568962097168,,,,10749,0.25789159536361694,1.0
2.3772993087768555,179,,,0.017217259854078293,0.02363256737589836,0.0011594161624088883,0.0,0.19562631845474243,2.3772993087768555,-3.7545981407165527,0.08494754880666733,0.07690787315368652,,,,10799,0.2271289825439453,1.0
,179,84.6908187866211,21600.0,,,,,,,,,,24.32062339782715,,0.8803865313529968,10799,,
2.30586314201355,180,,,0.020658358931541443,0.030371692031621933,0.0030439242254942656,0.0,0.213703453540802,2.30586314201355,-3.611726760864258,0.11051148176193237,0.15945160388946533,,,,10849,0.2693447470664978,1.0
2.3226256370544434,181,,,0.013922463171184063,0.021365001797676086,0.0013323118910193443,0.0,0.2027563601732254,2.3226256370544434,-3.6452479362487793,0.06562545150518417,0.0710945725440979,,,,10899,0.23159387707710266,1.0
2.154862403869629,182,,,0.017725661396980286,0.026204124093055725,0.0022240057587623596,0.0,0.20271852612495422,2.154862403869629,-3.309724807739258,0.08050326257944107,0.09645402431488037,,,,10949,0.24043282866477966,1.0
2.2264418601989746,183,,,0.027575893327593803,0.03670701012015343,0.0032094395719468594,0.0,0.21094240248203278,2.2264418601989746,-3.4528841972351074,0.07753686606884003,0.1307990550994873,,,,10999,0.2627653181552887,1.0
2.035051107406616,184,,,0.014413559809327126,0.02236171066761017,0.0029336235020309687,0.0,0.18495310842990875,2.035051107406616,-3.070101499557495,0.07987404614686966,0.08821392059326172,,,,11049,0.2186211198568344,1.0
2.174825668334961,184,,,0.021290328353643417,0.030840400606393814,0.002774331718683243,0.0,0.20692205429077148,2.174825668334961,-3.3496508598327637,0.1025882363319397,0.11503684520721436,,,,11099,0.25170308351516724,1.0
2.1100404262542725,185,,,0.016444433480501175,0.025345897302031517,0.02590695023536682,0.0,0.22401688992977142,2.1100404262542725,-3.220081090927124,0.11074389517307281,0.10909903049468994,,,,11149,0.2650233805179596,1.0
2.3013339042663574,186,,,0.017236584797501564,0.03087679296731949,0.0036419834941625595,0.0,0.20017002522945404,2.3013339042663574,-3.602672815322876,0.11037969589233398,0.14812636375427246,,,,11199,0.2531619668006897,1.0
2.0730111598968506,187,,,0.015215734951198101,0.02592541091144085,0.0016312855295836926,0.0,0.20367224514484406,2.0730111598968506,-3.146021604537964,0.10809443891048431,0.11434680223464966,,,,11249,0.24564282596111298,1.0
2.145876884460449,188,,,0.023578669875860214,0.03387324512004852,0.023493334650993347,0.0,0.2111581265926361,2.145876884460449,-3.291753053665161,0.09700509905815125,0.1441793441772461,,,,11299,0.2653163969516754,1.0
2.297330141067505,189,,,0.015912597998976707,0.02471437118947506,0.0019292718498036265,0.0,0.18656370043754578,2.297330141067505,-3.594661235809326,0.08591106534004211,0.09356057643890381,,,,11349,0.22275707125663757,1.0
2.34663462638855,189,,,0.01742047630250454,0.02314751222729683,0.0009890092769637704,0.0,0.20491646230220795,2.34663462638855,-3.6932690143585205,0.0862189531326294,0.08184421062469482,,,,11399,0.2374114990234375,1.0
,189,86.15538024902344,22800.0,,,,,,,,,,24.34864044189453,,0.8818488121032715,11399,,
2.1625680923461914,190,,,0.01869894564151764,0.029085783287882805,0.0024955684784799814,0.0,0.2151598036289215,2.1625680923461914,-3.3251335620880127,0.10388428717851639,0.1187509298324585,,,,11449,0.25992029905319214,1.0
2.278205394744873,191,,,0.026774968951940536,0.03256630897521973,0.0014567768666893244,0.0,0.18127596378326416,2.278205394744873,-3.5564112663269043,0.09982281923294067,0.09983432292938232,,,,11499,0.2232234925031662,1.0
2.2585580348968506,192,,,0.020442742854356766,0.02931041084229946,0.0020599584095180035,0.0,0.208418607711792,2.2585580348968506,-3.5171163082122803,0.10342427343130112,0.11186426877975464,,,,11549,0.251602441072464,1.0
2.279898166656494,193,,,0.014882217161357403,0.021170740947127342,0.001483878237195313,0.0,0.1956283301115036,2.279898166656494,-3.559797525405884,0.07063378393650055,0.07485508918762207,,,,11599,0.22533662617206573,1.0
2.2056522369384766,194,,,0.014132327400147915,0.02844630554318428,0.0015721451491117477,0.0,0.22307929396629333,2.2056522369384766,-3.411303758621216,0.0830467939376831,0.13171088695526123,,,,11649,0.27062278985977173,1.0
2.312460422515869,194,,,0.02071186527609825,0.029001226648688316,0.001066040713340044,0.0,0.20999951660633087,2.312460422515869,-3.624922037124634,0.09781919419765472,0.10101395845413208,,,,11699,0.25029808282852173,1.0
2.2344558238983154,195,,,0.02743765525519848,0.03775104880332947,0.00462464801967144,0.0,0.23644855618476868,2.2344558238983154,-3.468909502029419,0.1367945522069931,0.13698792457580566,,,,11749,0.2903726100921631,1.0
2.2896673679351807,196,,,0.018059223890304565,0.03224257007241249,0.0037859645672142506,0.0,0.21153026819229126,2.2896673679351807,-3.579336643218994,0.08900470286607742,0.1336544156074524,,,,11799,0.26161128282546997,1.0
2.0212626457214355,197,,,0.017056554555892944,0.029789067804813385,0.01003795862197876,0.0,0.21446934342384338,2.0212626457214355,-3.042525053024292,0.11064910143613815,0.14699840545654297,,,,11849,0.26679083704948425,1.0
2.2276954650878906,198,,,0.02579326741397381,0.03837436065077782,0.008742270991206169,0.0,0.21168063580989838,2.2276954650878906,-3.4553911685943604,0.11025608330965042,0.1452420949935913,,,,11899,0.268041729927063,1.0
2.237396001815796,199,,,0.0189809612929821,0.0310435201972723,0.0026939769741147757,0.0,0.20295266807079315,2.237396001815796,-3.474790573120117,0.08739500492811203,0.1151425838470459,,,,11949,0.24780194461345673,1.0
2.2043888568878174,199,,,0.012394048273563385,0.023713883012533188,0.0019099449273198843,0.0,0.20572549104690552,2.2043888568878174,-3.4087777137756348,0.06898529827594757,0.09346282482147217,,,,11999,0.24130573868751526,1.0
,199,85.7854232788086,24000.0,,,,,,,,,,24.229331970214844,,0.8816455006599426,11999,,
2.2309255599975586,200,,,0.013725395314395428,0.023979276418685913,0.002331444527953863,0.0,0.20582018792629242,2.2309255599975586,-3.461851119995117,0.08217006176710129,0.10089671611785889,,,,12049,0.24343542754650116,1.0
2.190190553665161,201,,,0.013116954825818539,0.02213231846690178,0.0013685363810509443,0.0,0.19134989380836487,2.190190553665161,-3.380380868911743,0.10830878466367722,0.1107935905456543,,,,12099,0.23047658801078796,1.0
2.2316806316375732,202,,,0.020417284220457077,0.02796236053109169,0.005234310403466225,0.0,0.22735124826431274,2.2316806316375732,-3.463360548019409,0.10694630444049835,0.1102302074432373,,,,12149,0.2695312798023224,1.0
2.156076431274414,203,,,0.015487226657569408,0.02683328464627266,0.0032778927125036716,0.0,0.2053120732307434,2.156076431274414,-3.3121535778045654,0.08102878928184509,0.11377382278442383,,,,12199,0.24764129519462585,1.0
2.1932895183563232,204,,,0.017428463324904442,0.025791672989726067,0.002355603501200676,0.0,0.20758865773677826,2.1932895183563232,-3.3865795135498047,0.09976057708263397,0.10370451211929321,,,,12249,0.24690522253513336,1.0
2.316457509994507,204,,,0.01362143736332655,0.026461360976099968,0.011433574371039867,0.0,0.23792995512485504,2.316457509994507,-3.6329147815704346,0.09379294514656067,0.12267810106277466,,,,12299,0.28245654702186584,1.0
2.31317138671875,205,,,0.020604880526661873,0.029007654637098312,0.002148437313735485,0.0,0.2105317860841751,2.31317138671875,-3.626342535018921,0.13244003057479858,0.13467669486999512,,,,12349,0.25927361845970154,1.0
2.3051838874816895,206,,,0.016950003802776337,0.02975360117852688,0.001240125042386353,0.0,0.19924390316009521,2.3051838874816895,-3.610368490219116,0.09604434669017792,0.12478119134902954,,,,12399,0.24577075242996216,1.0
2.245431661605835,207,,,0.02196609042584896,0.03298432379961014,0.003497694618999958,0.0,0.21005849540233612,2.245431661605835,-3.490863084793091,0.11438413709402084,0.1692601442337036,,,,12449,0.26950228214263916,1.0
2.195249080657959,208,,,0.01411522924900055,0.022823920473456383,0.001981048146262765,0.0,0.20636868476867676,2.195249080657959,-3.3904976844787598,0.09375214576721191,0.10003364086151123,,,,12499,0.24319146573543549,1.0
2.2557179927825928,209,,,0.03232017159461975,0.04151495173573494,0.002734194975346327,0.0,0.22114185988903046,2.2557179927825928,-3.511436700820923,0.10608188807964325,0.13397657871246338,,,,12549,0.2762698531150818,1.0
2.2186834812164307,209,,,0.011656494811177254,0.023157712072134018,0.001724946778267622,0.0,0.18377582728862762,2.2186834812164307,-3.4373676776885986,0.09738027304410934,0.10098165273666382,,,,12599,0.22093462944030762,1.0
,209,86.23770141601562,25200.0,,,,,,,,,,24.262624740600586,,0.8812142610549927,12599,,
2.382050037384033,210,,,0.011866709217429161,0.018160788342356682,0.0009645810350775719,0.0,0.1933586448431015,2.382050037384033,-3.7641000747680664,0.07647855579853058,0.06810182332992554,,,,12649,0.21978527307510376,1.0
2.230562448501587,211,,,0.01782730221748352,0.027449054643511772,0.0014906798023730516,0.0,0.20358337461948395,2.230562448501587,-3.4611246585845947,0.07960294932126999,0.09354168176651001,,,,12699,0.2411762773990631,1.0
2.2105026245117188,212,,,0.016073603183031082,0.02291519194841385,0.0024497846607118845,0.0,0.18993447721004486,2.2105026245117188,-3.4210054874420166,0.0753445103764534,0.0782386064529419,,,,12749,0.22141480445861816,1.0
2.2238547801971436,213,,,0.01757701113820076,0.024091852828860283,0.004948455840349197,0.0,0.22339428961277008,2.2238547801971436,-3.4477081298828125,0.05863840505480766,0.08087915182113647,,,,12799,0.2562231421470642,1.0
2.2692341804504395,214,,,0.034948304295539856,0.040749434381723404,0.0016400688327848911,0.0,0.23995544016361237,2.2692341804504395,-3.5384695529937744,0.08844646066427231,0.11185765266418457,,,,12849,0.2892092764377594,1.0
2.1485066413879395,214,,,0.016796419396996498,0.028278773650527,0.0026992089115083218,0.0,0.19634093344211578,2.1485066413879395,-3.2970128059387207,0.09063637256622314,0.11475926637649536,,,,12899,0.23965752124786377,1.0
2.235928535461426,215,,,0.012886283919215202,0.022511091083288193,0.0017441846430301666,0.0,0.19531552493572235,2.235928535461426,-3.4718563556671143,0.10829576849937439,0.1086357831954956,,,,12949,0.23409578204154968,1.0
2.156864881515503,216,,,0.023393718525767326,0.03702300786972046,0.005620135460048914,0.0,0.2133212685585022,2.156864881515503,-3.3137295246124268,0.13807575404644012,0.15570932626724243,,,,12999,0.27148544788360596,1.0
2.3036561012268066,217,,,0.022631332278251648,0.03179032355546951,0.003235511714592576,0.0,0.2172338366508484,2.3036561012268066,-3.607311725616455,0.10353916883468628,0.12065005302429199,,,,13049,0.26393818855285645,1.0
2.0451345443725586,218,,,0.019039124250411987,0.0302913598716259,0.003149677300825715,0.0,0.20687377452850342,2.0451345443725586,-3.0902700424194336,0.09090758860111237,0.12172400951385498,,,,13099,0.25300517678260803,1.0
2.098802328109741,219,,,0.012105429545044899,0.020063236355781555,0.0023751026019454002,0.0,0.20016220211982727,2.098802328109741,-3.197604179382324,0.06987257301807404,0.09496456384658813,,,,13149,0.234296977519989,1.0
2.282017707824707,219,,,0.013291982933878899,0.024444177746772766,0.0019184998236596584,0.0,0.18498490750789642,2.282017707824707,-3.5640358924865723,0.10171882808208466,0.11137235164642334,,,,13199,0.22543033957481384,1.0
,219,86.51078033447266,26400.0,,,,,,,,,,24.350793838500977,,0.8823134303092957,13199,,
2.2463185787200928,220,,,0.011483987793326378,0.017482934519648552,0.001592500600963831,0.0,0.2088974565267563,2.2463185787200928,-3.4926395416259766,0.0504448227584362,0.06505239009857178,,,,13249,0.2342289388179779,1.0
2.242879867553711,221,,,0.017509708181023598,0.02804386243224144,0.001861796248704195,0.0,0.1918012648820877,2.242879867553711,-3.4857606887817383,0.0861198902130127,0.0906628966331482,,,,13299,0.22897320985794067,1.0
2.0835845470428467,222,,,0.015832368284463882,0.02565777860581875,0.0016609295271337032,0.0,0.1925707459449768,2.0835845470428467,-3.167168140411377,0.09632783383131027,0.11209309101104736,,,,13349,0.23386023938655853,1.0
2.097693920135498,223,,,0.017008859664201736,0.02802436053752899,0.004081417340785265,0.0,0.17565791308879852,2.097693920135498,-3.195385217666626,0.1107671856880188,0.1131366491317749,,,,13399,0.21848151087760925,1.0
2.205721855163574,224,,,0.022921940311789513,0.029960989952087402,0.001921028713695705,0.0,0.22243808209896088,2.205721855163574,-3.4114432334899902,0.07261800020933151,0.08460104465484619,,,,13449,0.2591899037361145,1.0
2.2683048248291016,224,,,0.03788445517420769,0.04320238158106804,0.006878042593598366,0.0,0.22436240315437317,2.2683048248291016,-3.536609411239624,0.0926332175731659,0.10290992259979248,,,,13499,0.2728101313114166,1.0
2.1766011714935303,225,,,0.016595613211393356,0.025285204872488976,0.001210712711326778,0.0,0.20469650626182556,2.1766011714935303,-3.3531999588012695,0.11550736427307129,0.10869377851486206,,,,13549,0.24495771527290344,1.0
2.1598267555236816,226,,,0.01591198518872261,0.022600308060646057,0.0018664785893633962,0.0,0.20498912036418915,2.1598267555236816,-3.319650650024414,0.09773923456668854,0.09126424789428711,,,,13599,0.23954980075359344,1.0
2.337226629257202,227,,,0.01252710074186325,0.01972867175936699,0.0010399476159363985,0.0,0.19718621671199799,2.337226629257202,-3.674455404281616,0.05490853637456894,0.0671461820602417,,,,13649,0.22417627274990082,1.0
2.2367568016052246,228,,,0.012630142271518707,0.02161499857902527,0.0012837601825594902,0.0,0.1863730251789093,2.2367568016052246,-3.473512649536133,0.06070571392774582,0.08290541172027588,,,,13699,0.2182547152042389,1.0
2.3025288581848145,229,,,0.02215666137635708,0.03942962735891342,0.006702964194118977,0.0,0.22685134410858154,2.3025288581848145,-3.605056047439575,0.14679811894893646,0.19982635974884033,,,,13749,0.29724425077438354,1.0
2.1685807704925537,229,,,0.015554828569293022,0.026741433888673782,0.01747146248817444,0.0,0.21322940289974213,2.1685807704925537,-3.3371596336364746,0.08534808456897736,0.12244910001754761,,,,13799,0.2580380439758301,1.0
,229,85.14559173583984,27600.0,,,,,,,,,,24.30719757080078,,0.8830407857894897,13799,,
2.1077027320861816,230,,,0.018295448273420334,0.029806416481733322,0.008521882817149162,0.0,0.2180316001176834,2.1077027320861816,-3.2154059410095215,0.11557106673717499,0.14458012580871582,,,,13849,0.2697502672672272,1.0
2.2093186378479004,231,,,0.012959009036421776,0.020914096385240555,0.0022161235101521015,0.0,0.20236113667488098,2.2093186378479004,-3.4186360836029053,0.08510705828666687,0.09421563148498535,,,,13899,0.2367514669895172,1.0
2.348647356033325,232,,,0.017809174954891205,0.025422213599085808,0.0007397144217975438,0.0,0.19994238018989563,2.348647356033325,-3.697293996810913,0.10220148414373398,0.10437583923339844,,,,13949,0.23921117186546326,1.0
2.1815061569213867,233,,,0.015406368300318718,0.024136994034051895,0.0035269809886813164,0.0,0.19776633381843567,2.1815061569213867,-3.363011598587036,0.07711129635572433,0.09755223989486694,,,,13999,0.23469622433185577,1.0
2.1725409030914307,234,,,0.01751706190407276,0.02432342991232872,0.0017638542922213674,0.0,0.1745748668909073,2.1725409030914307,-3.3450820446014404,0.06730881333351135,0.08514547348022461,,,,14049,0.20850497484207153,1.0
2.180565595626831,234,,,0.015431791543960571,0.027331355959177017,0.0032717932481318712,0.0,0.20044419169425964,2.180565595626831,-3.361130952835083,0.07823562622070312,0.11371278762817383,,,,14099,0.2430056631565094,1.0
2.2057082653045654,235,,,0.015835817903280258,0.02595527097582817,0.0026537927333265543,0.0,0.19873732328414917,2.2057082653045654,-3.411419153213501,0.0819934606552124,0.09692120552062988,,,,14149,0.23640750348567963,1.0
2.191664218902588,236,,,0.020952828228473663,0.030503317713737488,0.0026835305616259575,0.0,0.19774623215198517,2.191664218902588,-3.383328437805176,0.09597276151180267,0.11528635025024414,,,,14199,0.24241039156913757,1.0
2.234126329421997,237,,,0.025667017325758934,0.03217275068163872,0.0017028606962412596,0.0,0.1934836506843567,2.234126329421997,-3.4682512283325195,0.09775850176811218,0.08850467205047607,,,,14249,0.2323804497718811,1.0
2.2652039527893066,238,,,0.013096395879983902,0.02111773192882538,0.003296472132205963,0.0,0.1826988309621811,2.2652039527893066,-3.530409097671509,0.07827476412057877,0.0813608169555664,,,,14299,0.21400772035121918,1.0
2.147458791732788,239,,,0.010210789740085602,0.01992688700556755,0.0026011941954493523,0.0,0.19979366660118103,2.147458791732788,-3.294917106628418,0.07081595063209534,0.09115660190582275,,,,14349,0.2328665554523468,1.0
2.430072784423828,239,,,0.010134673677384853,0.016244221478700638,0.000770654936786741,0.0,0.204046368598938,2.430072784423828,-3.860147714614868,0.04999885708093643,0.06226909160614014,,,,14399,0.22800838947296143,1.0
,239,84.84539031982422,28800.0,,,,,,,,,,24.321077346801758,,0.8823122382164001,14399,,
2.2789700031280518,240,,,0.015881255269050598,0.026453262194991112,0.0011948891915380955,0.0,0.18501891195774078,2.2789700031280518,-3.5579397678375244,0.07834185659885406,0.1189645528793335,,,,14449,0.22841358184814453,1.0
2.2679619789123535,241,,,0.018567277118563652,0.030404217541217804,0.002159000840038061,0.0,0.20175288617610931,2.2679619789123535,-3.535923957824707,0.10167935490608215,0.11937171220779419,,,,14499,0.24731607735157013,1.0
2.182050943374634,242,,,0.019502859562635422,0.030240653082728386,0.003970061428844929,0.0,0.21711155772209167,2.182050943374634,-3.3641021251678467,0.09794050455093384,0.13430774211883545,,,,14549,0.266395628452301,1.0
2.1369149684906006,243,,,0.01848377101123333,0.03459499031305313,0.01669282093644142,0.0,0.1822843849658966,2.1369149684906006,-3.273829936981201,0.11944902688264847,0.1572798490524292,,,,14599,0.23978126049041748,1.0
2.3417418003082275,244,,,0.011697215959429741,0.01765918731689453,0.0006873568636365235,0.0,0.18555687367916107,2.3417418003082275,-3.683483600616455,0.06801490485668182,0.0697251558303833,,,,14649,0.21212737262248993,1.0
2.260227680206299,244,,,0.014590639621019363,0.023062124848365784,0.002944166772067547,0.0,0.1946108043193817,2.260227680206299,-3.5204553604125977,0.06610646843910217,0.08647996187210083,,,,14699,0.22820022702217102,1.0
2.183471441268921,245,,,0.015581387095153332,0.030393343418836594,0.014995171688497066,0.0,0.20747755467891693,2.183471441268921,-3.3669450283050537,0.1228441521525383,0.15580809116363525,,,,14749,0.262390673160553,1.0
2.230323314666748,246,,,0.017485404387116432,0.02817913144826889,0.003499740269035101,0.0,0.21712659299373627,2.230323314666748,-3.4606456756591797,0.08632487058639526,0.12839168310165405,,,,14799,0.2638387084007263,1.0
2.1939926147460938,247,,,0.016776563599705696,0.03221242129802704,0.0032271593809127808,0.0,0.21059958636760712,2.1939926147460938,-3.387984037399292,0.10301508009433746,0.14458000659942627,,,,14849,0.2633509039878845,1.0
2.221795082092285,248,,,0.012629618868231773,0.020581457763910294,0.0007278365665115416,0.0,0.20532943308353424,2.221795082092285,-3.4435904026031494,0.05675617605447769,0.07668423652648926,,,,14899,0.23512515425682068,1.0
2.1963751316070557,249,,,0.015699807554483414,0.02611623704433441,0.00220870366320014,0.0,0.18179437518119812,2.1963751316070557,-3.3927509784698486,0.08732624351978302,0.10571408271789551,,,,14949,0.22172872722148895,1.0
2.2935690879821777,249,,,0.022275369614362717,0.029151882976293564,0.0012041355948895216,0.0,0.21346800029277802,2.2935690879821777,-3.5871381759643555,0.06548520922660828,0.07844287157058716,,,,14999,0.24824164807796478,1.0
,249,85.35037994384766,30000.0,,,,,,,,,,24.371829986572266,,0.8830747604370117,14999,,
2.3437294960021973,250,,,0.012854344211518764,0.023463016375899315,0.003987804055213928,0.0,0.21382366120815277,2.3437294960021973,-3.687460422515869,0.0774117261171341,0.11474251747131348,,,,15049,0.2546618580818176,1.0
2.4088871479034424,251,,,0.018055006861686707,0.026059217751026154,0.0016190051101148129,0.0,0.21887262165546417,2.4088871479034424,-3.8177731037139893,0.09724489599466324,0.1082565188407898,,,,15099,0.2594582140445709,1.0
2.190232753753662,252,,,0.016641002148389816,0.026555582880973816,0.004834913183003664,0.0,0.21672041714191437,2.190232753753662,-3.380467176437378,0.11096246540546417,0.12984979152679443,,,,15149,0.262997567653656,1.0
2.08974027633667,253,,,0.020087486132979393,0.028197329491376877,0.018779318779706955,0.0,0.21165433526039124,2.08974027633667,-3.1794803142547607,0.08103951811790466,0.12522077560424805,,,,15199,0.25802987813949585,1.0
2.2903246879577637,254,,,0.010536114685237408,0.01896880380809307,0.0017464150441810489,0.0,0.18938566744327545,2.2903246879577637,-3.5806496143341064,0.04838425666093826,0.07517552375793457,,,,15249,0.21797101199626923,1.0
2.0868277549743652,254,,,0.019807104021310806,0.027067050337791443,0.0020513334311544895,0.0,0.20823277533054352,2.0868277549743652,-3.1736555099487305,0.0969032496213913,0.09635049104690552,,,,15299,0.246400386095047,1.0
2.114835500717163,255,,,0.011807984672486782,0.024576853960752487,0.0014400931540876627,0.0,0.17357483506202698,2.114835500717163,-3.2296712398529053,0.09249173104763031,0.13046061992645264,,,,15349,0.21880961954593658,1.0
2.267209768295288,256,,,0.01320154033601284,0.023193221539258957,0.00103409169241786,0.0,0.1931048184633255,2.267209768295288,-3.534419536590576,0.09403285384178162,0.10641133785247803,,,,15399,0.2316601574420929,1.0
2.3739709854125977,257,,,0.013966049067676067,0.02335604652762413,0.0013909670524299145,0.0,0.2137090414762497,2.3739709854125977,-3.7479419708251953,0.12350285053253174,0.13287121057510376,,,,15449,0.25898879766464233,1.0
2.2849013805389404,258,,,0.016749076545238495,0.024742919951677322,0.0017993476940318942,0.0,0.19297559559345245,2.2849013805389404,-3.5698020458221436,0.08697327971458435,0.08866536617279053,,,,15499,0.22797709703445435,1.0
2.1346473693847656,259,,,0.01533563807606697,0.025719111785292625,0.0035065109841525555,0.0,0.20302294194698334,2.1346473693847656,-3.2692947387695312,0.06427159160375595,0.08898782730102539,,,,15549,0.23860050737857819,1.0
2.2294161319732666,259,,,0.012519929558038712,0.02206098847091198,0.0020391694270074368,0.0,0.19619536399841309,2.2294161319732666,-3.458832025527954,0.09321731328964233,0.10616225004196167,,,,15599,0.234130397439003,1.0
,259,85.40906524658203,31200.0,,,,,,,,,,24.513904571533203,,0.883996844291687,15599,,
2.16046142578125,260,,,0.012087791226804256,0.023969650268554688,0.005874423310160637,0.0,0.20581646263599396,2.16046142578125,-3.320924997329712,0.08154258131980896,0.11549675464630127,,,,15649,0.2471245378255844,1.0
2.256229877471924,261,,,0.015598386526107788,0.022836146876215935,0.0013079335913062096,0.0,0.18718980252742767,2.256229877471924,-3.512460947036743,0.06877061724662781,0.0743398666381836,,,,15699,0.2176155000925064,1.0
2.154646635055542,262,,,0.022773921489715576,0.03540155291557312,0.0026808418333530426,0.0,0.21708405017852783,2.154646635055542,-3.309293270111084,0.1197018101811409,0.15482032299041748,,,,15749,0.2741262912750244,1.0
2.110497236251831,263,,,0.01119997352361679,0.019553137943148613,0.0032728470396250486,0.0,0.2003016620874405,2.110497236251831,-3.2209932804107666,0.07451274991035461,0.09962695837020874,,,,15799,0.23534679412841797,1.0
2.184208869934082,264,,,0.014818433672189713,0.02740028314292431,0.0015703218523412943,0.0,0.18110837042331696,2.184208869934082,-3.368417501449585,0.08637960255146027,0.1013193130493164,,,,15849,0.22054806351661682,1.0
2.1998631954193115,264,,,0.014139270409941673,0.021639227867126465,0.0011528549948707223,0.0,0.18356817960739136,2.1998631954193115,-3.399725914001465,0.06844404339790344,0.08529049158096313,,,,15899,0.21609272062778473,1.0
2.207401752471924,265,,,0.02397793158888817,0.033156778663396835,0.02380061149597168,0.0,0.2234157770872116,2.207401752471924,-3.414803981781006,0.08982647955417633,0.11767822504043579,,,,15949,0.27060818672180176,1.0
2.295177936553955,266,,,0.013183439150452614,0.02126004360616207,0.0013031712733209133,0.0,0.21264152228832245,2.295177936553955,-3.59035587310791,0.09117164462804794,0.08473944664001465,,,,15999,0.2448185682296753,1.0
2.2302441596984863,267,,,0.03075621835887432,0.03927391767501831,0.003663516603410244,0.0,0.2164793461561203,2.2302441596984863,-3.4604878425598145,0.09420707821846008,0.1304992437362671,,,,16049,0.26960161328315735,1.0
2.3424453735351562,268,,,0.015147974714636803,0.024187978357076645,0.0018791301408782601,0.0,0.1932099312543869,2.3424453735351562,-3.684890031814575,0.06618862599134445,0.0801348090171814,,,,16099,0.22576330602169037,1.0
2.147261381149292,269,,,0.011865286156535149,0.022382352501153946,0.0020029176957905293,0.0,0.19204267859458923,2.147261381149292,-3.2945220470428467,0.07955529540777206,0.10594910383224487,,,,16149,0.23006783425807953,1.0
2.136401414871216,269,,,0.03106520138680935,0.03866749629378319,0.0046198307536542416,0.0,0.21588784456253052,2.136401414871216,-3.272801637649536,0.07891067862510681,0.1033792495727539,,,,16199,0.2619585394859314,1.0
,269,84.05296325683594,32400.0,,,,,,,,,,24.525508880615234,,0.8847620487213135,16199,,
2.2835941314697266,270,,,0.031412288546562195,0.037271201610565186,0.001364771625958383,0.0,0.24113333225250244,2.2835941314697266,-3.5671870708465576,0.10115183889865875,0.09665358066558838,,,,16249,0.2847517430782318,1.0
2.185218334197998,271,,,0.013872761279344559,0.021334610879421234,0.0021259081549942493,0.0,0.19520118832588196,2.185218334197998,-3.3704376220703125,0.06230846419930458,0.08078724145889282,,,,16299,0.22646526992321014,1.0
2.070556640625,272,,,0.013621563091874123,0.025145798921585083,0.0046934690326452255,0.0,0.19153732061386108,2.070556640625,-3.141113519668579,0.09666399657726288,0.11711627244949341,,,,16349,0.23384717106819153,1.0
2.182145357131958,273,,,0.012479792349040508,0.019313763827085495,0.0013848652597516775,0.0,0.18483644723892212,2.182145357131958,-3.364290714263916,0.07920077443122864,0.07907319068908691,,,,16399,0.21460823714733124,1.0
2.258755922317505,274,,,0.0207725428044796,0.02907191775739193,0.005595813039690256,0.0,0.20608140528202057,2.258755922317505,-3.517512559890747,0.08063390851020813,0.10015285015106201,,,,16449,0.24631479382514954,1.0
2.1944215297698975,274,,,0.014723621308803558,0.025112014263868332,0.00401414604857564,0.0,0.222809299826622,2.1944215297698975,-3.3888440132141113,0.08759871125221252,0.10482645034790039,,,,16499,0.262040376663208,1.0
2.224088191986084,275,,,0.012641564011573792,0.022596564143896103,0.004542999900877476,0.0,0.1980036348104477,2.224088191986084,-3.4481778144836426,0.0847669243812561,0.09836900234222412,,,,16549,0.23432378470897675,1.0
2.1956446170806885,276,,,0.01500369980931282,0.027826055884361267,0.0022599115036427975,0.0,0.1975623220205307,2.1956446170806885,-3.391289234161377,0.10549597442150116,0.1299675703048706,,,,16599,0.244398832321167,1.0
2.4380269050598145,277,,,0.014228539541363716,0.020944183692336082,0.0008388779242523015,0.0,0.19395504891872406,2.4380269050598145,-3.876056671142578,0.06751822680234909,0.08046424388885498,,,,16649,0.2249198853969574,1.0
2.126185178756714,278,,,0.02176026627421379,0.02838924154639244,0.01669814996421337,0.0,0.21043553948402405,2.126185178756714,-3.2523694038391113,0.12700513005256653,0.11694967746734619,,,,16699,0.2548290491104126,1.0
2.2884652614593506,279,,,0.016903338953852654,0.02629805915057659,0.003310880158096552,0.0,0.19449079036712646,2.2884652614593506,-3.576929807662964,0.07677113264799118,0.09205174446105957,,,,16749,0.23115810751914978,1.0
2.3550403118133545,279,,,0.023021891713142395,0.03340332955121994,0.001400205073878169,0.0,0.21619543433189392,2.3550403118133545,-3.7100799083709717,0.10135964304208755,0.11312174797058105,,,,16799,0.26178810000419617,1.0
,279,83.87245178222656,33600.0,,,,,,,,,,24.51824378967285,,0.8841723203659058,16799,,
2.2569637298583984,280,,,0.017298024147748947,0.025991670787334442,0.0073002539575099945,0.0,0.20671002566814423,2.2569637298583984,-3.5139269828796387,0.10213374346494675,0.11193746328353882,,,,16849,0.24830518662929535,1.0
2.210432767868042,281,,,0.010945655405521393,0.027224397286772728,0.002512136474251747,0.0,0.18836918473243713,2.210432767868042,-3.4208648204803467,0.08300980925559998,0.12097775936126709,,,,16899,0.23256227374076843,1.0
2.300187349319458,282,,,0.02073483169078827,0.031949810683727264,0.00197933753952384,0.0,0.20667365193367004,2.300187349319458,-3.6003739833831787,0.1195003092288971,0.11756658554077148,,,,16949,0.252608060836792,1.0
2.2588391304016113,283,,,0.009654773399233818,0.018143748864531517,0.0011645416961982846,0.0,0.17175884544849396,2.2588391304016113,-3.5176780223846436,0.07397881150245667,0.07882320880889893,,,,16999,0.20080700516700745,1.0
2.0961251258850098,284,,,0.012375172227621078,0.023013200610876083,0.008754158392548561,0.0,0.19145289063453674,2.0961251258850098,-3.192251682281494,0.09091982245445251,0.11913800239562988,,,,17049,0.2332722246646881,1.0
2.3798177242279053,284,,,0.015099744312465191,0.02552768588066101,0.003305611666291952,0.0,0.1852189302444458,2.3798177242279053,-3.7596356868743896,0.06818205863237381,0.10565555095672607,,,,17099,0.22485679388046265,1.0
2.340823173522949,285,,,0.018753938376903534,0.030764078721404076,0.016807056963443756,0.0,0.22104451060295105,2.340823173522949,-3.6816465854644775,0.10017164796590805,0.12514865398406982,,,,17149,0.26860272884368896,1.0
2.294599771499634,286,,,0.010360032320022583,0.017180364578962326,0.0026138024404644966,0.0,0.19894134998321533,2.294599771499634,-3.5891993045806885,0.058405667543411255,0.06594288349151611,,,,17199,0.22434160113334656,1.0
2.1782639026641846,287,,,0.018792495131492615,0.027389466762542725,0.014546078629791737,0.0,0.21241135895252228,2.1782639026641846,-3.356527805328369,0.07415832579135895,0.10958337783813477,,,,17249,0.2543354034423828,1.0
2.1945247650146484,288,,,0.017040502279996872,0.02440294437110424,0.0016304682940244675,0.0,0.18639972805976868,2.1945247650146484,-3.3890509605407715,0.0631827861070633,0.08503329753875732,,,,17299,0.22032630443572998,1.0
2.195666551589966,289,,,0.017553873360157013,0.02614264190196991,0.0028036264702677727,0.0,0.19814790785312653,2.195666551589966,-3.3913331031799316,0.10943231731653214,0.11721146106719971,,,,17349,0.24103103578090668,1.0
2.281186103820801,289,,,0.011344939470291138,0.019454805180430412,0.010602974332869053,0.0,0.2078697830438614,2.281186103820801,-3.5623719692230225,0.05560591071844101,0.08311128616333008,,,,17399,0.23892369866371155,1.0
,289,84.26950073242188,34800.0,,,,,,,,,,24.664995193481445,,0.8845382928848267,17399,,
2.184887647628784,290,,,0.012049423530697823,0.02074809931218624,0.0046952152624726295,0.0,0.19303640723228455,2.184887647628784,-3.369776487350464,0.0685214251279831,0.08938813209533691,,,,17449,0.22617611289024353,1.0
2.372659921646118,291,,,0.019608590751886368,0.02728000283241272,0.0014360512141138315,0.0,0.1959124654531479,2.372659921646118,-3.745319366455078,0.0785055086016655,0.08433258533477783,,,,17499,0.23116172850131989,1.0
2.3245863914489746,292,,,0.02589026466012001,0.03576012700796127,0.004518773406744003,0.0,0.2232808768749237,2.3245863914489746,-3.649172067642212,0.06502421200275421,0.0980343222618103,,,,17549,0.26642975211143494,1.0
2.2445168495178223,293,,,0.011422945186495781,0.020423969253897667,0.001333212829194963,0.0,0.19249051809310913,2.2445168495178223,-3.4890339374542236,0.07706005871295929,0.07881796360015869,,,,17599,0.22272589802742004,1.0
2.175020694732666,294,,,0.020494580268859863,0.026726003736257553,0.005054086912423372,0.0,0.2036820352077484,2.175020694732666,-3.3500406742095947,0.12944312393665314,0.11567533016204834,,,,17649,0.2466025948524475,1.0
2.2456209659576416,294,,,0.012159097008407116,0.021166086196899414,0.0022556812036782503,0.0,0.1920143961906433,2.2456209659576416,-3.4912402629852295,0.05585087835788727,0.08003801107406616,,,,17699,0.22296731173992157,1.0
2.2509663105010986,295,,,0.011295793578028679,0.028707345947623253,0.001190951094031334,0.0,0.19740885496139526,2.2509663105010986,-3.5019307136535645,0.10407456755638123,0.14535415172576904,,,,17749,0.24841323494911194,1.0
2.2418694496154785,296,,,0.01102089136838913,0.019538316875696182,0.0014279568567872047,0.0,0.18042314052581787,2.2418694496154785,-3.483736038208008,0.07917028665542603,0.08210527896881104,,,,17799,0.21102984249591827,1.0
2.207207202911377,297,,,0.018989374861121178,0.033422503620386124,0.0036881575360894203,0.0,0.20135819911956787,2.207207202911377,-3.4144136905670166,0.10155618190765381,0.17802798748016357,,,,17849,0.263143390417099,1.0
2.314579963684082,298,,,0.011743851006031036,0.02099633775651455,0.0077772899530828,0.0,0.19921255111694336,2.314579963684082,-3.6291604042053223,0.08235219120979309,0.10355907678604126,,,,17899,0.23608851432800293,1.0
2.1831066608428955,299,,,0.01666489988565445,0.028523465618491173,0.0022989255376160145,0.0,0.21349190175533295,2.1831066608428955,-3.36621356010437,0.12848490476608276,0.13669425249099731,,,,17949,0.262401282787323,1.0
2.235656499862671,299,,,0.022756321355700493,0.03109831176698208,0.005231867078691721,0.0,0.21295738220214844,2.235656499862671,-3.4713134765625,0.09023289382457733,0.11034107208251953,,,,17999,0.25679150223731995,1.0
,299,83.81281280517578,36000.0,,,,,,,,,,24.741832733154297,,0.8844338059425354,17999,,
2.303968667984009,300,,,0.010255012661218643,0.021024569869041443,0.0016434264834970236,0.0,0.19478566944599152,2.303968667984009,-3.607936382293701,0.09410343319177628,0.1086646318435669,,,,18049,0.23276157677173615,1.0
2.2538437843322754,301,,,0.012856858782470226,0.02226375602185726,0.010829184204339981,0.0,0.21329572796821594,2.2538437843322754,-3.5076870918273926,0.07146569341421127,0.09265440702438354,,,,18099,0.24818335473537445,1.0
2.1479411125183105,302,,,0.015312782488763332,0.028950463980436325,0.002659308025613427,0.0,0.18270277976989746,2.1479411125183105,-3.295881748199463,0.10886384546756744,0.1445460319519043,,,,18149,0.23376381397247314,1.0
2.2878682613372803,303,,,0.019177813082933426,0.028434470295906067,0.0027221902273595333,0.0,0.19330017268657684,2.2878682613372803,-3.575737953186035,0.08871716260910034,0.11028361320495605,,,,18199,0.23563581705093384,1.0
2.1730024814605713,304,,,0.008588227443397045,0.017881546169519424,0.001051323371939361,0.0,0.17590221762657166,2.1730024814605713,-3.3460049629211426,0.06542293727397919,0.07268708944320679,,,,18249,0.203255757689476,1.0
2.196709156036377,304,,,0.008977249264717102,0.018635816872119904,0.00159466452896595,0.0,0.19799290597438812,2.196709156036377,-3.393418312072754,0.06481191515922546,0.0786978006362915,,,,18299,0.22724956274032593,1.0
2.262389659881592,305,,,0.019204195588827133,0.025560295209288597,0.0015074677066877484,0.0,0.186099112033844,2.262389659881592,-3.5247788429260254,0.07936166971921921,0.09118497371673584,,,,18349,0.22219330072402954,1.0
2.2052927017211914,306,,,0.02008938044309616,0.03573085367679596,0.0016284299781545997,0.0,0.21937139332294464,2.2052927017211914,-3.410585403442383,0.13088731467723846,0.1478586196899414,,,,18399,0.2747444212436676,1.0
2.267627716064453,307,,,0.010085949674248695,0.020571617409586906,0.0011893133632838726,0.0,0.17705461382865906,2.267627716064453,-3.5352540016174316,0.06313426792621613,0.09899699687957764,,,,18449,0.2123715579509735,1.0
2.2121217250823975,308,,,0.0156965721398592,0.02669655904173851,0.0050019617192447186,0.0,0.21082867681980133,2.2121217250823975,-3.4242429733276367,0.10205668956041336,0.11767780780792236,,,,18499,0.2541138827800751,1.0
2.1174304485321045,309,,,0.01247156411409378,0.022165989503264427,0.0064636473543941975,0.0,0.19423498213291168,2.1174304485321045,-3.2348601818084717,0.07982279360294342,0.10044920444488525,,,,18549,0.23090365529060364,1.0
2.233820915222168,309,,,0.013602236285805702,0.022360727190971375,0.00401550205424428,0.0,0.19594226777553558,2.233820915222168,-3.4676432609558105,0.0806768387556076,0.10630291700363159,,,,18599,0.23413880169391632,1.0
,309,83.90245819091797,37200.0,,,,,,,,,,24.68856430053711,,0.8847365975379944,18599,,
2.307281494140625,310,,,0.017034225165843964,0.02668473683297634,0.0011765367817133665,0.0,0.18726131319999695,2.307281494140625,-3.614562749862671,0.0780908614397049,0.09181177616119385,,,,18649,0.22401189804077148,1.0
2.2356832027435303,311,,,0.018412180244922638,0.026294264942407608,0.0019296027021482587,0.0,0.21050526201725006,2.2356832027435303,-3.4713661670684814,0.09201349318027496,0.1046251654624939,,,,18699,0.25031721591949463,1.0
2.188983917236328,312,,,0.014172925613820553,0.023479847237467766,0.002264829119667411,0.0,0.2044460028409958,2.188983917236328,-3.377969264984131,0.09122198820114136,0.10924327373504639,,,,18749,0.24390769004821777,1.0
2.195584297180176,313,,,0.013594385236501694,0.02339647337794304,0.001345920842140913,0.0,0.17009274661540985,2.195584297180176,-3.3911685943603516,0.07418328523635864,0.08890819549560547,,,,18799,0.20439153909683228,1.0
2.176539421081543,314,,,0.01666458696126938,0.027471888810396194,0.0035570585168898106,0.0,0.20707717537879944,2.176539421081543,-3.3530771732330322,0.10298148542642593,0.12755054235458374,,,,18849,0.2532062828540802,1.0
2.34167218208313,314,,,0.01555764488875866,0.022579511627554893,0.0011664929334074259,0.0,0.2232954055070877,2.34167218208313,-3.6833443641662598,0.05938909947872162,0.0728033185005188,,,,18899,0.2532041072845459,1.0
2.147854804992676,315,,,0.0136145930737257,0.021293774247169495,0.0027678385376930237,0.0,0.18807081878185272,2.147854804992676,-3.2957100868225098,0.08265141397714615,0.09534591436386108,,,,18949,0.22296375036239624,1.0
2.144667863845825,316,,,0.017454681918025017,0.029970696195960045,0.007514629513025284,0.0,0.2148209661245346,2.144667863845825,-3.2893359661102295,0.09004074335098267,0.12826168537139893,,,,18999,0.2624959647655487,1.0
2.246863842010498,317,,,0.013276885263621807,0.021860655397176743,0.0017453792970627546,0.0,0.1925223022699356,2.246863842010498,-3.4937288761138916,0.07686042785644531,0.09012174606323242,,,,19049,0.22635862231254578,1.0
2.256992816925049,318,,,0.02689380943775177,0.03434958681464195,0.0013040921185165644,0.0,0.22432328760623932,2.256992816925049,-3.513986110687256,0.11300957947969437,0.12213015556335449,,,,19099,0.2727355659008026,1.0
2.227365016937256,319,,,0.02080351673066616,0.030102116987109184,0.003228871151804924,0.0,0.20901145040988922,2.227365016937256,-3.4547297954559326,0.10470078140497208,0.12586259841918945,,,,19149,0.2561289668083191,1.0
2.202174663543701,319,,,0.010157469660043716,0.021275904029607773,0.006713184528052807,0.0,0.21222646534442902,2.202174663543701,-3.4043521881103516,0.10801999270915985,0.10830801725387573,,,,19199,0.25036320090293884,1.0
,319,84.0580062866211,38400.0,,,,,,,,,,24.714752197265625,,0.8847110271453857,19199,,
2.218104362487793,320,,,0.010413972660899162,0.01844165474176407,0.002817162312567234,0.0,0.1816299706697464,2.218104362487793,-3.436208963394165,0.0700039193034172,0.08149111270904541,,,,19249,0.21155434846878052,1.0
2.228050708770752,321,,,0.01267310231924057,0.023251688107848167,0.0027228742837905884,0.0,0.20573532581329346,2.228050708770752,-3.4561007022857666,0.11122399568557739,0.12355947494506836,,,,19299,0.24863594770431519,1.0
2.3049793243408203,322,,,0.014713332056999207,0.02192893624305725,0.0010927405674010515,0.0,0.20690560340881348,2.3049793243408203,-3.6099586486816406,0.07889562845230103,0.08245062828063965,,,,19349,0.23887787759304047,1.0
2.177424669265747,323,,,0.011990165337920189,0.021834490820765495,0.0019560055807232857,0.0,0.16758666932582855,2.177424669265747,-3.3548476696014404,0.06542368233203888,0.08289825916290283,,,,19399,0.19957713782787323,1.0
2.3151590824127197,324,,,0.014285190030932426,0.026443488895893097,0.002144357655197382,0.0,0.19112050533294678,2.3151590824127197,-3.6303186416625977,0.08792465925216675,0.1300736665725708,,,,19449,0.23727139830589294,1.0
2.3724396228790283,324,,,0.01824568584561348,0.026708174496889114,0.002306148409843445,0.0,0.22321733832359314,2.3724396228790283,-3.744879722595215,0.08680808544158936,0.09824836254119873,,,,19499,0.2616473138332367,1.0
2.171509027481079,325,,,0.016505256295204163,0.02583128772675991,0.0021929459180682898,0.0,0.19745910167694092,2.171509027481079,-3.3430185317993164,0.08664673566818237,0.10608524084091187,,,,19549,0.2373635172843933,1.0
2.2323434352874756,326,,,0.013629755936563015,0.022730067372322083,0.0016411489341408014,0.0,0.21990923583507538,2.2323434352874756,-3.464686870574951,0.08778360486030579,0.10821259021759033,,,,19599,0.258709192276001,1.0
2.1554861068725586,327,,,0.012921000830829144,0.020026162266731262,0.0017867623828351498,0.0,0.16583918035030365,2.1554861068725586,-3.3109731674194336,0.07300713658332825,0.08557915687561035,,,,19649,0.19761474430561066,1.0
2.2804131507873535,328,,,0.009618077427148819,0.021105734631419182,0.0009902350138872862,0.0,0.18150396645069122,2.2804131507873535,-3.5608272552490234,0.07041966915130615,0.09234791994094849,,,,19699,0.2154090255498886,1.0
2.166315793991089,329,,,0.015542767010629177,0.026151299476623535,0.008060667663812637,0.0,0.19660110771656036,2.166315793991089,-3.332631826400757,0.09246601909399033,0.12253808975219727,,,,19749,0.24090136587619781,1.0
2.304440498352051,329,,,0.011213541030883789,0.02621746063232422,0.009238065220415592,0.0,0.20779448747634888,2.304440498352051,-3.608881950378418,0.08656734228134155,0.1281527876853943,,,,19799,0.25345271825790405,1.0
,329,83.58297729492188,39600.0,,,,,,,,,,24.625905990600586,,0.884365975856781,19799,,
2.370582103729248,330,,,0.016242966055870056,0.0237358920276165,0.0009576160809956491,0.0,0.1888197958469391,2.370582103729248,-3.7411656379699707,0.11443555355072021,0.09205734729766846,,,,19849,0.22413209080696106,1.0
2.229818344116211,331,,,0.0120648592710495,0.019961290061473846,0.0025461730547249317,0.0,0.19952239096164703,2.229818344116211,-3.4596376419067383,0.07870447635650635,0.07714474201202393,,,,19899,0.22915449738502502,1.0
2.2450432777404785,332,,,0.012938125059008598,0.02100840024650097,0.004812199622392654,0.0,0.1841876208782196,2.2450432777404785,-3.490086317062378,0.0683690756559372,0.07686877250671387,,,,19949,0.2143527716398239,1.0
2.1979990005493164,333,,,0.013612041249871254,0.02266245149075985,0.001845902530476451,0.0,0.19306150078773499,2.1979990005493164,-3.395998954772949,0.10897115617990494,0.11050450801849365,,,,19999,0.23240530490875244,1.0
2.2425320148468018,334,,,0.013796000741422176,0.024065904319286346,0.0016041704220697284,0.0,0.2008865922689438,2.2425320148468018,-3.4850635528564453,0.07814370095729828,0.09999203681945801,,,,20049,0.2383025586605072,1.0
2.209683418273926,334,,,0.011756832711398602,0.020380256697535515,0.001382061978802085,0.0,0.17708317935466766,2.209683418273926,-3.419365406036377,0.07963927835226059,0.08821189403533936,,,,20099,0.20965474843978882,1.0
2.2739672660827637,335,,,0.019055668264627457,0.02882843278348446,0.00569821847602725,0.0,0.18068809807300568,2.2739672660827637,-3.547934055328369,0.08613326400518417,0.10926538705825806,,,,20149,0.2230375111103058,1.0
2.2648708820343018,336,,,0.012263852171599865,0.017595771700143814,0.0015354909701272845,0.0,0.18073244392871857,2.2648708820343018,-3.529742479324341,0.0726051926612854,0.06685805320739746,,,,20199,0.20658983290195465,1.0
2.103121280670166,337,,,0.010642383247613907,0.019259493798017502,0.0014927347656339407,0.0,0.18540899455547333,2.103121280670166,-3.2062430381774902,0.06809820234775543,0.08585304021835327,,,,20249,0.2168053835630417,1.0
2.2598557472229004,338,,,0.011525842361152172,0.02126925066113472,0.0018202046630904078,0.0,0.17898043990135193,2.2598557472229004,-3.519711494445801,0.08300815522670746,0.09247159957885742,,,,20299,0.21306660771369934,1.0
2.2958414554595947,339,,,0.018156470730900764,0.026968631893396378,0.0017422139644622803,0.0,0.18076255917549133,2.2958414554595947,-3.591681957244873,0.08053480088710785,0.09744751453399658,,,,20349,0.21910622715950012,1.0
2.3029701709747314,339,,,0.012078134343028069,0.021321004256606102,0.000981849618256092,0.0,0.2028750479221344,2.3029701709747314,-3.6059420108795166,0.07601267099380493,0.09128576517105103,,,,20399,0.23668348789215088,1.0
,339,83.81874084472656,40800.0,,,,,,,,,,24.576274871826172,,0.884315013885498,20399,,
2.301516056060791,340,,,0.013246025890111923,0.022706134244799614,0.002205131109803915,0.0,0.1874581128358841,2.301516056060791,-3.603031873703003,0.07705729454755783,0.09194988012313843,,,,20449,0.2221849262714386,1.0
2.2366366386413574,341,,,0.01192418858408928,0.01797228306531906,0.0041908686980605125,0.0,0.18730641901493073,2.2366366386413574,-3.473271608352661,0.06133906543254852,0.07043027877807617,,,,20499,0.21430300176143646,1.0
2.1613378524780273,342,,,0.015116150490939617,0.026213843375444412,0.007437955588102341,0.0,0.19966818392276764,2.1613378524780273,-3.322675943374634,0.11618971824645996,0.14678359031677246,,,,20549,0.2500348687171936,1.0
2.236511707305908,343,,,0.012125032022595406,0.024300988763570786,0.0024859169498085976,0.0,0.17911207675933838,2.236511707305908,-3.4730217456817627,0.08033469319343567,0.10451996326446533,,,,20599,0.21775783598423004,1.0
2.3254778385162354,344,,,0.01687020994722843,0.02703247219324112,0.005917999893426895,0.0,0.1982349306344986,2.3254778385162354,-3.6509532928466797,0.08264215290546417,0.10242068767547607,,,,20649,0.23792603611946106,1.0
2.233541965484619,344,,,0.01566937193274498,0.024647410959005356,0.002858066465705633,0.0,0.19572530686855316,2.233541965484619,-3.4670839309692383,0.09768648445606232,0.09620606899261475,,,,20699,0.23256371915340424,1.0
2.2370221614837646,345,,,0.010112869553267956,0.01971028745174408,0.0015968256630003452,0.0,0.18892912566661835,2.2370221614837646,-3.47404408454895,0.05913912504911423,0.08735448122024536,,,,20749,0.22091563045978546,1.0
2.2752907276153564,346,,,0.014212032780051231,0.024154409766197205,0.0013241118285804987,0.0,0.19193360209465027,2.2752907276153564,-3.550581455230713,0.09618621319532394,0.10730600357055664,,,,20799,0.23122571408748627,1.0
2.062746047973633,347,,,0.012939798645675182,0.023121803998947144,0.00885026529431343,0.0,0.21934978663921356,2.062746047973633,-3.125493049621582,0.09817403554916382,0.12471538782119751,,,,20849,0.26263427734375,1.0
2.21242094039917,348,,,0.013665782287716866,0.021669579669833183,0.003285663668066263,0.0,0.16029341518878937,2.21242094039917,-3.424842119216919,0.08594031631946564,0.09163856506347656,,,,20899,0.1944616436958313,1.0
2.128465414047241,349,,,0.01287580281496048,0.02524723671376705,0.004835220053792,0.0,0.1778038889169693,2.128465414047241,-3.2569313049316406,0.09535174071788788,0.10404706001281738,,,,20949,0.21688205003738403,1.0
2.192146062850952,349,,,0.018176551908254623,0.02720789611339569,0.00443176319822669,0.0,0.19663192331790924,2.192146062850952,-3.3842930793762207,0.08492991328239441,0.11958342790603638,,,,20999,0.24069693684577942,1.0
,349,83.42550659179688,42000.0,,,,,,,,,,24.618181228637695,,0.8841650485992432,20999,,
2.106494903564453,350,,,0.02000320889055729,0.027289237827062607,0.015753448009490967,0.0,0.20132377743721008,2.106494903564453,-3.2129921913146973,0.10388337075710297,0.11569970846176147,,,,21049,0.24478724598884583,1.0
2.0539348125457764,351,,,0.012547668069601059,0.019218482077121735,0.0021256906911730766,0.0,0.18315312266349792,2.0539348125457764,-3.10787034034729,0.07828738540410995,0.09169799089431763,,,,21099,0.21605369448661804,1.0
2.406944513320923,352,,,0.010956600308418274,0.019947802647948265,0.0009061559103429317,0.0,0.18509836494922638,2.406944513320923,-3.813889265060425,0.07621325552463531,0.07351803779602051,,,,21149,0.21374835073947906,1.0
2.2100002765655518,353,,,0.011900979094207287,0.018535997718572617,0.0009032374364323914,0.0,0.18958503007888794,2.2100002765655518,-3.420001268386841,0.06331824511289597,0.07884591817855835,,,,21199,0.21888461709022522,1.0
2.377167224884033,354,,,0.011788038536906242,0.01789942756295204,0.0007389550446532667,0.0,0.18253551423549652,2.377167224884033,-3.754333972930908,0.0714937299489975,0.07441109418869019,,,,21249,0.21040117740631104,1.0
2.386301040649414,354,,,0.016600027680397034,0.025069084018468857,0.0011377634946256876,0.0,0.20875999331474304,2.386301040649414,-3.7725977897644043,0.1043364405632019,0.10437047481536865,,,,21299,0.2478305995464325,1.0
2.299107074737549,355,,,0.012145547196269035,0.02186383679509163,0.0021097087301313877,0.0,0.18572638928890228,2.299107074737549,-3.598215103149414,0.06023404002189636,0.0816531777381897,,,,21349,0.21742798388004303,1.0
2.174243688583374,356,,,0.011978302150964737,0.02137235924601555,0.001270222244784236,0.0,0.1894204169511795,2.174243688583374,-3.3484864234924316,0.08105084300041199,0.08804410696029663,,,,21399,0.22244884073734283,1.0
2.205739974975586,357,,,0.01726733148097992,0.026650242507457733,0.0018116639694198966,0.0,0.19107525050640106,2.205739974975586,-3.4114792346954346,0.07373583316802979,0.09245002269744873,,,,21449,0.22798985242843628,1.0
2.184688091278076,358,,,0.009819907136261463,0.01874665543437004,0.0023372159339487553,0.0,0.19711706042289734,2.184688091278076,-3.3693745136260986,0.05942355841398239,0.08461934328079224,,,,21499,0.22794915735721588,1.0
2.210571527481079,359,,,0.012050343677401543,0.02279612049460411,0.0030056030955165625,0.0,0.18580247461795807,2.210571527481079,-3.4211418628692627,0.0758255124092102,0.09927564859390259,,,,21549,0.22239583730697632,1.0
2.29660964012146,359,,,0.012134967371821404,0.020541995763778687,0.0008752423455007374,0.0,0.1793254017829895,2.29660964012146,-3.593219518661499,0.09649193286895752,0.07960838079452515,,,,21599,0.20982375741004944,1.0
,359,83.68950653076172,43200.0,,,,,,,,,,24.614309310913086,,0.8838703632354736,21599,,
2.122542381286621,360,,,0.01772187650203705,0.026695743203163147,0.009695609100162983,0.0,0.2172335386276245,2.122542381286621,-3.2450852394104004,0.09045428037643433,0.10266953706741333,,,,21649,0.2569342255592346,1.0
2.2117421627044678,361,,,0.012632536701858044,0.023471221327781677,0.0019291264470666647,0.0,0.18592771887779236,2.2117421627044678,-3.423483371734619,0.07619064301252365,0.10988247394561768,,,,21699,0.2254979908466339,1.0
2.1554980278015137,362,,,0.012785720638930798,0.02457592263817787,0.0035346224904060364,0.0,0.1774471551179886,2.1554980278015137,-3.31099796295166,0.07821890711784363,0.12237358093261719,,,,21749,0.2207365185022354,1.0
2.078540563583374,363,,,0.01210310123860836,0.021833349019289017,0.004604790825396776,0.0,0.17385733127593994,2.078540563583374,-3.15708065032959,0.06248246878385544,0.09567606449127197,,,,21799,0.20911072194576263,1.0
2.2591183185577393,364,,,0.009210264310240746,0.015977896749973297,0.0017137164250016212,0.0,0.17766183614730835,2.2591183185577393,-3.5182385444641113,0.06487373262643814,0.07586145401000977,,,,21849,0.20488925278186798,1.0
2.193647861480713,364,,,0.012555520050227642,0.02392737567424774,0.002550517674535513,0.0,0.18802516162395477,2.193647861480713,-3.3872954845428467,0.07399919629096985,0.09648680686950684,,,,21899,0.22448819875717163,1.0
2.1660611629486084,365,,,0.021054573357105255,0.029555639252066612,0.002619071863591671,0.0,0.19662345945835114,2.1660611629486084,-3.3321220874786377,0.10576371848583221,0.10638844966888428,,,,21949,0.23859024047851562,1.0
2.201288938522339,366,,,0.020234275609254837,0.029789462685585022,0.004536406137049198,0.0,0.19522546231746674,2.201288938522339,-3.4025793075561523,0.09872615337371826,0.12288707494735718,,,,21999,0.24146123230457306,1.0
2.2785396575927734,367,,,0.008909403346478939,0.016488293185830116,0.0011561906430870295,0.0,0.18621236085891724,2.2785396575927734,-3.5570805072784424,0.08440621942281723,0.08647823333740234,,,,22049,0.2163276970386505,1.0
2.2514491081237793,368,,,0.016085565090179443,0.02465408854186535,0.0014841684605926275,0.0,0.21667839586734772,2.2514491081237793,-3.5028977394104004,0.07027855515480042,0.09193110466003418,,,,22099,0.25242745876312256,1.0
2.3435781002044678,369,,,0.013303588144481182,0.020586464554071426,0.0008797626360319555,0.0,0.17530937492847443,2.3435781002044678,-3.687155246734619,0.0705474391579628,0.07982367277145386,,,,22149,0.20591311156749725,1.0
2.275630474090576,369,,,0.01195477694272995,0.022066980600357056,0.002484873402863741,0.0,0.19291161000728607,2.275630474090576,-3.5512609481811523,0.07771050930023193,0.10647094249725342,,,,22199,0.2309238314628601,1.0
,369,84.42243194580078,44400.0,,,,,,,,,,24.49656867980957,,0.8839574456214905,22199,,
2.368894100189209,370,,,0.018606917932629585,0.026994511485099792,0.0010126510169357061,0.0,0.18852104246616364,2.368894100189209,-3.7377865314483643,0.08974584937095642,0.08431923389434814,,,,22249,0.22358860075473785,1.0
2.1601133346557617,371,,,0.019774548709392548,0.031038150191307068,0.005096647888422012,0.0,0.19220200181007385,2.1601133346557617,-3.3202273845672607,0.09154319018125534,0.12515795230865479,,,,22299,0.23963233828544617,1.0
2.346426486968994,372,,,0.015538685023784637,0.023538529872894287,0.0010469486005604267,0.0,0.18430505692958832,2.346426486968994,-3.6928539276123047,0.07067765295505524,0.0845906138420105,,,,22349,0.2176366150379181,1.0
2.287393808364868,373,,,0.018595051020383835,0.028354045003652573,0.003582663368433714,0.0,0.19075269997119904,2.287393808364868,-3.5747897624969482,0.08132165670394897,0.10876893997192383,,,,22399,0.2326764017343521,1.0
2.2261765003204346,374,,,0.00951992068439722,0.01670905202627182,0.001485876040533185,0.0,0.20229801535606384,2.2261765003204346,-3.4523491859436035,0.0726558268070221,0.08655476570129395,,,,22449,0.23256637156009674,1.0
2.1944122314453125,374,,,0.015518317930400372,0.02427413873374462,0.010117169469594955,0.0,0.1999317854642868,2.1944122314453125,-3.3888227939605713,0.07499809563159943,0.10317271947860718,,,,22499,0.23850291967391968,1.0
2.3569517135620117,375,,,0.007891411893069744,0.016896093264222145,0.0011901636607944965,0.0,0.1718955785036087,2.3569517135620117,-3.713904619216919,0.06039448827505112,0.08632326126098633,,,,22549,0.20215147733688354,1.0
2.143043041229248,376,,,0.02067531645298004,0.02945004776120186,0.0018216038588434458,0.0,0.21706685423851013,2.143043041229248,-3.286086320877075,0.07175229489803314,0.0982060432434082,,,,22599,0.25690582394599915,1.0
2.34816837310791,377,,,0.009556267410516739,0.017152752727270126,0.0011673045810312033,0.0,0.18478551506996155,2.34816837310791,-3.6963372230529785,0.054221708327531815,0.07100355625152588,,,,22649,0.21138086915016174,1.0
2.1295673847198486,378,,,0.012327615171670914,0.024787908419966698,0.002362130908295512,0.0,0.18531636893749237,2.1295673847198486,-3.259136438369751,0.10184013843536377,0.11889749765396118,,,,22699,0.22780194878578186,1.0
2.323232412338257,379,,,0.020668670535087585,0.026961859315633774,0.0005687235970981419,0.0,0.2029220163822174,2.323232412338257,-3.6464626789093018,0.08892441540956497,0.08415079116821289,,,,22749,0.23797157406806946,1.0
2.0998005867004395,379,,,0.010191979818046093,0.020501671358942986,0.0033680801279842854,0.0,0.1806642860174179,2.0998005867004395,-3.1996006965637207,0.07952962815761566,0.0976148247718811,,,,22799,0.21565783023834229,1.0
,379,83.463623046875,45600.0,,,,,,,,,,24.43137550354004,,0.8840265274047852,22799,,
2.3834683895111084,380,,,0.027092700824141502,0.033506445586681366,0.0010281084105372429,0.0,0.19654378294944763,2.3834683895111084,-3.7669379711151123,0.07850189507007599,0.10395395755767822,,,,22849,0.2399885207414627,1.0
2.0951783657073975,381,,,0.009096064604818821,0.01887889951467514,0.0019299325067549944,0.0,0.18891364336013794,2.0951783657073975,-3.1903557777404785,0.06561049818992615,0.08907878398895264,,,,22899,0.22089844942092896,1.0
2.230458974838257,382,,,0.03051598370075226,0.03771667182445526,0.0018923513125628233,0.0,0.20887891948223114,2.230458974838257,-3.4609177112579346,0.134686678647995,0.14624059200286865,,,,22949,0.2651076018810272,1.0
2.410839319229126,383,,,0.015030667185783386,0.02227945253252983,0.0011068322928622365,0.0,0.18091244995594025,2.410839319229126,-3.821676731109619,0.06308536231517792,0.06884074211120605,,,,22999,0.20966580510139465,1.0
2.347327709197998,384,,,0.013504749163985252,0.020635800436139107,0.0008336626924574375,0.0,0.18011900782585144,2.347327709197998,-3.694657325744629,0.0825275182723999,0.07010185718536377,,,,23049,0.20832082629203796,1.0
2.142421007156372,384,,,0.014339623972773552,0.02217809110879898,0.0013530756114050746,0.0,0.20516029000282288,2.142421007156372,-3.2848422527313232,0.11342453956604004,0.11066985130310059,,,,23099,0.24430911242961884,1.0
2.1867010593414307,385,,,0.016864223405718803,0.027920149266719818,0.004385486710816622,0.0,0.20519869029521942,2.1867010593414307,-3.3734018802642822,0.15042945742607117,0.15910190343856812,,,,23149,0.2594654858112335,1.0
2.1797935962677,386,,,0.011951419524848461,0.03123006783425808,0.022244878113269806,0.0,0.18161053955554962,2.1797935962677,-3.3595871925354004,0.1272640973329544,0.16145211458206177,,,,23199,0.2384435087442398,1.0
2.1155526638031006,387,,,0.014440083876252174,0.027967169880867004,0.004149762913584709,0.0,0.1814834475517273,2.1155526638031006,-3.231104612350464,0.12298788130283356,0.1436830759048462,,,,23249,0.23185254633426666,1.0
2.228407144546509,388,,,0.013758614659309387,0.0260872021317482,0.0019398856675252318,0.0,0.18726623058319092,2.228407144546509,-3.456814765930176,0.08126246929168701,0.11927640438079834,,,,23299,0.23052139580249786,1.0
2.32887864112854,389,,,0.011178768239915371,0.02042141929268837,0.0013061310164630413,0.0,0.18899616599082947,2.32887864112854,-3.6577577590942383,0.0734267309308052,0.08548188209533691,,,,23349,0.22088946402072906,1.0
2.266171455383301,389,,,0.026412975043058395,0.035085733979940414,0.0036183141637593508,0.0,0.21621432900428772,2.266171455383301,-3.5323426723480225,0.12913143634796143,0.12516754865646362,,,,23399,0.265799880027771,1.0
,389,82.72303009033203,46800.0,,,,,,,,,,24.55138397216797,,0.8843523263931274,23399,,
2.253610849380493,390,,,0.015923213213682175,0.025711094960570335,0.0013126465491950512,0.0,0.17591442167758942,2.253610849380493,-3.5072216987609863,0.09157996624708176,0.09631013870239258,,,,23449,0.2132783979177475,1.0
2.300126791000366,391,,,0.010427754372358322,0.01926436275243759,0.0012646587565541267,0.0,0.16566523909568787,2.300126791000366,-3.600255012512207,0.08046896010637283,0.07462596893310547,,,,23499,0.19424621760845184,1.0
2.0714380741119385,392,,,0.012742765247821808,0.02452847734093666,0.018139813095331192,0.0,0.1942342072725296,2.0714380741119385,-3.1428771018981934,0.09359031170606613,0.1268221139907837,,,,23549,0.23897603154182434,1.0
2.2112488746643066,393,,,0.01469582598656416,0.02317056618630886,0.010340554639697075,0.0,0.20937806367874146,2.2112488746643066,-3.4225006103515625,0.0906100645661354,0.10467994213104248,,,,23599,0.24775923788547516,1.0
2.1326847076416016,394,,,0.010292588733136654,0.01828564703464508,0.005411935970187187,0.0,0.20051130652427673,2.1326847076416016,-3.2653684616088867,0.0829370766878128,0.0870206356048584,,,,23649,0.23180189728736877,1.0
2.278285026550293,394,,,0.011527935042977333,0.020415836945176125,0.0014202018501237035,0.0,0.17851679027080536,2.278285026550293,-3.556567907333374,0.0863957554101944,0.09262609481811523,,,,23699,0.2122049331665039,1.0
2.1685497760772705,395,,,0.009526727721095085,0.01930171251296997,0.0051971906796097755,0.0,0.1837252974510193,2.1685497760772705,-3.33709979057312,0.06197495758533478,0.08455157279968262,,,,23749,0.21488215029239655,1.0
2.2317168712615967,396,,,0.0186039749532938,0.029976477846503258,0.004228606820106506,0.0,0.1857934296131134,2.2317168712615967,-3.4634337425231934,0.11660236865282059,0.14905333518981934,,,,23799,0.23861581087112427,1.0
2.31540846824646,397,,,0.01049133762717247,0.021234825253486633,0.0014393532183021307,0.0,0.19719432294368744,2.31540846824646,-3.630817174911499,0.08513586223125458,0.10358399152755737,,,,23849,0.23400600254535675,1.0
2.111563205718994,398,,,0.010024393908679485,0.021401729434728622,0.0013936057221144438,0.0,0.17565231025218964,2.111563205718994,-3.22312593460083,0.07947097718715668,0.10439610481262207,,,,23899,0.21273764967918396,1.0
2.2918224334716797,399,,,0.011301061138510704,0.022343581542372704,0.003056767163798213,0.0,0.16886810958385468,2.2918224334716797,-3.583643674850464,0.05763164162635803,0.08293813467025757,,,,23949,0.2011333853006363,1.0
2.1461899280548096,399,,,0.01348508894443512,0.02116694115102291,0.0018248027190566063,0.0,0.211202934384346,2.1461899280548096,-3.2923800945281982,0.07491734623908997,0.07935953140258789,,,,23999,0.24200904369354248,1.0
,399,82.24791717529297,48000.0,,,,,,,,,,24.52615737915039,,0.8847920298576355,23999,,
2.2834279537200928,400,,,0.011894664727151394,0.021726515144109726,0.0014321641065180302,0.0,0.20547950267791748,2.2834279537200928,-3.5668561458587646,0.07800683379173279,0.08084464073181152,,,,24049,0.2368870973587036,1.0
2.179309129714966,401,,,0.013443110510706902,0.024447783827781677,0.0035198566038161516,0.0,0.19096587598323822,2.179309129714966,-3.3586177825927734,0.08462671935558319,0.11761999130249023,,,,24099,0.23301884531974792,1.0
2.3090593814849854,402,,,0.02178098075091839,0.029345614835619926,0.0021171802654862404,0.0,0.23398590087890625,2.3090593814849854,-3.6181180477142334,0.10491649061441422,0.11004078388214111,,,,24149,0.2767663598060608,1.0
2.286912441253662,403,,,0.012558981776237488,0.021435221657156944,0.0021984924096614122,0.0,0.19501522183418274,2.286912441253662,-3.5738255977630615,0.0955316424369812,0.09918010234832764,,,,24199,0.23089680075645447,1.0
2.1573619842529297,404,,,0.015863779932260513,0.028420340269804,0.004772188141942024,0.0,0.19389359652996063,2.1573619842529297,-3.314723491668701,0.14085164666175842,0.15260934829711914,,,,24249,0.24677200615406036,1.0
2.207730531692505,404,,,0.01513252966105938,0.02372973971068859,0.0013189935125410557,0.0,0.19311615824699402,2.207730531692505,-3.4154629707336426,0.09335845708847046,0.1006309986114502,,,,24299,0.23055006563663483,1.0
2.1896581649780273,405,,,0.013091033324599266,0.023922350257635117,0.002332541858777404,0.0,0.19853924214839935,2.1896581649780273,-3.379316568374634,0.08153940737247467,0.10442245006561279,,,,24349,0.23699161410331726,1.0
2.120349407196045,406,,,0.008442243561148643,0.021914443001151085,0.011161756701767445,0.0,0.18758106231689453,2.120349407196045,-3.24069881439209,0.09342244267463684,0.13228470087051392,,,,24399,0.23209956288337708,1.0
2.245453119277954,407,,,0.01583298295736313,0.023866385221481323,0.0020691719837486744,0.0,0.17715801298618317,2.245453119277954,-3.490906000137329,0.09327634423971176,0.09129989147186279,,,,24449,0.21236373484134674,1.0
2.268112897872925,408,,,0.009314397349953651,0.01986316218972206,0.0033703609369695187,0.0,0.19921019673347473,2.268112897872925,-3.536226272583008,0.07931330054998398,0.10153377056121826,,,,24499,0.23484233021736145,1.0
2.299913167953491,409,,,0.010034053586423397,0.01985188201069832,0.001096217194572091,0.0,0.1781008392572403,2.299913167953491,-3.599825382232666,0.06136909872293472,0.08340537548065186,,,,24549,0.20915637910366058,1.0
2.337714910507202,409,,,0.018412135541439056,0.02710847556591034,0.0010169782908633351,0.0,0.2129839062690735,2.337714910507202,-3.67543363571167,0.08699999004602432,0.08797383308410645,,,,24599,0.24901732802391052,1.0
,409,81.91999816894531,49200.0,,,,,,,,,,24.562795639038086,,0.8847756385803223,24599,,
2.258848190307617,410,,,0.01174374669790268,0.022838037461042404,0.0007497519254684448,0.0,0.1844019889831543,2.258848190307617,-3.5176963806152344,0.09615221619606018,0.12358444929122925,,,,24649,0.2270294576883316,1.0
2.2681849002838135,411,,,0.01278656255453825,0.020133255049586296,0.0015317482175305486,0.0,0.1840757578611374,2.2681849002838135,-3.5363709926605225,0.07157140970230103,0.07676339149475098,,,,24699,0.21369118988513947,1.0
2.2485177516937256,412,,,0.014523809775710106,0.02277480624616146,0.0031381254084408283,0.0,0.18768586218357086,2.2485177516937256,-3.497037410736084,0.06901134550571442,0.10007327795028687,,,,24749,0.22453314065933228,1.0
2.2916715145111084,413,,,0.011323037557303905,0.01813637837767601,0.001009523868560791,0.0,0.18681922554969788,2.2916715145111084,-3.5833425521850586,0.05627407133579254,0.07292318344116211,,,,24799,0.21442651748657227,1.0
2.318053722381592,414,,,0.011510198935866356,0.018113303929567337,0.0009147185483016074,0.0,0.19260671734809875,2.318053722381592,-3.6361095905303955,0.060127146542072296,0.07558321952819824,,,,24849,0.22086979448795319,1.0
2.2203166484832764,414,,,0.016448011621832848,0.02388274297118187,0.011882321909070015,0.0,0.18503908812999725,2.2203166484832764,-3.440634250640869,0.07802096754312515,0.08332616090774536,,,,24899,0.21852025389671326,1.0
2.0672149658203125,415,,,0.0187053345143795,0.03284540772438049,0.025733284652233124,0.0,0.20744666457176208,2.0672149658203125,-3.134430170059204,0.13383601605892181,0.17738878726959229,,,,24949,0.2693275213241577,1.0
2.1999552249908447,416,,,0.01559386681765318,0.026304520666599274,0.001785481465049088,0.0,0.2090853452682495,2.1999552249908447,-3.3999104499816895,0.10167811065912247,0.1261080503463745,,,,24999,0.2541990876197815,1.0
2.1876890659332275,417,,,0.010708223097026348,0.0217437744140625,0.00320560485124588,0.0,0.20578280091285706,2.1876890659332275,-3.375377893447876,0.08113006502389908,0.12076115608215332,,,,25049,0.24719282984733582,1.0
2.173779010772705,418,,,0.01836446300148964,0.028566908091306686,0.0034508579410612583,0.0,0.19024483859539032,2.173779010772705,-3.347557544708252,0.10667213797569275,0.12192249298095703,,,,25099,0.2355543076992035,1.0
2.1844570636749268,419,,,0.0131908617913723,0.025940895080566406,0.01162999402731657,0.0,0.2106778472661972,2.1844570636749268,-3.3689143657684326,0.09783998876810074,0.13136279582977295,,,,25149,0.25710952281951904,1.0
2.1833815574645996,419,,,0.015757322311401367,0.025525309145450592,0.003377411747351289,0.0,0.17792381346225739,2.1833815574645996,-3.366762161254883,0.0761781632900238,0.09315502643585205,,,,25199,0.2144535928964615,1.0
,419,81.87274169921875,50400.0,,,,,,,,,,24.51439094543457,,0.8848639130592346,25199,,
2.166795492172241,420,,,0.013889312744140625,0.026448789983987808,0.03574540093541145,0.0,0.2152622640132904,2.166795492172241,-3.3335907459259033,0.0896536111831665,0.13920831680297852,,,,25249,0.26452961564064026,1.0
2.3331074714660645,421,,,0.018152398988604546,0.025365564972162247,0.001009287778288126,0.0,0.1829744428396225,2.3331074714660645,-3.666214942932129,0.10376012325286865,0.10421234369277954,,,,25299,0.22218935191631317,1.0
2.3066816329956055,422,,,0.014975111000239849,0.021412566304206848,0.0016083037480711937,0.0,0.2016018033027649,2.3066816329956055,-3.6133627891540527,0.06724822521209717,0.0714600682258606,,,,25349,0.2305876910686493,1.0
2.2525060176849365,423,,,0.009440304711461067,0.017794135957956314,0.0015409321058541536,0.0,0.19845740497112274,2.2525060176849365,-3.505012273788452,0.07529059052467346,0.09470546245574951,,,,25399,0.23130536079406738,1.0
2.2231228351593018,424,,,0.01920253410935402,0.031337566673755646,0.0016151503659784794,0.0,0.18138107657432556,2.2231228351593018,-3.4462451934814453,0.10337875038385391,0.12890970706939697,,,,25449,0.22979772090911865,1.0
2.167706251144409,424,,,0.016500484198331833,0.024382567033171654,0.0013321900041773915,0.0,0.1922040730714798,2.167706251144409,-3.335411310195923,0.07410930842161179,0.08520489931106567,,,,25499,0.22614240646362305,1.0
2.2308566570281982,425,,,0.01685703545808792,0.02627497725188732,0.007262862753123045,0.0,0.1970335990190506,2.2308566570281982,-3.4617128372192383,0.07869178056716919,0.10386455059051514,,,,25549,0.23674023151397705,1.0
2.1795084476470947,426,,,0.011918569914996624,0.02673083171248436,0.01166340708732605,0.0,0.18374736607074738,2.1795084476470947,-3.359015464782715,0.1069633811712265,0.1353306770324707,,,,25599,0.23153500258922577,1.0
2.261899471282959,427,,,0.014226707629859447,0.02180228754878044,0.0010178626980632544,0.0,0.1754082441329956,2.261899471282959,-3.523797035217285,0.08713759481906891,0.09602236747741699,,,,25649,0.21069610118865967,1.0
2.2287211418151855,428,,,0.011260966770350933,0.023441914469003677,0.0011492196936160326,0.0,0.18714329600334167,2.2287211418151855,-3.45743989944458,0.07916522771120071,0.10362714529037476,,,,25699,0.22508129477500916,1.0
2.2747833728790283,429,,,0.011452808044850826,0.022494524717330933,0.002256434876471758,0.0,0.1666889190673828,2.2747833728790283,-3.549567699432373,0.07107411324977875,0.10057616233825684,,,,25749,0.20342294871807098,1.0
2.3451883792877197,429,,,0.016828298568725586,0.02372690849006176,0.0007426711963489652,0.0,0.18025071918964386,2.3451883792877197,-3.6903774738311768,0.07336900383234024,0.08109402656555176,,,,25799,0.2128269523382187,1.0
,429,81.7580795288086,51600.0,,,,,,,,,,24.527423858642578,,0.8849534392356873,25799,,
2.1665823459625244,430,,,0.01812668889760971,0.02521643415093422,0.0030562467873096466,0.0,0.17893756926059723,2.1665823459625244,-3.3331642150878906,0.06759993731975555,0.08896434307098389,,,,25849,0.2143164426088333,1.0
2.2474570274353027,431,,,0.012102114968001842,0.02353053167462349,0.0022642561234533787,0.0,0.1895187646150589,2.2474570274353027,-3.4949140548706055,0.07664947211742401,0.11113762855529785,,,,25899,0.22942759096622467,1.0
2.2908589839935303,432,,,0.009749265387654305,0.0185468178242445,0.0015419474802911282,0.0,0.17628087103366852,2.2908589839935303,-3.5817153453826904,0.06557465344667435,0.0741381049156189,,,,25949,0.20437109470367432,1.0
2.2371666431427,433,,,0.01698395051062107,0.02394566312432289,0.0012196864699944854,0.0,0.18674811720848083,2.2371666431427,-3.474334239959717,0.08883509039878845,0.08596020936965942,,,,25999,0.2206660807132721,1.0
2.3009891510009766,434,,,0.01261989213526249,0.02060995250940323,0.0014220932498574257,0.0,0.1941748410463333,2.3009891510009766,-3.601977586746216,0.0887688547372818,0.08726251125335693,,,,26049,0.22664649784564972,1.0
2.2742228507995605,434,,,0.018941720947623253,0.02898642048239708,0.002008336829021573,0.0,0.21043521165847778,2.2742228507995605,-3.548445463180542,0.08133657276630402,0.09962284564971924,,,,26099,0.25035789608955383,1.0
2.3341493606567383,435,,,0.00967969186604023,0.016082920134067535,0.0009094484848901629,0.0,0.1624954789876938,2.3341493606567383,-3.6682987213134766,0.07125835120677948,0.06446892023086548,,,,26149,0.18691889941692352,1.0
2.29866361618042,436,,,0.021743595600128174,0.027369609102606773,0.0018940429436042905,0.0,0.1785321831703186,2.29866361618042,-3.5973269939422607,0.07373642921447754,0.08187109231948853,,,,26199,0.2132757008075714,1.0
2.297750234603882,437,,,0.010988730005919933,0.021831799298524857,0.0014892808394506574,0.0,0.17740942537784576,2.297750234603882,-3.5954997539520264,0.07495920360088348,0.10026401281356812,,,,26249,0.21370327472686768,1.0
2.103583574295044,438,,,0.008302003145217896,0.018548350781202316,0.0016466917004436255,0.0,0.18336352705955505,2.103583574295044,-3.2071666717529297,0.07528301328420639,0.09984391927719116,,,,26299,0.21784740686416626,1.0
2.309504747390747,439,,,0.013091991655528545,0.023371635004878044,0.0016473345458507538,0.0,0.1912882775068283,2.309504747390747,-3.619009494781494,0.07636851072311401,0.10629129409790039,,,,26349,0.22991541028022766,1.0
2.3161256313323975,439,,,0.009588802233338356,0.017658058553934097,0.0007797892321832478,0.0,0.19186371564865112,2.3161256313323975,-3.632251262664795,0.06747841835021973,0.07933163642883301,,,,26399,0.22078487277030945,1.0
,439,81.48876953125,52800.0,,,,,,,,,,24.572509765625,,0.8850396275520325,26399,,
2.2616162300109863,440,,,0.024168938398361206,0.03174971789121628,0.0011416993802413344,0.0,0.18536022305488586,2.2616162300109863,-3.523232936859131,0.07927638292312622,0.08449339866638184,,,,26449,0.2229911983013153,1.0
2.300327777862549,441,,,0.012117922306060791,0.03089648112654686,0.004782990086823702,0.0,0.21288026869297028,2.300327777862549,-3.6006550788879395,0.12087386846542358,0.16763567924499512,,,,26499,0.2706599533557892,1.0
2.2925777435302734,442,,,0.014619512483477592,0.023488175123929977,0.003074575448408723,0.0,0.18628238141536713,2.2925777435302734,-3.5851552486419678,0.09040709584951401,0.10135793685913086,,,,26549,0.22380830347537994,1.0
2.3069846630096436,443,,,0.01480252668261528,0.021080195903778076,0.0006280722445808351,0.0,0.18879304826259613,2.3069846630096436,-3.6139683723449707,0.07891496270895004,0.08325326442718506,,,,26599,0.22053222358226776,1.0
2.340852975845337,444,,,0.016923777759075165,0.02748207375407219,0.0009686091798357666,0.0,0.2057337760925293,2.340852975845337,-3.681703567504883,0.1414971649646759,0.14272284507751465,,,,26649,0.2556028366088867,1.0
3.7202377319335938,444,,,0.010667565278708935,0.025974933058023453,0.003113953862339258,0.0,0.1954396814107895,3.7202377319335938,-6.4404730796813965,0.09153580665588379,0.13259804248809814,,,,26699,0.24192118644714355,1.0
3.7722606658935547,445,,,0.014711648225784302,0.024309149011969566,0.0017928867600858212,0.0,0.20150956511497498,3.7722606658935547,-6.544517993927002,0.10127274692058563,0.1145850419998169,,,,26749,0.2427230179309845,1.0
3.909660577774048,446,,,0.010343285277485847,0.021112874150276184,0.0031252503395080566,0.0,0.18284936249256134,3.909660577774048,-6.81932258605957,0.07039069384336472,0.10220479965209961,,,,26799,0.2192937135696411,1.0
3.8281424045562744,447,,,0.01406785473227501,0.02435602806508541,0.0027763345278799534,0.0,0.19398628175258636,3.8281424045562744,-6.656285285949707,0.07978305220603943,0.10345083475112915,,,,26849,0.23244811594486237,1.0
3.8042261600494385,448,,,0.009293022565543652,0.019900791347026825,0.002098565688356757,0.0,0.17053891718387604,3.8042261600494385,-6.608452796936035,0.07092998921871185,0.08666747808456421,,,,26899,0.20244097709655762,1.0
3.763448476791382,449,,,0.018588706851005554,0.02431701123714447,0.026209700852632523,0.0,0.1975514441728592,3.763448476791382,-6.5268988609313965,0.08765072375535965,0.09537732601165771,,,,26949,0.23467424511909485,1.0
3.820211172103882,449,,,0.016797702759504318,0.023591188713908195,0.004359705839306116,0.0,0.19003798067569733,3.820211172103882,-6.6404242515563965,0.09557239711284637,0.0890188217163086,,,,26999,0.22461721301078796,1.0
,449,81.80412292480469,54000.0,,,,,,,,,,24.622629165649414,,0.8851338028907776,26999,,
3.967512607574463,450,,,0.016740180552005768,0.024092063307762146,0.0018834598595276475,0.0,0.19225269556045532,3.967512607574463,-6.935022830963135,0.08074451982975006,0.08228683471679688,,,,27049,0.22533603012561798,1.0
3.897425651550293,451,,,0.014121152460575104,0.02098875865340233,0.0008221617317758501,0.0,0.2073805034160614,3.897425651550293,-6.794853687286377,0.07415096461772919,0.0801764726638794,,,,27099,0.23829258978366852,1.0
3.595999002456665,452,,,0.01584324799478054,0.027837282046675682,0.01828842982649803,0.0,0.2019806057214737,3.595999002456665,-6.191998481750488,0.11019477248191833,0.1361914873123169,,,,27149,0.25080040097236633,1.0
3.78885817527771,453,,,0.010589088313281536,0.021216996014118195,0.0056580668315291405,0.0,0.18758776783943176,3.78885817527771,-6.577715873718262,0.1068190336227417,0.11426585912704468,,,,27199,0.22716891765594482,1.0
4.07258939743042,454,,,0.017474638298153877,0.03450305759906769,0.0021389431785792112,0.0,0.19878274202346802,4.07258939743042,-7.145179271697998,0.10191010683774948,0.1391187310218811,,,,27249,0.2513042986392975,1.0
4.038708686828613,454,,,0.013302512466907501,0.021737080067396164,0.0009030710789375007,0.0,0.18718887865543365,4.038708686828613,-7.07741641998291,0.06410303711891174,0.07490921020507812,,,,27299,0.2171398550271988,1.0
3.943101406097412,455,,,0.013233160600066185,0.019871044903993607,0.0008037034422159195,0.0,0.18842153251171112,3.943101406097412,-6.886202812194824,0.06905867159366608,0.07494580745697021,,,,27349,0.21744441986083984,1.0
3.980132579803467,456,,,0.011799460276961327,0.0211616363376379,0.002789644990116358,0.0,0.19095703959465027,3.980132579803467,-6.96026611328125,0.0677768662571907,0.08937114477157593,,,,27399,0.2242453694343567,1.0
3.82665753364563,457,,,0.013926210813224316,0.023881202563643456,0.004265090450644493,0.0,0.173595130443573,3.82665753364563,-6.653315544128418,0.0822896808385849,0.10625994205474854,,,,27449,0.21255549788475037,1.0
3.616539716720581,458,,,0.009220845997333527,0.020068559795618057,0.0019719982519745827,0.0,0.17641180753707886,3.616539716720581,-6.233080863952637,0.09361469745635986,0.111264169216156,,,,27499,0.2145419418811798,1.0
3.8208327293395996,459,,,0.009968677535653114,0.018145708367228508,0.0017902505351230502,0.0,0.18764139711856842,3.8208327293395996,-6.641667366027832,0.07064206898212433,0.07711774110794067,,,,27549,0.21628765761852264,1.0
3.6711578369140625,459,,,0.010023487731814384,0.02045596018433571,0.0067923106253147125,0.0,0.18684501945972443,3.6711578369140625,-6.342314720153809,0.09693117439746857,0.1110919713973999,,,,27599,0.22526638209819794,1.0
,459,81.57523345947266,55200.0,,,,,,,,,,24.58935546875,,0.8849440813064575,27599,,
3.7702784538269043,460,,,0.013612674549221992,0.023157065734267235,0.0013550621224567294,0.0,0.17891190946102142,3.7702784538269043,-6.540556907653809,0.08297109603881836,0.08957552909851074,,,,27649,0.2132585197687149,1.0
3.9578027725219727,461,,,0.012412479147315025,0.019498877227306366,0.0010890621924772859,0.0,0.1978742480278015,3.9578027725219727,-6.915607452392578,0.062476180493831635,0.07029718160629272,,,,27699,0.22553551197052002,1.0
3.9690537452697754,462,,,0.019238436594605446,0.02711532637476921,0.0015543153276666999,0.0,0.19991031289100647,3.9690537452697754,-6.938106536865234,0.09855923801660538,0.09687846899032593,,,,27749,0.23820741474628448,1.0
3.758294105529785,463,,,0.012565672397613525,0.02372734248638153,0.004781232215464115,0.0,0.19391806423664093,3.758294105529785,-6.5165863037109375,0.08501674234867096,0.10876274108886719,,,,27799,0.23340609669685364,1.0
4.000431060791016,464,,,0.01371612399816513,0.026540160179138184,0.003993544261902571,0.0,0.1777680367231369,4.000431060791016,-7.000858306884766,0.08558836579322815,0.10946154594421387,,,,27849,0.21884624660015106,1.0
4.064419746398926,464,,,0.011659925803542137,0.021664535626769066,0.0009374503861181438,0.0,0.195298433303833,4.064419746398926,-7.128839015960693,0.08422020077705383,0.10242289304733276,,,,27899,0.23205135762691498,1.0
3.684361457824707,465,,,0.012543375603854656,0.023884128779172897,0.0040222592651844025,0.0,0.1942986249923706,3.684361457824707,-6.368722915649414,0.09774578362703323,0.11314636468887329,,,,27949,0.23494142293930054,1.0
3.8464527130126953,466,,,0.0201079323887825,0.030344504863023758,0.001211831928230822,0.0,0.19922776520252228,3.8464527130126953,-6.692905902862549,0.10360260307788849,0.11567699909210205,,,,27999,0.24385225772857666,1.0
3.6652235984802246,467,,,0.01823379471898079,0.029196565970778465,0.006731296889483929,0.0,0.20084968209266663,3.6652235984802246,-6.330444812774658,0.09360601007938385,0.12122297286987305,,,,28049,0.2463778406381607,1.0
3.5846948623657227,468,,,0.015722855925559998,0.026882808655500412,0.0018898583948612213,0.0,0.1868201643228531,3.5846948623657227,-6.169389247894287,0.14338034391403198,0.13785451650619507,,,,28099,0.2351655215024948,1.0
3.6483089923858643,469,,,0.010635590180754662,0.019927673041820526,0.0022222932893782854,0.0,0.1943073868751526,3.6483089923858643,-6.29661750793457,0.07089707255363464,0.09224146604537964,,,,28149,0.22765304148197174,1.0
3.9529168605804443,469,,,0.010072900913655758,0.017448045313358307,0.0012845356250181794,0.0,0.19429057836532593,3.9529168605804443,-6.90583610534668,0.07496565580368042,0.07723307609558105,,,,28199,0.2226068079471588,1.0
,469,80.957763671875,56400.0,,,,,,,,,,24.577234268188477,,0.8852809071540833,28199,,
3.5655596256256104,470,,,0.013677412644028664,0.02418149821460247,0.008332719095051289,0.0,0.18654899299144745,3.5655596256256104,-6.131119728088379,0.08812309056520462,0.10668987035751343,,,,28249,0.22586247324943542,1.0
3.986651659011841,471,,,0.012774555943906307,0.026367485523223877,0.0014402366941794753,0.0,0.18474915623664856,3.986651659011841,-6.97330379486084,0.09315960854291916,0.12791693210601807,,,,28299,0.2302674949169159,1.0
3.6280813217163086,472,,,0.012449185363948345,0.021812034770846367,0.014532028697431087,0.0,0.21432729065418243,3.6280813217163086,-6.256162166595459,0.09314579516649246,0.10547882318496704,,,,28349,0.25227755308151245,1.0
3.8121700286865234,473,,,0.008587591350078583,0.012792027555406094,0.0004183096461929381,0.0,0.17274995148181915,3.8121700286865234,-6.6243414878845215,0.09111503511667252,0.06565523147583008,,,,28399,0.19578492641448975,1.0
3.6781888008117676,474,,,0.010986436158418655,0.018166041001677513,0.015798816457390785,0.0,0.18554863333702087,3.6781888008117676,-6.356374740600586,0.06032935529947281,0.07498747110366821,,,,28449,0.21404814720153809,1.0
3.8108952045440674,474,,,0.011956810019910336,0.022647660225629807,0.0014844225952401757,0.0,0.19382420182228088,3.8108952045440674,-6.621789455413818,0.0767376720905304,0.09602129459381104,,,,28499,0.22948938608169556,1.0
3.8342671394348145,475,,,0.033861611038446426,0.042141593992710114,0.00417246762663126,0.0,0.20167364180088043,3.8342671394348145,-6.668534278869629,0.1004447266459465,0.11472660303115845,,,,28549,0.2523769438266754,1.0
3.707740545272827,476,,,0.011282151564955711,0.020547877997159958,0.0012882498558610678,0.0,0.19353432953357697,3.707740545272827,-6.41547966003418,0.050650522112846375,0.07845401763916016,,,,28599,0.22373603284358978,1.0
3.7156522274017334,477,,,0.010320005938410759,0.021752502769231796,0.002522664377465844,0.0,0.19660815596580505,3.7156522274017334,-6.431304454803467,0.07858825474977493,0.10355263948440552,,,,28649,0.23369362950325012,1.0
3.9573416709899902,478,,,0.015135973691940308,0.02367023192346096,0.0014513456262648106,0.0,0.18988452851772308,3.9573416709899902,-6.9146809577941895,0.0801319032907486,0.09599566459655762,,,,28699,0.22613324224948883,1.0
3.683022975921631,479,,,0.010363470762968063,0.02028862200677395,0.0017440239898860455,0.0,0.19382748007774353,3.683022975921631,-6.366041660308838,0.07550515234470367,0.09064733982086182,,,,28749,0.22693631052970886,1.0
3.577777624130249,479,,,0.01568182185292244,0.02375328540802002,0.006234674248844385,0.0,0.1984262466430664,3.577777624130249,-6.1555562019348145,0.07830554991960526,0.0998690128326416,,,,28799,0.2358180582523346,1.0
,479,81.25135803222656,57600.0,,,,,,,,,,24.550569534301758,,0.8852136731147766,28799,,
3.807049036026001,480,,,0.014148707501590252,0.026201268658041954,0.002967329230159521,0.0,0.18753282725811005,3.807049036026001,-6.6140947341918945,0.08358746021986008,0.11843299865722656,,,,28849,0.23066961765289307,1.0
4.006039619445801,481,,,0.013591453433036804,0.01995856687426567,0.0010012785205617547,0.0,0.18138666450977325,4.006039619445801,-7.012079238891602,0.05668271332979202,0.06114399433135986,,,,28899,0.20701676607131958,1.0
3.6660256385803223,482,,,0.009181185625493526,0.019151300191879272,0.004455930553376675,0.0,0.17790377140045166,3.6660256385803223,-6.332050800323486,0.07695625722408295,0.10417872667312622,,,,28949,0.2138650268316269,1.0
3.7321784496307373,483,,,0.011500583961606026,0.024217527359724045,0.001993871293962002,0.0,0.17711061239242554,3.7321784496307373,-6.464356899261475,0.10414659231901169,0.12183153629302979,,,,28999,0.22001463174819946,1.0
3.831721544265747,484,,,0.010446036234498024,0.020596515387296677,0.0025421108584851027,0.0,0.17491966485977173,3.831721544265747,-6.663443088531494,0.07646781951189041,0.0964423418045044,,,,29049,0.20965321362018585,1.0
3.9942193031311035,484,,,0.01605267822742462,0.02453080378472805,0.01265584398061037,0.0,0.20300711691379547,3.9942193031311035,-6.988436698913574,0.09017207473516464,0.11053484678268433,,,,29099,0.24362394213676453,1.0
3.688068151473999,485,,,0.016885045915842056,0.027857398614287376,0.00296362885273993,0.0,0.1895219087600708,3.688068151473999,-6.376135349273682,0.0884430855512619,0.11737823486328125,,,,29149,0.2332913875579834,1.0
3.7333157062530518,486,,,0.01082519069314003,0.019781526178121567,0.015436302870512009,0.0,0.19123898446559906,3.7333157062530518,-6.466629505157471,0.10407879948616028,0.11556792259216309,,,,29199,0.2306782603263855,1.0
3.7538082599639893,487,,,0.01957586407661438,0.032136689871549606,0.0020669568330049515,0.0,0.1852942258119583,3.7538082599639893,-6.507615566253662,0.10552215576171875,0.1529461145401001,,,,29249,0.2401401698589325,1.0
3.7525572776794434,488,,,0.01831141486763954,0.030978146940469742,0.013404284603893757,0.0,0.19682013988494873,3.7525572776794434,-6.5051116943359375,0.10056987404823303,0.12966537475585938,,,,29299,0.24551844596862793,1.0
3.978477954864502,489,,,0.010531294159591198,0.019564306363463402,0.0008377273334190249,0.0,0.16708092391490936,3.978477954864502,-6.956957817077637,0.06701947748661041,0.07788234949111938,,,,29349,0.19661788642406464,1.0
3.744858741760254,489,,,0.013612262904644012,0.025058433413505554,0.0017297547310590744,0.0,0.19088508188724518,3.744858741760254,-6.489718914031982,0.08614404499530792,0.10255932807922363,,,,29399,0.2294376790523529,1.0
,489,81.05889129638672,58800.0,,,,,,,,,,24.612464904785156,,0.8853245973587036,29399,,
3.787632465362549,490,,,0.013465570285916328,0.024436434730887413,0.0030653835274279118,0.0,0.2033063918352127,3.787632465362549,-6.575267314910889,0.09144420921802521,0.12186169624328613,,,,29449,0.246403306722641,1.0
3.6075057983398438,491,,,0.016837432980537415,0.025378763675689697,0.0068266368471086025,0.0,0.18080811202526093,3.6075057983398438,-6.215010643005371,0.08909420669078827,0.10211622714996338,,,,29499,0.21961815655231476,1.0
3.7835259437561035,492,,,0.009710563346743584,0.016278177499771118,0.0014826501719653606,0.0,0.15670600533485413,3.7835259437561035,-6.5670485496521,0.05188930779695511,0.055771052837371826,,,,29549,0.1790676862001419,1.0
3.7794525623321533,493,,,0.01475149393081665,0.030243586748838425,0.001791712362319231,0.0,0.19067366421222687,3.7794525623321533,-6.558903217315674,0.11062352359294891,0.15387576818466187,,,,29599,0.24467799067497253,1.0
3.6962180137634277,494,,,0.014084640890359879,0.023917417973279953,0.00514691649004817,0.0,0.17386263608932495,3.6962180137634277,-6.392435073852539,0.08179809153079987,0.09764713048934937,,,,29649,0.2107139229774475,1.0
3.809875249862671,494,,,0.012265307828783989,0.022613178938627243,0.002332732081413269,0.0,0.15423674881458282,3.809875249862671,-6.619750499725342,0.10306303203105927,0.11362624168395996,,,,29699,0.1943148523569107,1.0
3.692258596420288,495,,,0.013814887031912804,0.02553098276257515,0.0025543072260916233,0.0,0.1940959095954895,3.692258596420288,-6.384517192840576,0.11258003860712051,0.12000381946563721,,,,29749,0.23727157711982727,1.0
3.770184278488159,496,,,0.012814056128263474,0.020482366904616356,0.001695106504485011,0.0,0.18928329646587372,3.770184278488159,-6.540368556976318,0.07886853814125061,0.1033860445022583,,,,29799,0.22573372721672058,1.0
3.824796199798584,497,,,0.012205845676362514,0.020123422145843506,0.001419566571712494,0.0,0.16277249157428741,3.824796199798584,-6.649591445922852,0.05430915206670761,0.07084280252456665,,,,29849,0.1908855438232422,1.0
3.8392133712768555,498,,,0.009413795545697212,0.01815774105489254,0.0014397187624126673,0.0,0.16380023956298828,3.8392133712768555,-6.678426742553711,0.09542102366685867,0.08298075199127197,,,,29899,0.1938956379890442,1.0
3.8843345642089844,499,,,0.011711940169334412,0.02205979824066162,0.002730987500399351,0.0,0.17643916606903076,3.8843345642089844,-6.768674373626709,0.07289004325866699,0.11626458168029785,,,,29949,0.21689628064632416,1.0
3.9867334365844727,499,,,0.014523312449455261,0.02596106193959713,0.0016422171611338854,0.0,0.2196122109889984,3.9867334365844727,-6.973466396331787,0.10421553254127502,0.12604010105133057,,,,29999,0.26450690627098083,1.0
,499,81.1092300415039,60000.0,,,,,,,,,,24.655033111572266,,0.8855724930763245,29999,,
3.5553882122039795,500,,,0.013302892446517944,0.023765817284584045,0.0041444143280386925,0.0,0.2008548378944397,3.5553882122039795,-6.110776424407959,0.09693145751953125,0.11288398504257202,,,,30049,0.24139492213726044,1.0
3.851815700531006,501,,,0.013201276771724224,0.02291620522737503,0.006076572462916374,0.0,0.1813540756702423,3.851815700531006,-6.703635215759277,0.08960232138633728,0.10876905918121338,,,,30099,0.22048638761043549,1.0
3.7228024005889893,502,,,0.011798541992902756,0.021784519776701927,0.0020333887077867985,0.0,0.1926492601633072,3.7228024005889893,-6.44560432434082,0.08619225025177002,0.10976547002792358,,,,30149,0.23132869601249695,1.0
3.5659875869750977,503,,,0.011568792164325714,0.02352973446249962,0.007605697028338909,0.0,0.18550808727741241,3.5659875869750977,-6.131973743438721,0.09918195009231567,0.12881290912628174,,,,30199,0.2299555540084839,1.0
3.8847787380218506,504,,,0.009985558688640594,0.018320156261324883,0.0018834861693903804,0.0,0.18481647968292236,3.8847787380218506,-6.769557476043701,0.09773112833499908,0.0892946720123291,,,,30249,0.21659696102142334,1.0
3.855098009109497,504,,,0.012145435437560081,0.023472419008612633,0.0034287706948816776,0.0,0.1881779432296753,3.855098009109497,-6.710196018218994,0.07225292921066284,0.10035896301269531,,,,30299,0.22539325058460236,1.0
3.8285672664642334,505,,,0.010098968632519245,0.02010907605290413,0.001444267458282411,0.0,0.18815121054649353,3.8285672664642334,-6.657137870788574,0.10275807231664658,0.09309232234954834,,,,30349,0.22176741063594818,1.0
3.964268207550049,506,,,0.013172641396522522,0.024731453508138657,0.002093477873131633,0.0,0.1961129754781723,3.964268207550049,-6.928537845611572,0.08073927462100983,0.10653996467590332,,,,30399,0.23549534380435944,1.0
3.779905080795288,507,,,0.01074602734297514,0.020828191190958023,0.006395119242370129,0.0,0.17692142724990845,3.779905080795288,-6.559811592102051,0.061428003013134,0.09420692920684814,,,,30449,0.21131578087806702,1.0
3.7055413722991943,508,,,0.012273525819182396,0.029021143913269043,0.0026047551073133945,0.0,0.1805182844400406,3.7055413722991943,-6.411084175109863,0.0869894027709961,0.128587543964386,,,,30499,0.22754770517349243,1.0
3.6711621284484863,509,,,0.011315572075545788,0.024910172447562218,0.005490681156516075,0.0,0.20503085851669312,3.6711621284484863,-6.342321872711182,0.11325256526470184,0.13959288597106934,,,,30549,0.25280433893203735,1.0
3.701831579208374,509,,,0.011377613991498947,0.01780729368329048,0.0008184907492250204,0.0,0.16519410908222198,3.701831579208374,-6.403663158416748,0.06574706733226776,0.06655007600784302,,,,30599,0.19104017317295074,1.0
,509,80.68682861328125,61200.0,,,,,,,,,,24.672998428344727,,0.8860861659049988,30599,,
3.991061210632324,510,,,0.01730426214635372,0.026144474744796753,0.009679732844233513,0.0,0.18554070591926575,3.991061210632324,-6.982121467590332,0.11948871612548828,0.13796228170394897,,,,30649,0.23377811908721924,1.0
3.8422110080718994,511,,,0.01253258716315031,0.02284158393740654,0.0012691260781139135,0.0,0.17918115854263306,3.8422110080718994,-6.684422492980957,0.07810718566179276,0.09245580434799194,,,,30699,0.2140609472990036,1.0
3.797210931777954,512,,,0.013146014884114265,0.025441965088248253,0.0017741447081789374,0.0,0.18838703632354736,3.797210931777954,-6.594423770904541,0.10849140584468842,0.12807154655456543,,,,30749,0.23349890112876892,1.0
3.95806622505188,513,,,0.01274996530264616,0.019126880913972855,0.0014364253729581833,0.0,0.17242997884750366,3.95806622505188,-6.916132926940918,0.08127467334270477,0.07741659879684448,,,,30799,0.20170222222805023,1.0
3.860109567642212,514,,,0.014787751249969006,0.022023044526576996,0.0010694932425394654,0.0,0.18363966047763824,3.860109567642212,-6.720219135284424,0.08874351531267166,0.10607379674911499,,,,30849,0.2215660661458969,1.0
3.850961685180664,514,,,0.017090756446123123,0.023996800184249878,0.0008953242795541883,0.0,0.17486487329006195,3.850961685180664,-6.70192289352417,0.06935715675354004,0.07457351684570312,,,,30899,0.20595631003379822,1.0
3.948906660079956,515,,,0.009041452780365944,0.016180461272597313,0.0015688244020566344,0.0,0.1775135099887848,3.948906660079956,-6.897812843322754,0.06862574815750122,0.07425880432128906,,,,30949,0.20443369448184967,1.0
3.8389182090759277,516,,,0.009492228738963604,0.019283026456832886,0.0014578555710613728,0.0,0.18294690549373627,3.8389182090759277,-6.677836894989014,0.08628633618354797,0.1091037392616272,,,,30999,0.22013810276985168,1.0
3.8186323642730713,517,,,0.012322258204221725,0.020049091428518295,0.0009626125101931393,0.0,0.1933319866657257,3.8186323642730713,-6.637263774871826,0.084880530834198,0.086372971534729,,,,31049,0.22528189420700073,1.0
3.792119026184082,518,,,0.020480863749980927,0.03328600898385048,0.00630737142637372,0.0,0.19670039415359497,3.792119026184082,-6.584238052368164,0.1046219915151596,0.13636374473571777,,,,31099,0.2481040358543396,1.0
3.7360594272613525,519,,,0.011464772745966911,0.021436892449855804,0.0018853313522413373,0.0,0.20549632608890533,3.7360594272613525,-6.472118377685547,0.10036776214838028,0.11054849624633789,,,,31149,0.2441856563091278,1.0
3.6341750621795654,519,,,0.014502367004752159,0.027607619762420654,0.003023832105100155,0.0,0.1844700127840042,3.6341750621795654,-6.268350124359131,0.07216360419988632,0.12508845329284668,,,,31199,0.2299840897321701,1.0
,519,80.35358428955078,62400.0,,,,,,,,,,24.69251823425293,,0.8864197731018066,31199,,
3.83781361579895,520,,,0.010869416408240795,0.02546078711748123,0.002904773224145174,0.0,0.16399389505386353,3.83781361579895,-6.6756272315979,0.09760255366563797,0.12200713157653809,,,,31249,0.20757043361663818,1.0
4.053746223449707,521,,,0.009781955741345882,0.02196265012025833,0.0006230056751519442,0.0,0.15661093592643738,4.053746223449707,-7.107493877410889,0.07633085548877716,0.09539014101028442,,,,31299,0.19169992208480835,1.0
3.775132894515991,522,,,0.00904889963567257,0.017640553414821625,0.0015753700863569975,0.0,0.17961619794368744,3.775132894515991,-6.550267219543457,0.06250640749931335,0.0793008804321289,,,,31349,0.20852729678153992,1.0
3.7794320583343506,523,,,0.008058721199631691,0.01735128089785576,0.0014491456095129251,0.0,0.17545756697654724,3.7794320583343506,-6.558860778808594,0.06702641397714615,0.08484923839569092,,,,31399,0.20558321475982666,1.0
3.763909101486206,524,,,0.012823319062590599,0.02620764449238777,0.0015780616085976362,0.0,0.17741498351097107,3.763909101486206,-6.5278167724609375,0.09974582493305206,0.13071316480636597,,,,31449,0.22355712950229645,1.0
3.5937886238098145,524,,,0.013103513047099113,0.02100321277976036,0.011472550220787525,0.0,0.19855740666389465,3.5937886238098145,-6.187578201293945,0.10820185393095016,0.11244082450866699,,,,31499,0.23778362572193146,1.0
3.871974468231201,525,,,0.011575011536478996,0.024502351880073547,0.004289403557777405,0.0,0.18851244449615479,3.871974468231201,-6.743945598602295,0.12321244180202484,0.14047139883041382,,,,31549,0.23627808690071106,1.0
3.8319010734558105,526,,,0.016595853492617607,0.0224444717168808,0.003505968488752842,0.0,0.19213426113128662,3.8319010734558105,-6.6638007164001465,0.10238803923130035,0.09505689144134521,,,,31599,0.22762326896190643,1.0
3.696840286254883,527,,,0.008649427443742752,0.018638502806425095,0.0015957214636728168,0.0,0.17383112013339996,3.696840286254883,-6.393680095672607,0.08041800558567047,0.09235656261444092,,,,31649,0.20649564266204834,1.0
3.859722375869751,528,,,0.011645425111055374,0.022177398204803467,0.001822449965402484,0.0,0.184331476688385,3.859722375869751,-6.719444751739502,0.09158165752887726,0.10938775539398193,,,,31699,0.22310380637645721,1.0
3.750584363937378,529,,,0.01252085529267788,0.02479897066950798,0.0013759573921561241,0.0,0.19107268750667572,3.750584363937378,-6.501169681549072,0.0896005630493164,0.11843419075012207,,,,31749,0.23342815041542053,1.0
3.792449712753296,529,,,0.009236402809619904,0.019187774509191513,0.002086457097902894,0.0,0.1819094866514206,3.792449712753296,-6.584900379180908,0.07096732407808304,0.09340327978134155,,,,31799,0.2151372730731964,1.0
,529,80.47480010986328,63600.0,,,,,,,,,,24.66036605834961,,0.8861342668533325,31799,,
3.9429574012756348,530,,,0.007946754805743694,0.019019080325961113,0.0018195102456957102,0.0,0.17891140282154083,3.9429574012756348,-6.885915756225586,0.057949796319007874,0.08594405651092529,,,,31849,0.21015112102031708,1.0
3.869006633758545,531,,,0.010723351500928402,0.01926872879266739,0.001327980775386095,0.0,0.1761799156665802,3.869006633758545,-6.73801326751709,0.07057982683181763,0.07633703947067261,,,,31899,0.20519982278347015,1.0
3.647871494293213,532,,,0.011319304816424847,0.022938113659620285,0.0033230497501790524,0.0,0.18546850979328156,3.647871494293213,-6.295740604400635,0.09600833058357239,0.11848211288452148,,,,31949,0.22692415118217468,1.0
3.9671919345855713,533,,,0.010180394165217876,0.018076216802001,0.004480709321796894,0.0,0.18685434758663177,3.9671919345855713,-6.934381484985352,0.09345880150794983,0.08437246084213257,,,,31999,0.21735209226608276,1.0
3.958104372024536,534,,,0.011299538426101208,0.021646510809659958,0.0012060299050062895,0.0,0.16606676578521729,3.958104372024536,-6.916208744049072,0.0808682069182396,0.09915155172348022,,,,32049,0.20199054479599,1.0
3.6788206100463867,534,,,0.010352693498134613,0.020113693550229073,0.0016346091870218515,0.0,0.17555861175060272,3.6788206100463867,-6.357638835906982,0.09057345241308212,0.09113413095474243,,,,32099,0.20869867503643036,1.0
3.7387585639953613,535,,,0.010989461094141006,0.018746396526694298,0.005702262744307518,0.0,0.17451806366443634,3.7387585639953613,-6.4775166511535645,0.06857024133205414,0.07886576652526855,,,,32149,0.204025000333786,1.0
3.8775672912597656,536,,,0.01658589020371437,0.031486447900533676,0.015150893479585648,0.0,0.19797369837760925,3.8775672912597656,-6.755132675170898,0.10857325792312622,0.13464462757110596,,,,32199,0.24817150831222534,1.0
3.693037509918213,537,,,0.008616539649665356,0.015880530700087547,0.0009444536408409476,0.0,0.1746455430984497,3.693037509918213,-6.386075496673584,0.06182863563299179,0.06419563293457031,,,,32249,0.19887374341487885,1.0
3.7707998752593994,538,,,0.020121995359659195,0.028249338269233704,0.00575499702244997,0.0,0.19213517010211945,3.7707998752593994,-6.541600227355957,0.12570981681346893,0.11122739315032959,,,,32299,0.234713613986969,1.0
3.813868284225464,539,,,0.01709149405360222,0.032601356506347656,0.00668727420270443,0.0,0.20104047656059265,3.813868284225464,-6.627736568450928,0.17586757242679596,0.17329120635986328,,,,32349,0.26125842332839966,1.0
3.693415641784668,539,,,0.010759557597339153,0.018620271235704422,0.0010027200914919376,0.0,0.16176843643188477,3.693415641784668,-6.386833190917969,0.06268777698278427,0.07703852653503418,,,,32399,0.19063225388526917,1.0
,539,80.27823638916016,64800.0,,,,,,,,,,24.649200439453125,,0.8860483169555664,32399,,
3.8309903144836426,540,,,0.01445833407342434,0.02148367464542389,0.0014020910020917654,0.0,0.1750306636095047,3.8309903144836426,-6.66198205947876,0.08650936931371689,0.07618463039398193,,,,32449,0.20521517097949982,1.0
3.7973263263702393,541,,,0.010917249135673046,0.01988876797258854,0.004458350595086813,0.0,0.19767069816589355,3.7973263263702393,-6.594649791717529,0.08095347881317139,0.10650157928466797,,,,32499,0.23462486267089844,1.0
3.873910665512085,542,,,0.010415672324597836,0.021959051489830017,0.001759531325660646,0.0,0.17593488097190857,3.873910665512085,-6.747821807861328,0.07129672169685364,0.09733974933624268,,,,32549,0.21155372262001038,1.0
3.9090945720672607,543,,,0.01967710256576538,0.02620611898601055,0.0008203939069062471,0.0,0.1900205761194229,3.9090945720672607,-6.818187713623047,0.10754148662090302,0.08153760433197021,,,,32599,0.22402048110961914,1.0
3.5923829078674316,544,,,0.0074528781697154045,0.01627591997385025,0.0011588465422391891,0.0,0.15867199003696442,3.5923829078674316,-6.184765338897705,0.06753083318471909,0.07024484872817993,,,,32649,0.18458645045757294,1.0
3.583150863647461,544,,,0.010694798082113266,0.02288774773478508,0.0028150524012744427,0.0,0.17362044751644135,3.583150863647461,-6.166300296783447,0.09862655401229858,0.11501014232635498,,,,32699,0.21415460109710693,1.0
3.8197500705718994,545,,,0.011707968078553677,0.01927569881081581,0.0012695135083049536,0.0,0.1884891241788864,3.8197500705718994,-6.639502048492432,0.07307194173336029,0.07615238428115845,,,,32749,0.21748951077461243,1.0
3.726930856704712,546,,,0.011585904285311699,0.02112904004752636,0.0033726501278579235,0.0,0.17132994532585144,3.726930856704712,-6.453860759735107,0.07691128551959991,0.09787076711654663,,,,32799,0.20673611760139465,1.0
3.799239158630371,547,,,0.009285788051784039,0.019526902586221695,0.003247152781113982,0.0,0.18029099702835083,3.799239158630371,-6.598477840423584,0.07954420149326324,0.09035617113113403,,,,32849,0.21295681595802307,1.0
4.085285663604736,548,,,0.010875850915908813,0.020137988030910492,0.00255895359441638,0.0,0.17137284576892853,4.085285663604736,-7.1705708503723145,0.06765929609537125,0.08111613988876343,,,,32899,0.20205675065517426,1.0
3.8659582138061523,549,,,0.010183209553360939,0.02062358148396015,0.0028852743562310934,0.0,0.17707328498363495,3.8659582138061523,-6.7319159507751465,0.06704872101545334,0.0953415036201477,,,,32949,0.21154716610908508,1.0
3.727581024169922,549,,,0.008412780240178108,0.016570525243878365,0.0014699894236400723,0.0,0.165574312210083,3.727581024169922,-6.455156326293945,0.06218431890010834,0.0706290602684021,,,,32999,0.19176390767097473,1.0
,549,80.26763916015625,66000.0,,,,,,,,,,24.630237579345703,,0.8857887387275696,32999,,
3.783529043197632,550,,,0.013549129478633404,0.026835327968001366,0.004128322005271912,0.0,0.1758563220500946,3.783529043197632,-6.567055702209473,0.0967056006193161,0.13039708137512207,,,,33049,0.22231519222259521,1.0
3.7916879653930664,551,,,0.009778534062206745,0.019245145842432976,0.0014990175841376185,0.0,0.18394064903259277,3.7916879653930664,-6.583370208740234,0.07009926438331604,0.09309232234954834,,,,33099,0.2171182483434677,1.0
3.8217368125915527,552,,,0.008618495427072048,0.025647465139627457,0.00167262670584023,0.0,0.16787664592266083,3.8217368125915527,-6.643471717834473,0.0935155600309372,0.13028967380523682,,,,33149,0.21353007853031158,1.0
3.917576551437378,553,,,0.0088290860876441,0.019353589043021202,0.002224978292360902,0.0,0.17542670667171478,3.917576551437378,-6.835153102874756,0.06839919835329056,0.09111940860748291,,,,33199,0.20815971493721008,1.0
3.6630027294158936,554,,,0.014835396781563759,0.02710944041609764,0.0036075133830308914,0.0,0.17511625587940216,3.6630027294158936,-6.326004981994629,0.1059485375881195,0.11073577404022217,,,,33249,0.2168159931898117,1.0
3.890976667404175,554,,,0.010077884420752525,0.01789233274757862,0.001497284509241581,0.0,0.18052147328853607,3.890976667404175,-6.781952857971191,0.08766480535268784,0.08764362335205078,,,,33299,0.21166792511940002,1.0
3.604788303375244,555,,,0.011306686326861382,0.023370321840047836,0.004817323759198189,0.0,0.19772659242153168,3.604788303375244,-6.2095770835876465,0.09031035006046295,0.1161547303199768,,,,33349,0.2388535439968109,1.0
3.75490140914917,556,,,0.011637948453426361,0.024541210383176804,0.00280827097594738,0.0,0.17634181678295135,3.75490140914917,-6.509795188903809,0.09071406722068787,0.11833274364471436,,,,33399,0.21855676174163818,1.0
3.921907424926758,557,,,0.010865658521652222,0.01858578436076641,0.0017444957047700882,0.0,0.179426372051239,3.921907424926758,-6.84381103515625,0.077769435942173,0.08047568798065186,,,,33449,0.2091534435749054,1.0
3.7881739139556885,558,,,0.010029497556388378,0.018755368888378143,0.0011957886163145304,0.0,0.19254307448863983,3.7881739139556885,-6.576347827911377,0.08238711953163147,0.08420932292938232,,,,33499,0.22325372695922852,1.0
3.9846622943878174,559,,,0.01192568987607956,0.019068237394094467,0.0007518365746363997,0.0,0.17028343677520752,3.9846622943878174,-6.969324588775635,0.10470634698867798,0.07878774404525757,,,,33549,0.19983142614364624,1.0
3.7809760570526123,559,,,0.010912398807704449,0.019145943224430084,0.005920918192714453,0.0,0.19181117415428162,3.7809760570526123,-6.561951160430908,0.08062433451414108,0.09309875965118408,,,,33599,0.22507967054843903,1.0
,559,79.99961853027344,67200.0,,,,,,,,,,24.6595516204834,,0.885879635810852,33599,,
3.7907772064208984,560,,,0.008359387516975403,0.019581688567996025,0.0013222452253103256,0.0,0.16332806646823883,3.7907772064208984,-6.58155632019043,0.07338474690914154,0.11489599943161011,,,,33649,0.2020849585533142,1.0
3.7613797187805176,561,,,0.010034759528934956,0.019359461963176727,0.00560292974114418,0.0,0.1754976063966751,3.7613797187805176,-6.522759437561035,0.05974192172288895,0.08259838819503784,,,,33699,0.20621787011623383,1.0
3.728410005569458,562,,,0.015464222058653831,0.028129227459430695,0.012166707776486874,0.0,0.2113368809223175,3.728410005569458,-6.456818580627441,0.10679429769515991,0.13546901941299438,,,,33749,0.25995951890945435,1.0
3.717900037765503,563,,,0.011843821033835411,0.023933446034789085,0.004203278571367264,0.0,0.18538816273212433,3.717900037765503,-6.435800075531006,0.10293317586183548,0.11771446466445923,,,,33799,0.22718468308448792,1.0
3.837644338607788,564,,,0.007575153838843107,0.016526412218809128,0.0010910441633313894,0.0,0.1722409427165985,3.837644338607788,-6.675288200378418,0.05911708623170853,0.0782548189163208,,,,33849,0.20028451085090637,1.0
3.7109344005584717,564,,,0.008787606842815876,0.018889224156737328,0.004540093243122101,0.0,0.18114545941352844,3.7109344005584717,-6.421869277954102,0.09766703099012375,0.10572695732116699,,,,33899,0.21735501289367676,1.0
3.8025031089782715,565,,,0.01324964314699173,0.021367311477661133,0.001841590041294694,0.0,0.2087700068950653,3.8025031089782715,-6.605006694793701,0.08922816812992096,0.0934860110282898,,,,33949,0.24320244789123535,1.0
3.831984043121338,566,,,0.01379080768674612,0.022789543494582176,0.0017152710352092981,0.0,0.1919737309217453,3.831984043121338,-6.66396951675415,0.07252716273069382,0.08926713466644287,,,,33999,0.22607293725013733,1.0
3.6669278144836426,567,,,0.009726224467158318,0.020252984017133713,0.001547317486256361,0.0,0.1758735030889511,3.6669278144836426,-6.333857536315918,0.06373701989650726,0.09081804752349854,,,,34049,0.2089863419532776,1.0
3.79435133934021,568,,,0.00932809803634882,0.017883503809571266,0.002940721809864044,0.0,0.1716654896736145,3.79435133934021,-6.588703155517578,0.06347450613975525,0.07999777793884277,,,,34099,0.20091339945793152,1.0
3.904632091522217,569,,,0.013034448027610779,0.02195413038134575,0.002147661056369543,0.0,0.19748130440711975,3.904632091522217,-6.809266090393066,0.08368957787752151,0.09900689125061035,,,,34149,0.23358964920043945,1.0
3.8143091201782227,569,,,0.01706468127667904,0.024560144171118736,0.003985642455518246,0.0,0.1906753033399582,3.8143091201782227,-6.628616809844971,0.09622204303741455,0.09797841310501099,,,,34199,0.2279762327671051,1.0
,569,79.46514892578125,68400.0,,,,,,,,,,24.63894271850586,,0.885928750038147,34199,,
3.7636141777038574,570,,,0.009695532731711864,0.01876051351428032,0.0030228402465581894,0.0,0.1801764965057373,3.7636141777038574,-6.527225017547607,0.08492983877658844,0.09124290943145752,,,,34249,0.21268543601036072,1.0
3.7149014472961426,571,,,0.01040204893797636,0.022033628076314926,0.0013355130795389414,0.0,0.1981469690799713,3.7149014472961426,-6.429803848266602,0.0885666012763977,0.1164395809173584,,,,34299,0.23856711387634277,1.0
3.8012332916259766,572,,,0.009769568219780922,0.019177719950675964,0.0017846189439296722,0.0,0.1799800843000412,3.8012332916259766,-6.602464199066162,0.0726424902677536,0.08219218254089355,,,,34349,0.2104058414697647,1.0
3.896108388900757,573,,,0.012851069681346416,0.02844715118408203,0.0015982391778379679,0.0,0.17981943488121033,3.896108388900757,-6.792220115661621,0.10830263793468475,0.15201938152313232,,,,34399,0.23240908980369568,1.0
3.7625131607055664,574,,,0.013962658122181892,0.029391681775450706,0.0019299329724162817,0.0,0.18335862457752228,3.7625131607055664,-6.525026321411133,0.0972605049610138,0.1431795358657837,,,,34449,0.23424667119979858,1.0
3.812119245529175,574,,,0.014869584701955318,0.026373397558927536,0.0018656281754374504,0.0,0.173817977309227,3.812119245529175,-6.62423849105835,0.07544143497943878,0.10059559345245361,,,,34499,0.21257194876670837,1.0
3.723060369491577,575,,,0.008057981729507446,0.015217557549476624,0.0009908364154398441,0.0,0.1873788833618164,3.723060369491577,-6.4461212158203125,0.07761477679014206,0.08065366744995117,,,,34549,0.2153773009777069,1.0
3.6564462184906006,576,,,0.01209165807813406,0.02300892025232315,0.0032895151525735855,0.0,0.20766682922840118,3.6564462184906006,-6.31289529800415,0.07469141483306885,0.09868252277374268,,,,34599,0.24422645568847656,1.0
3.883826494216919,577,,,0.011933366768062115,0.021311026066541672,0.002354095224291086,0.0,0.18597984313964844,3.883826494216919,-6.767652988433838,0.07361257821321487,0.09448182582855225,,,,34649,0.2206130027770996,1.0
3.7661452293395996,578,,,0.01138293743133545,0.02416190877556801,0.007594703696668148,0.0,0.18039245903491974,3.7661452293395996,-6.532289981842041,0.09663709998130798,0.12761050462722778,,,,34699,0.22485047578811646,1.0
3.796266794204712,579,,,0.008697768673300743,0.018569806590676308,0.0010383488843217492,0.0,0.19252656400203705,3.796266794204712,-6.592535495758057,0.06771619617938995,0.08855080604553223,,,,34749,0.2241925746202469,1.0
3.775503396987915,579,,,0.010356376878917217,0.020385291427373886,0.0017772766295820475,0.0,0.17891311645507812,3.775503396987915,-6.551007270812988,0.06530880928039551,0.09483844041824341,,,,34799,0.21311871707439423,1.0
,579,79.46788024902344,69600.0,,,,,,,,,,24.658018112182617,,0.8858002424240112,34799,,
3.7842676639556885,580,,,0.01350378431379795,0.027745738625526428,0.00123881665058434,0.0,0.18133366107940674,3.7842676639556885,-6.568532943725586,0.11501580476760864,0.14705687761306763,,,,34849,0.23233932256698608,1.0
3.694518566131592,581,,,0.00781741552054882,0.018630731850862503,0.0029596223030239344,0.0,0.1748465895652771,3.694518566131592,-6.389037609100342,0.07770247757434845,0.08681893348693848,,,,34899,0.20613610744476318,1.0
3.7262680530548096,582,,,0.009424140676856041,0.020893162116408348,0.004308292642235756,0.0,0.17563685774803162,3.7262680530548096,-6.4525346755981445,0.09381554275751114,0.10309374332427979,,,,34949,0.21220017969608307,1.0
3.893886089324951,583,,,0.010640017688274384,0.028366390615701675,0.01086239330470562,0.0,0.1886976659297943,3.893886089324951,-6.787772178649902,0.15011624991893768,0.1781940460205078,,,,34999,0.247966930270195,1.0
3.7183942794799805,584,,,0.00963565707206726,0.018280189484357834,0.0014532539062201977,0.0,0.18399003148078918,3.7183942794799805,-6.436788558959961,0.07425791025161743,0.08897984027862549,,,,35049,0.21565231680870056,1.0
3.8601362705230713,584,,,0.009280928410589695,0.017517106607556343,0.0011068574385717511,0.0,0.1785944700241089,3.8601362705230713,-6.720270156860352,0.06483611464500427,0.06510734558105469,,,,35099,0.20388954877853394,1.0
3.8467183113098145,585,,,0.009695976972579956,0.016542484983801842,0.0025646016001701355,0.0,0.18091119825839996,3.8467183113098145,-6.693436145782471,0.06656710803508759,0.07378065586090088,,,,35149,0.20793412625789642,1.0
3.7958173751831055,586,,,0.010220469906926155,0.02162524126470089,0.001876946771517396,0.0,0.1924600452184677,3.7958173751831055,-6.591634273529053,0.06825391203165054,0.102630615234375,,,,35199,0.2292327582836151,1.0
3.7284202575683594,587,,,0.016535233706235886,0.026795800775289536,0.0033677760511636734,0.0,0.1926342099905014,3.7284202575683594,-6.456840991973877,0.08020180463790894,0.10576051473617554,,,,35249,0.23296982049942017,1.0
3.5962061882019043,588,,,0.01343546062707901,0.0239412821829319,0.00390050932765007,0.0,0.18889369070529938,3.5962061882019043,-6.192412853240967,0.07435507327318192,0.10453259944915771,,,,35299,0.22743088006973267,1.0
3.91098690032959,589,,,0.01247470360249281,0.019795361906290054,0.0020939763635396957,0.0,0.17847539484500885,3.91098690032959,-6.821974277496338,0.062322087585926056,0.07229375839233398,,,,35349,0.20681072771549225,1.0
3.817307949066162,589,,,0.015228036791086197,0.030368654057383537,0.004751294851303101,0.0,0.20689553022384644,3.817307949066162,-6.634618282318115,0.10907787084579468,0.16463416814804077,,,,35399,0.26373788714408875,1.0
,589,79.94380187988281,70800.0,,,,,,,,,,24.658855438232422,,0.8858594298362732,35399,,
3.9067933559417725,590,,,0.0087959049269557,0.019804764539003372,0.0011165034957230091,0.0,0.17493797838687897,3.9067933559417725,-6.813586235046387,0.08589467406272888,0.10641884803771973,,,,35449,0.21169288456439972,1.0
3.67746639251709,591,,,0.011198706924915314,0.022242827340960503,0.0063553461804986,0.0,0.18429742753505707,3.67746639251709,-6.35493278503418,0.057121988385915756,0.09434652328491211,,,,35499,0.21944431960582733,1.0
3.9646475315093994,592,,,0.011882811784744263,0.019520875066518784,0.0007745075272396207,0.0,0.17027129232883453,3.9646475315093994,-6.929295063018799,0.06914766132831573,0.0806114673614502,,,,35549,0.20050102472305298,1.0
3.787480592727661,593,,,0.011023115366697311,0.02361486479640007,0.024050019681453705,0.0,0.18256179988384247,3.787480592727661,-6.574962615966797,0.07582511752843857,0.11672943830490112,,,,35599,0.22442841529846191,1.0
3.574122905731201,594,,,0.0130770830437541,0.024337489157915115,0.002876011189073324,0.0,0.1849019080400467,3.574122905731201,-6.148244380950928,0.0965181216597557,0.12459051609039307,,,,35649,0.2286171019077301,1.0
3.633463144302368,594,,,0.010882893577218056,0.02237432822585106,0.0018936124397441745,0.0,0.19643178582191467,3.633463144302368,-6.266926288604736,0.09018866717815399,0.12522482872009277,,,,35699,0.23924458026885986,1.0
3.6251139640808105,595,,,0.009957725182175636,0.02233044058084488,0.003261319827288389,0.0,0.1796010285615921,3.6251139640808105,-6.250228404998779,0.08521171659231186,0.10903960466384888,,,,35749,0.21835662424564362,1.0
3.934260129928589,596,,,0.01559229101985693,0.025578245520591736,0.0022765754256397486,0.0,0.1692570447921753,3.934260129928589,-6.868520736694336,0.07292201370000839,0.1026497483253479,,,,35799,0.2081553339958191,1.0
3.7199583053588867,597,,,0.014555657282471657,0.023444807156920433,0.0073271761648356915,0.0,0.20406191051006317,3.7199583053588867,-6.439915657043457,0.08935552835464478,0.11268216371536255,,,,35849,0.24450191855430603,1.0
3.9124648571014404,598,,,0.01066483836621046,0.023792143911123276,0.002895103767514229,0.0,0.17319433391094208,3.9124648571014404,-6.824931621551514,0.1419738233089447,0.1481086015701294,,,,35899,0.22245655953884125,1.0
3.843982219696045,599,,,0.0125161437317729,0.021820899099111557,0.014590272679924965,0.0,0.19112959504127502,3.843982219696045,-6.687963485717773,0.09583695232868195,0.11600780487060547,,,,35949,0.23171965777873993,1.0
3.6342194080352783,599,,,0.012923209927976131,0.022840719670057297,0.002600247971713543,0.0,0.18544363975524902,3.6342194080352783,-6.268439769744873,0.08799543976783752,0.10051214694976807,,,,35999,0.222380131483078,1.0
,599,79.71734619140625,72000.0,,,,,,,,,,24.670635223388672,,0.8859778642654419,35999,,
3.9006261825561523,600,,,0.007537859957665205,0.015004991553723812,0.0006175375310704112,0.0,0.17266668379306793,3.9006261825561523,-6.801253318786621,0.06166014075279236,0.07573652267456055,,,,36049,0.19930718839168549,1.0
3.7281479835510254,601,,,0.01073446124792099,0.02133481204509735,0.0022751830983906984,0.0,0.1842065304517746,3.7281479835510254,-6.456296443939209,0.08895165473222733,0.10570305585861206,,,,36099,0.2216249406337738,1.0
3.921199083328247,602,,,0.01326095499098301,0.026241283863782883,0.003903421573340893,0.0,0.20991598069667816,3.921199083328247,-6.8423991203308105,0.10442732274532318,0.13651901483535767,,,,36149,0.2575954794883728,1.0
3.9786436557769775,603,,,0.00934610515832901,0.018349317833781242,0.001011186745017767,0.0,0.16490741074085236,3.9786436557769775,-6.957287311553955,0.07175977528095245,0.07036745548248291,,,,36199,0.19193287193775177,1.0
3.7022817134857178,604,,,0.007977094501256943,0.020300433039665222,0.01266667153686285,0.0,0.17238472402095795,3.7022817134857178,-6.404563903808594,0.07872292399406433,0.11282855272293091,,,,36249,0.2112581729888916,1.0
3.7059500217437744,604,,,0.011264456436038017,0.025754380971193314,0.0014868717407807708,0.0,0.17398840188980103,3.7059500217437744,-6.411900997161865,0.09006698429584503,0.13355857133865356,,,,36299,0.2205740213394165,1.0
3.575814723968506,605,,,0.008833462372422218,0.02064974419772625,0.00148965569678694,0.0,0.15944869816303253,3.575814723968506,-6.15162992477417,0.07915139198303223,0.10497713088989258,,,,36349,0.19627593457698822,1.0
3.66762375831604,606,,,0.012841536663472652,0.024088991805911064,0.0073741464875638485,0.0,0.17381161451339722,3.66762375831604,-6.3352484703063965,0.10103829950094223,0.11890041828155518,,,,36399,0.21608661115169525,1.0
3.841850757598877,607,,,0.014006508514285088,0.023176511749625206,0.002730675507336855,0.0,0.18083444237709045,3.841850757598877,-6.683703422546387,0.07372865080833435,0.10223609209060669,,,,36449,0.21840015053749084,1.0
3.7787725925445557,608,,,0.012702876701951027,0.02009556256234646,0.0009034690447151661,0.0,0.16652803122997284,3.7787725925445557,-6.5575456619262695,0.07660380005836487,0.08366352319717407,,,,36499,0.19783185422420502,1.0
3.7269158363342285,609,,,0.011654628440737724,0.02681810036301613,0.005908580496907234,0.0,0.18156826496124268,3.7269158363342285,-6.453832149505615,0.12081043422222137,0.14534544944763184,,,,36549,0.23175275325775146,1.0
3.8411576747894287,609,,,0.010059624910354614,0.018972575664520264,0.0026451894082129,0.0,0.17270678281784058,3.8411576747894287,-6.682316780090332,0.05444909259676933,0.08084112405776978,,,,36599,0.20272096991539001,1.0
,609,80.03351593017578,73200.0,,,,,,,,,,24.658639907836914,,0.8860752582550049,36599,,
3.8571712970733643,610,,,0.013058027252554893,0.023752015084028244,0.0015779014211148024,0.0,0.19483140110969543,3.8571712970733643,-6.714341640472412,0.08958721160888672,0.11391395330429077,,,,36649,0.23555180430412292,1.0
3.848276376724243,611,,,0.012749052606523037,0.02717936597764492,0.010558366775512695,0.0,0.202677384018898,3.848276376724243,-6.696552753448486,0.1338721513748169,0.13327467441558838,,,,36699,0.25016841292381287,1.0
3.814110040664673,612,,,0.008149470202624798,0.01712547242641449,0.0010597623186185956,0.0,0.15879563987255096,3.814110040664673,-6.62821626663208,0.07666262984275818,0.09295403957366943,,,,36749,0.1908271163702011,1.0
3.650402545928955,613,,,0.010582911781966686,0.021968290209770203,0.0026321271434426308,0.0,0.16199156641960144,3.650402545928955,-6.300806999206543,0.07944013178348541,0.12534189224243164,,,,36799,0.20464156568050385,1.0
4.069835662841797,614,,,0.008491737768054008,0.015451960265636444,0.0011927103623747826,0.0,0.1585606038570404,4.069835662841797,-7.13967227935791,0.047124553471803665,0.063304603099823,,,,36849,0.18235483765602112,1.0
3.8177859783172607,614,,,0.012595626525580883,0.02168329805135727,0.004555932246148586,0.0,0.16824254393577576,3.8177859783172607,-6.6355719566345215,0.07500746846199036,0.08784639835357666,,,,36899,0.20147457718849182,1.0
3.944676637649536,615,,,0.008594667539000511,0.016382494941353798,0.0007582553662359715,0.0,0.18844357132911682,3.944676637649536,-6.889353275299072,0.06944115459918976,0.07429200410842896,,,,36949,0.21544164419174194,1.0
3.6793203353881836,616,,,0.008325928822159767,0.016543136909604073,0.00750510161742568,0.0,0.18510597944259644,3.6793203353881836,-6.358641147613525,0.07087381184101105,0.08290469646453857,,,,36999,0.21449950337409973,1.0
3.794851541519165,617,,,0.008187416009604931,0.017439713701605797,0.0012192984577268362,0.0,0.1747201681137085,3.794851541519165,-6.58970308303833,0.08214908838272095,0.09169250726699829,,,,37049,0.20659832656383514,1.0
3.8196656703948975,618,,,0.011231071315705776,0.02002006396651268,0.002657713834196329,0.0,0.18194547295570374,3.8196656703948975,-6.63932991027832,0.08437376469373703,0.08929479122161865,,,,37099,0.21462643146514893,1.0
3.828158378601074,619,,,0.008214080706238747,0.01965177059173584,0.0021838033571839333,0.0,0.1680472046136856,3.828158378601074,-6.65631628036499,0.06713112443685532,0.0802609920501709,,,,37149,0.19819828867912292,1.0
3.962986707687378,619,,,0.011472768150269985,0.018577460199594498,0.0012600200716406107,0.0,0.1890525370836258,3.962986707687378,-6.925974369049072,0.0944773480296135,0.08409702777862549,,,,37199,0.21968384087085724,1.0
,619,79.95651245117188,74400.0,,,,,,,,,,24.638296127319336,,0.8858937621116638,37199,,
3.67272686958313,620,,,0.011519325897097588,0.02011997252702713,0.0037996629253029823,0.0,0.18253421783447266,3.67272686958313,-6.34545373916626,0.07755160331726074,0.0968778133392334,,,,37249,0.21719662845134735,1.0
3.9189443588256836,621,,,0.0106341652572155,0.019206088036298752,0.0013952275039628148,0.0,0.1732242852449417,3.9189443588256836,-6.837887763977051,0.07387850433588028,0.09901225566864014,,,,37299,0.2078811228275299,1.0
3.8203117847442627,622,,,0.012657202780246735,0.020080355927348137,0.0013626269064843655,0.0,0.19924089312553406,3.8203117847442627,-6.640627384185791,0.07908788323402405,0.07529991865158081,,,,37349,0.2284565418958664,1.0
3.764664888381958,623,,,0.010877139866352081,0.021043002605438232,0.0027532908134162426,0.0,0.1940746158361435,3.764664888381958,-6.529330253601074,0.0807664692401886,0.09465408325195312,,,,37399,0.2286003977060318,1.0
3.715353012084961,624,,,0.007952198386192322,0.014920687302947044,0.0046285055577754974,0.0,0.17290449142456055,3.715353012084961,-6.430707931518555,0.06921782344579697,0.07196885347366333,,,,37449,0.19867156445980072,1.0
4.078505516052246,624,,,0.008775908499956131,0.017141450196504593,0.0007981862290762365,0.0,0.18154993653297424,4.078505516052246,-7.157011985778809,0.07884372770786285,0.08304035663604736,,,,37499,0.2111200988292694,1.0
3.899203300476074,625,,,0.01322726160287857,0.024191534146666527,0.0011524250730872154,0.0,0.18053145706653595,3.899203300476074,-6.798405170440674,0.10001671314239502,0.10431909561157227,,,,37549,0.21906650066375732,1.0
3.7074248790740967,626,,,0.011136714369058609,0.019649412482976913,0.002721045631915331,0.0,0.18195179104804993,3.7074248790740967,-6.414847373962402,0.07760106772184372,0.07901877164840698,,,,37599,0.21187762916088104,1.0
3.8636279106140137,627,,,0.008502595126628876,0.01882670819759369,0.002027309499680996,0.0,0.1982014924287796,3.8636279106140137,-6.727254867553711,0.07151937484741211,0.0945359468460083,,,,37649,0.23151208460330963,1.0
3.794776201248169,628,,,0.008200868964195251,0.020080657675862312,0.001902539050206542,0.0,0.17202477157115936,3.794776201248169,-6.589552879333496,0.0840476006269455,0.10776638984680176,,,,37699,0.2092592865228653,1.0
4.024500370025635,629,,,0.008352361619472504,0.01894351840019226,0.0012895285617560148,0.0,0.1865808516740799,4.024500370025635,-7.048999786376953,0.055623240768909454,0.08483612537384033,,,,37749,0.2175026834011078,1.0
3.800006628036499,629,,,0.010981125757098198,0.019150972366333008,0.0012194891460239887,0.0,0.16601726412773132,3.800006628036499,-6.600015163421631,0.06521521508693695,0.07527220249176025,,,,37799,0.19471581280231476,1.0
,629,80.27925109863281,75600.0,,,,,,,,,,24.61872100830078,,0.8860526084899902,37799,,
3.663055658340454,630,,,0.013301746919751167,0.020423490554094315,0.002834967104718089,0.0,0.1676066368818283,3.663055658340454,-6.326111316680908,0.061155859380960464,0.07581871747970581,,,,37849,0.1971764862537384,1.0
3.77183198928833,631,,,0.01155579648911953,0.02270655333995819,0.0013150310842320323,0.0,0.19270749390125275,3.77183198928833,-6.543661117553711,0.07805124670267105,0.11120271682739258,,,,37899,0.23218321800231934,1.0
3.8699049949645996,632,,,0.009298994205892086,0.019168969243764877,0.0010762064484879375,0.0,0.1774260401725769,3.8699049949645996,-6.73980712890625,0.07836988568305969,0.09233039617538452,,,,37949,0.21035251021385193,1.0
3.7056522369384766,633,,,0.009611709043383598,0.021463733166456223,0.0021206275559961796,0.0,0.18010713160037994,3.7056522369384766,-6.411301136016846,0.07215721905231476,0.10614168643951416,,,,37999,0.21766772866249084,1.0
3.81288480758667,634,,,0.008465460501611233,0.0188266821205616,0.0009908655192703009,0.0,0.18282833695411682,3.81288480758667,-6.62576961517334,0.06833454966545105,0.09268319606781006,,,,38049,0.21564888954162598,1.0
3.796849489212036,634,,,0.006281611975282431,0.0134163498878479,0.0009738721419125795,0.0,0.15899257361888885,3.796849489212036,-6.593696117401123,0.06210529804229736,0.061959028244018555,,,,38099,0.18137189745903015,1.0
3.9995739459991455,635,,,0.010767905041575432,0.019183944910764694,0.0013936804607510567,0.0,0.16903285682201385,3.9995739459991455,-6.999146938323975,0.06228041648864746,0.0796351432800293,,,,38149,0.19883765280246735,1.0
3.7228758335113525,636,,,0.008334076963365078,0.018906772136688232,0.0013499753549695015,0.0,0.1780586838722229,3.7228758335113525,-6.445751190185547,0.10007806867361069,0.10247230529785156,,,,38199,0.21337224543094635,1.0
3.8561322689056396,637,,,0.012234624475240707,0.025046873837709427,0.0022657341323792934,0.0,0.18889851868152618,3.8561322689056396,-6.712265968322754,0.07497081160545349,0.11030697822570801,,,,38249,0.22936120629310608,1.0
3.8837621212005615,638,,,0.012233128771185875,0.021432211622595787,0.002786431461572647,0.0,0.18699151277542114,3.8837621212005615,-6.767524242401123,0.10430371761322021,0.0985298752784729,,,,38299,0.2227155715227127,1.0
3.662720203399658,639,,,0.009367125108838081,0.01826970838010311,0.014892017468810081,0.0,0.17766793072223663,3.662720203399658,-6.325440883636475,0.09159472584724426,0.11727643013000488,,,,38349,0.21672837436199188,1.0
3.8162832260131836,639,,,0.012037965469062328,0.02073674276471138,0.002010419499129057,0.0,0.18865782022476196,3.8162832260131836,-6.632567882537842,0.0581030547618866,0.08240419626235962,,,,38399,0.2199784517288208,1.0
,639,79.94175720214844,76800.0,,,,,,,,,,24.631338119506836,,0.8860824704170227,38399,,
3.8257124423980713,640,,,0.008989093825221062,0.021632729098200798,0.0016892317216843367,0.0,0.17766575515270233,3.8257124423980713,-6.651424884796143,0.07586025446653366,0.09930354356765747,,,,38449,0.21357496082782745,1.0
3.96047043800354,641,,,0.01173124648630619,0.02097153291106224,0.0013289842754602432,0.0,0.1703328788280487,3.96047043800354,-6.920938968658447,0.07875697314739227,0.08341020345687866,,,,38499,0.20199769735336304,1.0
3.847310781478882,642,,,0.010392001830041409,0.0185193233191967,0.0032171711791306734,0.0,0.1735628843307495,3.847310781478882,-6.694621562957764,0.06470304727554321,0.08782351016998291,,,,38549,0.20511865615844727,1.0
3.944610834121704,643,,,0.008412349969148636,0.015847375616431236,0.0009057992720045149,0.0,0.1652940958738327,3.944610834121704,-6.88922119140625,0.06058283895254135,0.06305241584777832,,,,38599,0.1892138421535492,1.0
3.7108025550842285,644,,,0.01097928173840046,0.021155064925551414,0.0015045207692310214,0.0,0.18071380257606506,3.7108025550842285,-6.421604633331299,0.07827115058898926,0.09563565254211426,,,,38649,0.21551235020160675,1.0
3.7853305339813232,644,,,0.015624359250068665,0.022936400026082993,0.0034189093858003616,0.0,0.19949929416179657,3.7853305339813232,-6.57066011428833,0.08143529295921326,0.09044057130813599,,,,38699,0.23405371606349945,1.0
3.7999441623687744,645,,,0.011976214125752449,0.01871604658663273,0.0013965804828330874,0.0,0.163606196641922,3.7999441623687744,-6.599889278411865,0.06783401221036911,0.07277584075927734,,,,38749,0.19149249792099,1.0
3.726081609725952,646,,,0.010725319385528564,0.02082243002951145,0.0018646863754838705,0.0,0.16859681904315948,3.726081609725952,-6.452162742614746,0.06807611137628555,0.07923752069473267,,,,38799,0.19913215935230255,1.0
3.632113456726074,647,,,0.008986284956336021,0.016882874071598053,0.0015363874845206738,0.0,0.17485311627388,3.632113456726074,-6.2642292976379395,0.07222874462604523,0.09154140949249268,,,,38849,0.20644298195838928,1.0
3.9592041969299316,648,,,0.010737895965576172,0.017818573862314224,0.0006789913168177009,0.0,0.18526329100131989,3.9592041969299316,-6.91840934753418,0.07547809183597565,0.08131617307662964,,,,38899,0.21478703618049622,1.0
3.8957855701446533,649,,,0.008095040917396545,0.01772739365696907,0.0012882964219897985,0.0,0.18549926578998566,3.8957855701446533,-6.791569232940674,0.06445998698472977,0.0828242301940918,,,,38949,0.21530359983444214,1.0
3.935922384262085,649,,,0.008666166104376316,0.0179660115391016,0.0009240547078661621,0.0,0.17137183248996735,3.935922384262085,-6.871845245361328,0.0734463781118393,0.094970703125,,,,38999,0.20433726906776428,1.0
,649,80.07763671875,78000.0,,,,,,,,,,24.613862991333008,,0.8862273097038269,38999,,
3.7863152027130127,650,,,0.011869370006024837,0.02270086668431759,0.003932397346943617,0.0,0.18061400949954987,3.7863152027130127,-6.572631359100342,0.07701140642166138,0.10454368591308594,,,,39049,0.2184954136610031,1.0
3.730271339416504,651,,,0.012444106861948967,0.018583206459879875,0.0009531281539238989,0.0,0.16163896024227142,3.730271339416504,-6.46054220199585,0.08838404715061188,0.077353835105896,,,,39099,0.19060395658016205,1.0
3.624046564102173,652,,,0.00888031255453825,0.017521031200885773,0.0015980552416294813,0.0,0.1687982976436615,3.624046564102173,-6.248095989227295,0.09394010901451111,0.09993571043014526,,,,39149,0.20280469954013824,1.0
3.978607654571533,653,,,0.012405401095747948,0.022881638258695602,0.0024862471036612988,0.0,0.18581312894821167,3.978607654571533,-6.957214832305908,0.09321107715368271,0.10740482807159424,,,,39199,0.22447744011878967,1.0
3.7954649925231934,654,,,0.008200172334909439,0.016176503151655197,0.007618429604917765,0.0,0.17192329466342926,3.7954649925231934,-6.590929985046387,0.07216337323188782,0.0854259729385376,,,,39249,0.20176351070404053,1.0
3.717707872390747,654,,,0.008034895174205303,0.017472894862294197,0.005282650236040354,0.0,0.16858047246932983,3.717707872390747,-6.435414791107178,0.06512340158224106,0.08974981307983398,,,,39299,0.200087308883667,1.0
3.739086389541626,655,,,0.011553369462490082,0.02265015058219433,0.0025161965750157833,0.0,0.17963923513889313,3.739086389541626,-6.4781694412231445,0.09079570323228836,0.1095355749130249,,,,39349,0.21869994699954987,1.0
3.702385187149048,656,,,0.009886334650218487,0.0219156201928854,0.002894509118050337,0.0,0.18772849440574646,3.702385187149048,-6.4047698974609375,0.0756869912147522,0.10437154769897461,,,,39399,0.22509871423244476,1.0
3.9304511547088623,657,,,0.009325595572590828,0.020920857787132263,0.0015793630154803395,0.0,0.1561751365661621,3.9304511547088623,-6.860901832580566,0.05999601632356644,0.07523500919342041,,,,39449,0.18571694195270538,1.0
3.7894198894500732,658,,,0.009467821568250656,0.02046576887369156,0.0018531900132074952,0.0,0.17281466722488403,3.7894198894500732,-6.57883882522583,0.07195596396923065,0.09536135196685791,,,,39499,0.20717091858386993,1.0
3.627401828765869,659,,,0.01147075928747654,0.01946472004055977,0.009506391361355782,0.0,0.19729755818843842,3.627401828765869,-6.254807949066162,0.0761537253856659,0.09937304258346558,,,,39549,0.23239760100841522,1.0
3.7625672817230225,659,,,0.010388556867837906,0.026587609201669693,0.001486235298216343,0.0,0.1694779247045517,3.7625672817230225,-6.525134563446045,0.09637272357940674,0.1330779790878296,,,,39599,0.21633809804916382,1.0
,659,80.09215545654297,79200.0,,,,,,,,,,24.638212203979492,,0.886353075504303,39599,,
3.8276987075805664,660,,,0.014221708290278912,0.025876790285110474,0.002693754155188799,0.0,0.1818978488445282,3.8276987075805664,-6.655395030975342,0.08981052041053772,0.12272387742996216,,,,39649,0.22594009339809418,1.0
3.970630407333374,661,,,0.014003733173012733,0.024866504594683647,0.0038344948552548885,0.0,0.17135797441005707,3.970630407333374,-6.941259860992432,0.07892929762601852,0.10742038488388062,,,,39699,0.2110922783613205,1.0
3.7037453651428223,662,,,0.009534421376883984,0.0175070371478796,0.002795716281980276,0.0,0.18567368388175964,3.7037453651428223,-6.4074907302856445,0.07349632680416107,0.09288746118545532,,,,39749,0.21795731782913208,1.0
3.815134048461914,663,,,0.013470577076077461,0.02699575386941433,0.0029459893703460693,0.0,0.18599511682987213,3.815134048461914,-6.630268096923828,0.08091611415147781,0.11760377883911133,,,,39799,0.22930435836315155,1.0
3.9049041271209717,664,,,0.008084623143076897,0.015307503752410412,0.001198558951728046,0.0,0.16943137347698212,3.9049041271209717,-6.809805870056152,0.06187819316983223,0.06532824039459229,,,,39849,0.1936492621898651,1.0
3.788280487060547,664,,,0.009406492114067078,0.018498091027140617,0.0036391124594956636,0.0,0.18865105509757996,3.788280487060547,-6.5765581130981445,0.07878497242927551,0.09308010339736938,,,,39899,0.22149626910686493,1.0
3.6939826011657715,665,,,0.00957893580198288,0.02334713563323021,0.008111028000712395,0.0,0.17440351843833923,3.6939826011657715,-6.387965202331543,0.08456797897815704,0.10913956165313721,,,,39949,0.213804230093956,1.0
3.7686681747436523,666,,,0.008156992495059967,0.01530044712126255,0.0010765123879536986,0.0,0.17910823225975037,3.7686681747436523,-6.537333965301514,0.0632183849811554,0.0683664083480835,,,,39999,0.20408089458942413,1.0
4.016078948974609,667,,,0.010293322615325451,0.024118861183524132,0.004926641937345266,0.0,0.1756414771080017,4.016078948974609,-7.032158374786377,0.1189756765961647,0.14417409896850586,,,,40049,0.224124938249588,1.0
3.7358062267303467,668,,,0.011903445236384869,0.0205009076744318,0.0009954060660675168,0.0,0.1923925280570984,3.7358062267303467,-6.471611976623535,0.0668845847249031,0.09049224853515625,,,,40099,0.22558851540088654,1.0
3.8568594455718994,669,,,0.010046341456472874,0.02526688203215599,0.004596006125211716,0.0,0.19161707162857056,3.8568594455718994,-6.713717460632324,0.07423396408557892,0.12891364097595215,,,,40149,0.2368449866771698,1.0
3.636801242828369,669,,,0.008316075429320335,0.019826658070087433,0.0015885906759649515,0.0,0.17601557075977325,3.636801242828369,-6.2736029624938965,0.07424668222665787,0.10319322347640991,,,,40199,0.2119748294353485,1.0
,669,80.26275634765625,80400.0,,,,,,,,,,24.632572174072266,,0.8861870765686035,40199,,
3.730003595352173,670,,,0.01081489771604538,0.022402074187994003,0.0020102832932025194,0.0,0.184884712100029,3.730003595352173,-6.460007190704346,0.08913207054138184,0.10943812131881714,,,,40249,0.22376590967178345,1.0
3.7685389518737793,671,,,0.008972929790616035,0.02168603241443634,0.001962036360055208,0.0,0.15437954664230347,3.7685389518737793,-6.537077903747559,0.07496258616447449,0.1133001446723938,,,,40299,0.19382096827030182,1.0
3.6505415439605713,672,,,0.012307374738156796,0.030358074232935905,0.0044629257172346115,0.0,0.17918524146080017,3.6505415439605713,-6.301083087921143,0.09576032310724258,0.1421504020690918,,,,40349,0.23032113909721375,1.0
3.74652361869812,673,,,0.008655308745801449,0.016701599583029747,0.0013668658211827278,0.0,0.1815960556268692,3.74652361869812,-6.493048667907715,0.06367294490337372,0.07296246290206909,,,,40399,0.20843802392482758,1.0
3.7417352199554443,674,,,0.008481929078698158,0.015949711203575134,0.0010987776331603527,0.0,0.16195139288902283,3.7417352199554443,-6.483470916748047,0.06559678912162781,0.07590937614440918,,,,40449,0.189143106341362,1.0
3.74899959564209,674,,,0.009932301938533783,0.021739348769187927,0.0012715300545096397,0.0,0.17083626985549927,3.74899959564209,-6.4979987144470215,0.09023064374923706,0.11240804195404053,,,,40499,0.21008804440498352,1.0
3.6240642070770264,675,,,0.008704863488674164,0.019939646124839783,0.0025508340913802385,0.0,0.17621366679668427,3.6240642070770264,-6.2481279373168945,0.08547922968864441,0.10017800331115723,,,,40549,0.21150937676429749,1.0
3.831371307373047,676,,,0.009021088480949402,0.01742229238152504,0.0007822770858183503,0.0,0.17968890070915222,3.831371307373047,-6.662743091583252,0.07316423207521439,0.07654434442520142,,,,40599,0.20778122544288635,1.0
3.8247392177581787,677,,,0.010217150673270226,0.020076725631952286,0.001483817701227963,0.0,0.1686341017484665,3.8247392177581787,-6.649478912353516,0.06717163324356079,0.08045423030853271,,,,40649,0.1990785449743271,1.0
3.7866525650024414,678,,,0.009900588542222977,0.022188149392604828,0.003584730438888073,0.0,0.17241442203521729,3.7866525650024414,-6.573304653167725,0.10291875898838043,0.10832613706588745,,,,40699,0.21092715859413147,1.0
3.544020652770996,679,,,0.007338569965213537,0.015283050015568733,0.0017278942978009582,0.0,0.167450413107872,3.544020652770996,-6.088040828704834,0.061307139694690704,0.07247495651245117,,,,40749,0.1934373378753662,1.0
3.7969207763671875,679,,,0.011165480129420757,0.02294369600713253,0.007817459292709827,0.0,0.1883365362882614,3.7969207763671875,-6.593842029571533,0.06801888346672058,0.09942793846130371,,,,40799,0.22513994574546814,1.0
,679,79.75151062011719,81600.0,,,,,,,,,,24.618492126464844,,0.8861792683601379,40799,,
3.9505345821380615,680,,,0.009404539130628109,0.018522072583436966,0.0010505903046578169,0.0,0.17291395366191864,3.9505345821380615,-6.901069164276123,0.08278131484985352,0.08678793907165527,,,,40849,0.20413336157798767,1.0
3.87894606590271,681,,,0.012512117624282837,0.02407565340399742,0.0014879164518788457,0.0,0.16677658259868622,3.87894606590271,-6.757891654968262,0.08194959163665771,0.1013149619102478,,,,40899,0.20449315011501312,1.0
3.7159805297851562,682,,,0.00931612215936184,0.020243633538484573,0.017028985545039177,0.0,0.18100512027740479,3.7159805297851562,-6.4319610595703125,0.06670451164245605,0.09361547231674194,,,,40949,0.21518942713737488,1.0
3.828329086303711,683,,,0.012211974710226059,0.025802724063396454,0.0033461134880781174,0.0,0.18027615547180176,3.828329086303711,-6.6566596031188965,0.0814468264579773,0.10280567407608032,,,,40999,0.21926788985729218,1.0
3.796766519546509,684,,,0.008547911420464516,0.020143724977970123,0.001373484032228589,0.0,0.16671742498874664,3.796766519546509,-6.593533515930176,0.07966230809688568,0.091957688331604,,,,41049,0.2000267505645752,1.0
3.9267578125,684,,,0.00915985181927681,0.0164368636906147,0.0007943838136270642,0.0,0.17837034165859222,3.9267578125,-6.853514671325684,0.06723403185606003,0.07018393278121948,,,,41099,0.20438361167907715,1.0
3.8814539909362793,685,,,0.010290101170539856,0.023053904995322227,0.0009560220642015338,0.0,0.18833619356155396,3.8814539909362793,-6.762907981872559,0.13378825783729553,0.1476914882659912,,,,41149,0.23706717789173126,1.0
3.950840950012207,686,,,0.012831243686378002,0.021388929337263107,0.0013030150439590216,0.0,0.18500274419784546,3.950840950012207,-6.901681900024414,0.07983918488025665,0.08914166688919067,,,,41199,0.21833598613739014,1.0
3.697946310043335,687,,,0.009432937018573284,0.01785465143620968,0.0020831753499805927,0.0,0.17943349480628967,3.697946310043335,-6.39589262008667,0.06878431141376495,0.08362972736358643,,,,41249,0.20955616235733032,1.0
3.815988063812256,688,,,0.010723447427153587,0.023974254727363586,0.0018693479942157865,0.0,0.1778409332036972,3.815988063812256,-6.631975173950195,0.07292955368757248,0.11190074682235718,,,,41299,0.2181180715560913,1.0
3.900033712387085,689,,,0.00905677117407322,0.01802329532802105,0.0013873788993805647,0.0,0.16807959973812103,3.900033712387085,-6.80006742477417,0.07086749374866486,0.08275997638702393,,,,41349,0.1980423480272293,1.0
3.6056933403015137,689,,,0.011375576257705688,0.021680302917957306,0.009773258119821548,0.0,0.18223994970321655,3.6056933403015137,-6.211388111114502,0.09529432654380798,0.13357961177825928,,,,41399,0.22700372338294983,1.0
,689,79.72941589355469,82800.0,,,,,,,,,,24.59850311279297,,0.8862134218215942,41399,,
3.825103759765625,690,,,0.010007905773818493,0.018858857452869415,0.002134032780304551,0.0,0.17697544395923615,3.825103759765625,-6.650207996368408,0.05372433736920357,0.07731103897094727,,,,41449,0.20603618025779724,1.0
3.7301833629608154,691,,,0.010177052579820156,0.026001229882240295,0.008243413642048836,0.0,0.1939195841550827,3.7301833629608154,-6.4603657722473145,0.0796448141336441,0.13241779804229736,,,,41499,0.24048516154289246,1.0
3.8493306636810303,692,,,0.006586175411939621,0.01831246167421341,0.00235173711553216,0.0,0.1743096113204956,3.8493306636810303,-6.698662281036377,0.05932871997356415,0.08656889200210571,,,,41549,0.20533150434494019,1.0
3.8098931312561035,693,,,0.01306626945734024,0.025904256850481033,0.0022134422324597836,0.0,0.20975163578987122,3.8098931312561035,-6.619786262512207,0.07911284267902374,0.12801724672317505,,,,41599,0.25509005784988403,1.0
3.760382652282715,694,,,0.010866230353713036,0.02124634012579918,0.012272004038095474,0.0,0.19058670103549957,3.760382652282715,-6.52076530456543,0.07153358310461044,0.09922617673873901,,,,41649,0.22659486532211304,1.0
3.71553373336792,694,,,0.010399913415312767,0.0242607519030571,0.002279319567605853,0.0,0.20701149106025696,3.71553373336792,-6.431067943572998,0.10749931633472443,0.12825822830200195,,,,41699,0.2515234053134918,1.0
3.590798854827881,695,,,0.008753562346100807,0.020028341561555862,0.0018047273624688387,0.0,0.16461601853370667,3.590798854827881,-6.181598663330078,0.07421621680259705,0.09598827362060547,,,,41749,0.19889120757579803,1.0
3.7877464294433594,696,,,0.011771084740757942,0.020805329084396362,0.0016394739504903555,0.0,0.1876070648431778,3.7877464294433594,-6.575491905212402,0.08267049491405487,0.08814060688018799,,,,41799,0.22038014233112335,1.0
3.8087639808654785,697,,,0.01014623697847128,0.02132214605808258,0.0030781738460063934,0.0,0.17812177538871765,3.8087639808654785,-6.6175312995910645,0.07120710611343384,0.10153317451477051,,,,41849,0.21449674665927887,1.0
3.7397804260253906,698,,,0.01308172196149826,0.021975383162498474,0.001502437051385641,0.0,0.17404037714004517,3.7397804260253906,-6.4795660972595215,0.07718977332115173,0.08974629640579224,,,,41899,0.20782925188541412,1.0
3.882924795150757,699,,,0.008595665916800499,0.017041850835084915,0.0014288884121924639,0.0,0.18875890970230103,3.882924795150757,-6.765852928161621,0.06960472464561462,0.08665955066680908,,,,41949,0.21919533610343933,1.0
3.8263423442840576,699,,,0.00840415246784687,0.018232477828860283,0.001570981228724122,0.0,0.19905531406402588,3.8263423442840576,-6.6526875495910645,0.09059344232082367,0.11602783203125,,,,41999,0.23742789030075073,1.0
,699,79.53946685791016,84000.0,,,,,,,,,,24.579853057861328,,0.8862231373786926,41999,,
3.978902578353882,700,,,0.008362175896763802,0.01809624582529068,0.0020660660229623318,0.0,0.17826935648918152,3.978902578353882,-6.957808494567871,0.07557432353496552,0.08872967958450317,,,,42049,0.2097606062889099,1.0
3.688444137573242,701,,,0.013508069328963757,0.021661043167114258,0.008375189267098904,0.0,0.18235236406326294,3.688444137573242,-6.376885890960693,0.09491584450006485,0.11329138278961182,,,,42099,0.22205281257629395,1.0
3.659325122833252,702,,,0.011615796014666557,0.028929417952895164,0.0076804738491773605,0.0,0.16342328488826752,3.659325122833252,-6.3186492919921875,0.10000716149806976,0.14134597778320312,,,,42149,0.21370689570903778,1.0
3.780038356781006,703,,,0.018539253622293472,0.026453327387571335,0.0026178923435509205,0.0,0.18188047409057617,3.780038356781006,-6.560081481933594,0.07679443061351776,0.08910518884658813,,,,42199,0.21791236102581024,1.0
3.8556907176971436,704,,,0.011163584887981415,0.019853811711072922,0.0019586789421737194,0.0,0.18481487035751343,3.8556907176971436,-6.7113823890686035,0.10473106801509857,0.10094630718231201,,,,42249,0.2203064113855362,1.0
3.9453072547912598,704,,,0.010145561769604683,0.02423666976392269,0.0015419902047142386,0.0,0.17871268093585968,3.9453072547912598,-6.890617370605469,0.0783720463514328,0.13711291551589966,,,,42299,0.22540143132209778,1.0
3.9780240058898926,705,,,0.007382126525044441,0.018836773931980133,0.0007282604929059744,0.0,0.1559029370546341,3.9780240058898926,-6.956046104431152,0.06233847886323929,0.08223927021026611,,,,42349,0.18608389794826508,1.0
3.9101219177246094,706,,,0.009969986043870449,0.017047710716724396,0.000742842850740999,0.0,0.16110171377658844,3.9101219177246094,-6.820242881774902,0.06653590500354767,0.07667553424835205,,,,42399,0.18906226754188538,1.0
3.7685086727142334,707,,,0.010178426280617714,0.020254861563444138,0.002466347301378846,0.0,0.17287816107273102,3.7685086727142334,-6.537017345428467,0.07761573791503906,0.09523665904998779,,,,42449,0.20713087916374207,1.0
3.8869776725769043,708,,,0.0112421540543437,0.022638624534010887,0.0018011564388871193,0.0,0.182421013712883,3.8869776725769043,-6.773956298828125,0.06940104067325592,0.09361857175827026,,,,42499,0.21747104823589325,1.0
3.7886006832122803,709,,,0.009764721617102623,0.019079269841313362,0.01260388270020485,0.0,0.17669786512851715,3.7886006832122803,-6.577202320098877,0.09548792988061905,0.10977232456207275,,,,42549,0.21423979103565216,1.0
3.594965934753418,709,,,0.010956872254610062,0.02189241349697113,0.006034332327544689,0.0,0.1905054897069931,3.594965934753418,-6.189932823181152,0.10026078671216965,0.12627393007278442,,,,42599,0.2334449589252472,1.0
,709,79.60636138916016,85200.0,,,,,,,,,,24.59272003173828,,0.8862585425376892,42599,,
3.8252882957458496,710,,,0.010461698286235332,0.020199283957481384,0.0009907118510454893,0.0,0.18777784705162048,3.8252882957458496,-6.650577545166016,0.10628899931907654,0.12695544958114624,,,,42649,0.22990265488624573,1.0
3.7002220153808594,711,,,0.009462771937251091,0.02740320935845375,0.011433767154812813,0.0,0.1917991042137146,3.7002220153808594,-6.400445461273193,0.11390513181686401,0.15318208932876587,,,,42699,0.2443186491727829,1.0
3.8508269786834717,712,,,0.009593463502824306,0.023296397179365158,0.001668823417276144,0.0,0.1791248470544815,3.8508269786834717,-6.701650619506836,0.07252107560634613,0.11356592178344727,,,,42749,0.2194460928440094,1.0
4.0743231773376465,713,,,0.008018497377634048,0.014534859918057919,0.0005338750197552145,0.0,0.16578057408332825,4.0743231773376465,-7.148647308349609,0.0632517859339714,0.06134682893753052,,,,42799,0.18859851360321045,1.0
3.585484743118286,714,,,0.010160000994801521,0.021107440814375877,0.003251246642321348,0.0,0.16807779669761658,3.585484743118286,-6.170969486236572,0.0890674889087677,0.1111607551574707,,,,42849,0.20675699412822723,1.0
3.8110249042510986,714,,,0.008486580103635788,0.018817557021975517,0.004704284947365522,0.0,0.17109891772270203,3.8110249042510986,-6.6220502853393555,0.06291556358337402,0.08350098133087158,,,,42899,0.2017127126455307,1.0
3.8009684085845947,715,,,0.010211754590272903,0.020752225071191788,0.0014227344654500484,0.0,0.15667881071567535,3.8009684085845947,-6.601938247680664,0.05921135097742081,0.09483325481414795,,,,42949,0.191054105758667,1.0
4.074153900146484,716,,,0.00939924456179142,0.017467975616455078,0.0009343114215880632,0.0,0.17154653370380402,4.074153900146484,-7.148311138153076,0.06207510456442833,0.06700801849365234,,,,42999,0.19729086756706238,1.0
3.959428310394287,717,,,0.009041561745107174,0.016676563769578934,0.0009152964921668172,0.0,0.17469191551208496,3.959428310394287,-6.9188551902771,0.05893455445766449,0.0683434009552002,,,,43049,0.20036497712135315,1.0
3.7821149826049805,718,,,0.0075490823946893215,0.013750951737165451,0.0013642827980220318,0.0,0.16474807262420654,3.7821149826049805,-6.564231872558594,0.0581350140273571,0.061431825160980225,,,,43099,0.18720433115959167,1.0
3.7623023986816406,719,,,0.009414131753146648,0.023092642426490784,0.0025674020871520042,0.0,0.15918858349323273,3.7623023986816406,-6.5246052742004395,0.09221404790878296,0.12314295768737793,,,,43149,0.20182017982006073,1.0
4.096534252166748,719,,,0.012679893523454666,0.025002889335155487,0.0022796625271439552,0.0,0.1736832708120346,4.096534252166748,-7.193069934844971,0.09276218712329865,0.10905081033706665,,,,43199,0.2138214111328125,1.0
,719,79.52533721923828,86400.0,,,,,,,,,,24.598426818847656,,0.8863155841827393,43199,,
3.6669483184814453,720,,,0.009050361812114716,0.02215953730046749,0.0010850351536646485,0.0,0.18358643352985382,3.6669483184814453,-6.333896636962891,0.0793161615729332,0.1223745346069336,,,,43249,0.22551321983337402,1.0
3.879488945007324,721,,,0.011092400178313255,0.022043367847800255,0.0012903050519526005,0.0,0.1730707436800003,3.879488945007324,-6.758978366851807,0.12437551468610764,0.14109957218170166,,,,43299,0.2196768820285797,1.0
3.6955466270446777,722,,,0.013476225547492504,0.023409903049468994,0.006057950668036938,0.0,0.18406975269317627,3.6955466270446777,-6.3910932540893555,0.15065249800682068,0.16019964218139648,,,,43349,0.23631297051906586,1.0
3.6836977005004883,723,,,0.011307759210467339,0.019259966909885406,0.0020815818570554256,0.0,0.18542510271072388,3.6836977005004883,-6.367393970489502,0.06222415715456009,0.08136606216430664,,,,43399,0.21573133766651154,1.0
3.912313461303711,724,,,0.007508087903261185,0.01824936643242836,0.0008560885326005518,0.0,0.16974836587905884,3.912313461303711,-6.824627876281738,0.069366455078125,0.09483295679092407,,,,43449,0.20279039442539215,1.0
3.8341684341430664,724,,,0.010447826236486435,0.02207615040242672,0.0019032243872061372,0.0,0.18490980565547943,3.8341684341430664,-6.668336868286133,0.057382941246032715,0.08868855237960815,,,,43499,0.21842879056930542,1.0
3.967953681945801,725,,,0.00858787726610899,0.017997048795223236,0.0012768690939992666,0.0,0.1814640909433365,3.967953681945801,-6.9359049797058105,0.06462942063808441,0.08639252185821533,,,,43549,0.21230736374855042,1.0
3.7069168090820312,726,,,0.009360584430396557,0.021148130297660828,0.0033278879709541798,0.0,0.1821640431880951,3.7069168090820312,-6.413836479187012,0.0776437371969223,0.10151159763336182,,,,43599,0.21843321621418,1.0
3.805649995803833,727,,,0.008653865195810795,0.016695037484169006,0.002059602178633213,0.0,0.18341660499572754,3.805649995803833,-6.611295700073242,0.0629081279039383,0.07072418928146362,,,,43649,0.20971301198005676,1.0
3.90159010887146,728,,,0.008602745831012726,0.020571477711200714,0.0017819579225033522,0.0,0.16967228055000305,3.90159010887146,-6.803175449371338,0.07563868910074234,0.0939321517944336,,,,43699,0.20370067656040192,1.0
3.6469666957855225,729,,,0.008324900642037392,0.017083944752812386,0.002399478107690811,0.0,0.15444934368133545,3.6469666957855225,-6.2939348220825195,0.07694830000400543,0.08246767520904541,,,,43749,0.18387633562088013,1.0
3.4900288581848145,729,,,0.010078340768814087,0.02376750484108925,0.002272884827107191,0.0,0.17562420666217804,3.4900288581848145,-5.980055332183838,0.1154695376753807,0.1434638500213623,,,,43799,0.223682701587677,1.0
,729,79.13513946533203,87600.0,,,,,,,,,,24.60662078857422,,0.8862729072570801,43799,,
3.8389532566070557,730,,,0.010215980932116508,0.022647913545370102,0.00160696217790246,0.0,0.17282579839229584,3.8389532566070557,-6.6779069900512695,0.09810866415500641,0.1263566017150879,,,,43849,0.21603447198867798,1.0
3.8020384311676025,731,,,0.0076527982018888,0.014867424964904785,0.0010138563811779022,0.0,0.17641565203666687,3.8020384311676025,-6.604074001312256,0.054299987852573395,0.06022012233734131,,,,43899,0.19912105798721313,1.0
3.976080894470215,732,,,0.010437827557325363,0.021030597388744354,0.0023862463422119617,0.0,0.16203421354293823,3.976080894470215,-6.952157497406006,0.07707430422306061,0.09389907121658325,,,,43949,0.19634488224983215,1.0
3.772007942199707,733,,,0.00940650049597025,0.019303694367408752,0.006112635135650635,0.0,0.1871255487203598,3.772007942199707,-6.544015884399414,0.10122386366128922,0.11755365133285522,,,,43999,0.2265537828207016,1.0
3.7143476009368896,734,,,0.013704921118915081,0.026600902900099754,0.0029654884710907936,0.0,0.2077140212059021,3.7143476009368896,-6.428694725036621,0.10040177404880524,0.13852721452713013,,,,44049,0.2560630440711975,1.0
3.780726194381714,734,,,0.009702567011117935,0.022524356842041016,0.0019313124939799309,0.0,0.18302682042121887,3.780726194381714,-6.561452388763428,0.10189574956893921,0.13148915767669678,,,,44099,0.2274521291255951,1.0
3.7550299167633057,735,,,0.013179749250411987,0.022745421156287193,0.003791531315073371,0.0,0.18812669813632965,3.7550299167633057,-6.510061264038086,0.13519376516342163,0.13049077987670898,,,,44149,0.2325463891029358,1.0
3.8163034915924072,736,,,0.011377643793821335,0.021871229633688927,0.004304852336645126,0.0,0.18211087584495544,3.8163034915924072,-6.632612228393555,0.08418560028076172,0.10821974277496338,,,,44199,0.22049349546432495,1.0
3.8264315128326416,737,,,0.009890261106193066,0.019845856353640556,0.0023836567997932434,0.0,0.18059685826301575,3.8264315128326416,-6.65286111831665,0.0981149673461914,0.10619592666625977,,,,44249,0.21737560629844666,1.0
3.782193660736084,738,,,0.006997492164373398,0.018545251339673996,0.0012435999233275652,0.0,0.16890151798725128,3.782193660736084,-6.564387321472168,0.0719778761267662,0.09460204839706421,,,,44299,0.20203068852424622,1.0
3.911038398742676,739,,,0.009795041754841805,0.021485459059476852,0.002610323019325733,0.0,0.1779758185148239,3.911038398742676,-6.822081565856934,0.0808175727725029,0.11071830987930298,,,,44349,0.2167082577943802,1.0
3.7469167709350586,739,,,0.01126827485859394,0.019866041839122772,0.002845446579158306,0.0,0.17703157663345337,3.7469167709350586,-6.493836879730225,0.08299265056848526,0.09235894680023193,,,,44399,0.21040716767311096,1.0
,739,79.2424545288086,88800.0,,,,,,,,,,24.635759353637695,,0.8862438201904297,44399,,
3.9706223011016846,740,,,0.008805107325315475,0.01549199502915144,0.0009582957718521357,0.0,0.1760387420654297,3.9706223011016846,-6.941244602203369,0.06528312712907791,0.060680389404296875,,,,44449,0.199198916554451,1.0
3.6522178649902344,741,,,0.008280087262392044,0.017357822507619858,0.0014456164790317416,0.0,0.16044658422470093,3.6522178649902344,-6.304434776306152,0.07647065818309784,0.07629156112670898,,,,44499,0.18844152987003326,1.0
3.9077088832855225,742,,,0.008186222985386848,0.01541775744408369,0.002096757059916854,0.0,0.1692304015159607,3.9077088832855225,-6.815423011779785,0.06833729147911072,0.06364136934280396,,,,44549,0.19310669600963593,1.0
3.860517740249634,743,,,0.014924369752407074,0.024308105930685997,0.0012201181380078197,0.0,0.17469607293605804,3.860517740249634,-6.721035480499268,0.0753856748342514,0.10064196586608887,,,,44599,0.2124142348766327,1.0
3.7715506553649902,744,,,0.010481119155883789,0.024228742346167564,0.0017656751442700624,0.0,0.1831364929676056,3.7715506553649902,-6.543102741241455,0.07048048824071884,0.1027800440788269,,,,44649,0.22125205397605896,1.0
3.9849653244018555,744,,,0.009071959182620049,0.020962990820407867,0.00217345729470253,0.0,0.17954063415527344,3.9849653244018555,-6.969931125640869,0.09943576902151108,0.10993099212646484,,,,44699,0.2177860140800476,1.0
3.8129281997680664,745,,,0.011320355348289013,0.020663319155573845,0.0011239859741181135,0.0,0.17905902862548828,3.8129281997680664,-6.625857830047607,0.09677308052778244,0.09324228763580322,,,,44749,0.21301236748695374,1.0
3.653860569000244,746,,,0.008683528751134872,0.01668468490242958,0.0018907258054241538,0.0,0.16481159627437592,3.653860569000244,-6.3077192306518555,0.08009354770183563,0.09871101379394531,,,,44799,0.19809603691101074,1.0
3.9510889053344727,747,,,0.01381656527519226,0.02289167046546936,0.0014257538132369518,0.0,0.17347316443920135,3.9510889053344727,-6.902176856994629,0.08013774454593658,0.10072648525238037,,,,44849,0.2104816734790802,1.0
3.7771291732788086,748,,,0.008863701485097408,0.019498072564601898,0.002065721433609724,0.0,0.17051835358142853,3.7771291732788086,-6.554257869720459,0.07829692959785461,0.09110623598098755,,,,44899,0.20331718027591705,1.0
3.9370994567871094,749,,,0.009323189035058022,0.019928641617298126,0.0013150779996067286,0.0,0.18336206674575806,3.9370994567871094,-6.8741960525512695,0.0653931125998497,0.08512496948242188,,,,44949,0.21487358212471008,1.0
3.73795747756958,749,,,0.009620701894164085,0.02162024937570095,0.002642967738211155,0.0,0.17233438789844513,3.73795747756958,-6.475914478302002,0.09533443301916122,0.12925899028778076,,,,44999,0.2157658487558365,1.0
,749,79.49298095703125,90000.0,,,,,,,,,,24.65506935119629,,0.886444628238678,44999,,
3.4924590587615967,750,,,0.008671525865793228,0.017694590613245964,0.0017025584820657969,0.0,0.1643790751695633,3.4924590587615967,-5.984917640686035,0.08159838616847992,0.09676873683929443,,,,45049,0.19767791032791138,1.0
3.7772274017333984,751,,,0.008502654731273651,0.017689762637019157,0.004724685102701187,0.0,0.19292359054088593,3.7772274017333984,-6.5544586181640625,0.06214901804924011,0.09014052152633667,,,,45099,0.2246342897415161,1.0
3.7491507530212402,752,,,0.011312871240079403,0.023580944165587425,0.0016816979041323066,0.0,0.18375493586063385,3.7491507530212402,-6.498304843902588,0.09091351181268692,0.12447410821914673,,,,45149,0.2269887924194336,1.0
3.8391919136047363,753,,,0.014919566921889782,0.02408992312848568,0.001392897218465805,0.0,0.19774501025676727,3.8391919136047363,-6.678383827209473,0.10982172936201096,0.11064726114273071,,,,45199,0.2378596067428589,1.0
3.719024181365967,754,,,0.01007736474275589,0.02066880092024803,0.0027914780657738447,0.0,0.17210984230041504,3.719024181365967,-6.438045978546143,0.07949715107679367,0.11280286312103271,,,,45249,0.21096667647361755,1.0
3.9847524166107178,754,,,0.011713295243680477,0.02269582450389862,0.0035394015721976757,0.0,0.18221831321716309,3.9847524166107178,-6.96950626373291,0.08290885388851166,0.10879194736480713,,,,45299,0.22114554047584534,1.0
3.8839926719665527,755,,,0.009661544114351273,0.019659148529171944,0.0016566673293709755,0.0,0.16714031994342804,3.8839926719665527,-6.7679853439331055,0.06954214721918106,0.0762481689453125,,,,45349,0.19631488621234894,1.0
3.735639810562134,756,,,0.009085357189178467,0.01431763544678688,0.0025774030946195126,0.0,0.17660851776599884,3.735639810562134,-6.471280574798584,0.08804407715797424,0.07520145177841187,,,,45399,0.20285926759243011,1.0
3.610741376876831,757,,,0.011696061119437218,0.022164544090628624,0.0024467776529490948,0.0,0.17026977241039276,3.610741376876831,-6.221484184265137,0.07007334381341934,0.09082818031311035,,,,45449,0.20441266894340515,1.0
3.584879159927368,758,,,0.010269422084093094,0.020045652985572815,0.005227219313383102,0.0,0.17917190492153168,3.584879159927368,-6.169758319854736,0.07784022390842438,0.11478137969970703,,,,45499,0.2182774841785431,1.0
3.9231863021850586,759,,,0.008951608091592789,0.021636512130498886,0.001677392516285181,0.0,0.1829736828804016,3.9231863021850586,-6.846369743347168,0.10675258934497833,0.10900837182998657,,,,45549,0.22130975127220154,1.0
3.954996347427368,759,,,0.010867911390960217,0.01861928403377533,0.0009712176397442818,0.0,0.16134223341941833,3.954996347427368,-6.909993648529053,0.06986682862043381,0.08675265312194824,,,,45599,0.19263601303100586,1.0
,759,79.334228515625,91200.0,,,,,,,,,,24.660541534423828,,0.8865053057670593,45599,,
3.695502519607544,760,,,0.014049938879907131,0.025354623794555664,0.004082497209310532,0.0,0.1659986525774002,3.695502519607544,-6.391008377075195,0.08728385716676712,0.11363744735717773,,,,45649,0.2075386345386505,1.0
3.803471803665161,761,,,0.008727595210075378,0.020069517195224762,0.002109003718942404,0.0,0.16563476622104645,3.803471803665161,-6.606940269470215,0.07609684765338898,0.09426265954971313,,,,45699,0.19950610399246216,1.0
3.59126353263855,762,,,0.010578496381640434,0.028056230396032333,0.010966280475258827,0.0,0.18805517256259918,3.59126353263855,-6.182528495788574,0.1270415484905243,0.18184620141983032,,,,45749,0.2480834573507309,1.0
3.9224917888641357,763,,,0.010364416055381298,0.02134738862514496,0.0026292232796549797,0.0,0.16158166527748108,3.9224917888641357,-6.8449835777282715,0.08041542023420334,0.08814960718154907,,,,45799,0.1946175992488861,1.0
4.005268573760986,764,,,0.009058809839189053,0.017004486173391342,0.0010149149456992745,0.0,0.16050074994564056,4.005268573760986,-7.010537147521973,0.08001764118671417,0.07566100358963013,,,,45849,0.18817009031772614,1.0
3.7546029090881348,764,,,0.009755285456776619,0.020992372184991837,0.0018199250334873796,0.0,0.17723825573921204,3.7546029090881348,-6.5092058181762695,0.0828980803489685,0.11309802532196045,,,,45899,0.21629832684993744,1.0
3.712164878845215,765,,,0.013355476781725883,0.029641827568411827,0.01039726473391056,0.0,0.18470177054405212,3.712164878845215,-6.424332618713379,0.10999537259340286,0.1320478916168213,,,,45949,0.23312847316265106,1.0
3.6193699836730957,766,,,0.009245404973626137,0.02167152613401413,0.0014151951763778925,0.0,0.18134911358356476,3.6193699836730957,-6.23874044418335,0.09704656898975372,0.1273389458656311,,,,45999,0.22428612411022186,1.0
3.7233963012695312,767,,,0.00844694022089243,0.01837642304599285,0.0011921469122171402,0.0,0.1758086383342743,3.7233963012695312,-6.446793079376221,0.10395132750272751,0.11118209362030029,,,,46049,0.21303334832191467,1.0
3.750359535217285,768,,,0.016252169385552406,0.025665011256933212,0.002827899996191263,0.0,0.17862549424171448,3.750359535217285,-6.500720977783203,0.06654180586338043,0.09828472137451172,,,,46099,0.21650618314743042,1.0
3.9022207260131836,769,,,0.011611911468207836,0.02324947714805603,0.0018373127095401287,0.0,0.18527328968048096,3.9022207260131836,-6.804443836212158,0.09598982334136963,0.11991477012634277,,,,46149,0.22721295058727264,1.0
3.9477665424346924,769,,,0.011052638292312622,0.02053237147629261,0.001869239378720522,0.0,0.17072145640850067,3.9477665424346924,-6.895534992218018,0.0615052655339241,0.08622705936431885,,,,46199,0.20286744832992554,1.0
,769,79.18376159667969,92400.0,,,,,,,,,,24.675090789794922,,0.8864941596984863,46199,,
3.8277475833892822,770,,,0.010091557167470455,0.018965907394886017,0.002399108372628689,0.0,0.17531269788742065,3.8277475833892822,-6.655499458312988,0.06794027984142303,0.09501206874847412,,,,46249,0.20886093378067017,1.0
3.839323043823242,771,,,0.010281729511916637,0.020622409880161285,0.001690935343503952,0.0,0.1730669140815735,3.839323043823242,-6.678646087646484,0.08508563041687012,0.09941333532333374,,,,46299,0.20853076875209808,1.0
3.869518280029297,772,,,0.008830657228827477,0.02242104336619377,0.0014341480564326048,0.0,0.16378693282604218,3.869518280029297,-6.739035129547119,0.10078097134828568,0.12328052520751953,,,,46349,0.20607420802116394,1.0
3.8377552032470703,773,,,0.009711874648928642,0.01944764330983162,0.0010933118173852563,0.0,0.18839678168296814,3.8377552032470703,-6.675511360168457,0.06734707951545715,0.08307957649230957,,,,46399,0.21916063129901886,1.0
3.6999034881591797,774,,,0.007758479565382004,0.015188295394182205,0.001216184115037322,0.0,0.1822683960199356,3.6999034881591797,-6.399805068969727,0.06240268796682358,0.0834193229675293,,,,46449,0.21094174683094025,1.0
3.7988414764404297,774,,,0.009538638405501842,0.018510062247514725,0.0022395870182663202,0.0,0.17752617597579956,3.7988414764404297,-6.597681045532227,0.07753726094961166,0.09453821182250977,,,,46499,0.21071021258831024,1.0
3.630657196044922,775,,,0.010824412107467651,0.021184027194976807,0.0030617984011769295,0.0,0.18641000986099243,3.630657196044922,-6.261311054229736,0.10713572800159454,0.12267142534255981,,,,46549,0.22801703214645386,1.0
3.908355474472046,776,,,0.00866855401545763,0.019096698611974716,0.0015858897240832448,0.0,0.17522625625133514,3.908355474472046,-6.816709518432617,0.0604277029633522,0.08279365301132202,,,,46599,0.2057293802499771,1.0
3.8171160221099854,777,,,0.0126261617988348,0.026247357949614525,0.002201634459197521,0.0,0.19012844562530518,3.8171160221099854,-6.634232044219971,0.08544736355543137,0.11721837520599365,,,,46649,0.23292741179466248,1.0
3.9371209144592285,778,,,0.009852178394794464,0.022945253178477287,0.0015282070962712169,0.0,0.17800365388393402,3.9371209144592285,-6.874240398406982,0.08952747285366058,0.12477481365203857,,,,46699,0.22095449268817902,1.0
3.653303861618042,779,,,0.014349378645420074,0.023798389360308647,0.005262950900942087,0.0,0.1942911297082901,3.653303861618042,-6.306607246398926,0.12151861190795898,0.1182025671005249,,,,46749,0.23623126745224,1.0
3.8217616081237793,779,,,0.010067995637655258,0.01990889385342598,0.006895360536873341,0.0,0.19739659130573273,3.8217616081237793,-6.643522262573242,0.08811235427856445,0.1009664535522461,,,,46799,0.2330167293548584,1.0
,779,79.12891387939453,93600.0,,,,,,,,,,24.681604385375977,,0.8864278793334961,46799,,
3.6160759925842285,780,,,0.011381082236766815,0.02782551571726799,0.003492021234706044,0.0,0.18633483350276947,3.6160759925842285,-6.232151985168457,0.11191758513450623,0.15235841274261475,,,,46849,0.23870903253555298,1.0
3.7454259395599365,781,,,0.008420499041676521,0.015778155997395515,0.0015638450859114528,0.0,0.15946361422538757,3.7454259395599365,-6.490854740142822,0.06561481952667236,0.07088780403137207,,,,46899,0.18532425165176392,1.0
3.768958330154419,782,,,0.011905467137694359,0.019491948187351227,0.001462175277993083,0.0,0.17690052092075348,3.768958330154419,-6.5379157066345215,0.08834072947502136,0.08526992797851562,,,,46949,0.20829817652702332,1.0
3.86942458152771,783,,,0.012389222159981728,0.019042763859033585,0.001214305404573679,0.0,0.1629514992237091,3.86942458152771,-6.7388482093811035,0.0727694109082222,0.07079023122787476,,,,46999,0.19051052629947662,1.0
3.7469592094421387,784,,,0.010333698242902756,0.018647244200110435,0.002147283172234893,0.0,0.1652294099330902,3.7469592094421387,-6.49392032623291,0.07900906354188919,0.08965098857879639,,,,47049,0.19727779924869537,1.0
3.8688344955444336,784,,,0.009343474172055721,0.02263553999364376,0.0008507258608005941,0.0,0.16532525420188904,3.8688344955444336,-6.737668514251709,0.08928504586219788,0.12002402544021606,,,,47099,0.20690388977527618,1.0
3.8249080181121826,785,,,0.011814145371317863,0.023491015657782555,0.0027266209945082664,0.0,0.1955476999282837,3.8249080181121826,-6.649813175201416,0.08366304636001587,0.11532878875732422,,,,47149,0.2364889234304428,1.0
3.760664224624634,786,,,0.010014853440225124,0.025125538930296898,0.0035694458056241274,0.0,0.16644512116909027,3.760664224624634,-6.521329402923584,0.07205900549888611,0.10853314399719238,,,,47199,0.20648078620433807,1.0
3.7286620140075684,787,,,0.00922219455242157,0.017324041575193405,0.0010139677906408906,0.0,0.1719379425048828,3.7286620140075684,-6.457322120666504,0.06413339078426361,0.07364118099212646,,,,47249,0.19926616549491882,1.0
3.61428165435791,788,,,0.01571550965309143,0.027612274512648582,0.002449370687827468,0.0,0.19440367817878723,3.61428165435791,-6.22856330871582,0.11608071625232697,0.1318502426147461,,,,47299,0.24162650108337402,1.0
3.6892080307006836,789,,,0.01093567069619894,0.019925443455576897,0.0013634039787575603,0.0,0.15649248659610748,3.6892080307006836,-6.378415584564209,0.09401784837245941,0.0941535234451294,,,,47349,0.1903010606765747,1.0
3.809824228286743,789,,,0.009941204451024532,0.020404227077960968,0.008829772472381592,0.0,0.17507675290107727,3.809824228286743,-6.619648456573486,0.06276970356702805,0.08991920948028564,,,,47399,0.2082279473543167,1.0
,789,79.48485565185547,94800.0,,,,,,,,,,24.68915557861328,,0.8864339590072632,47399,,
3.738145589828491,790,,,0.009416040033102036,0.022752035409212112,0.0045306626707315445,0.0,0.1843121349811554,3.738145589828491,-6.476288795471191,0.07886902987957001,0.11009728908538818,,,,47449,0.2235611379146576,1.0
3.8132054805755615,791,,,0.009148606099188328,0.019659817218780518,0.0023907299619168043,0.0,0.16822655498981476,3.8132054805755615,-6.626408576965332,0.05473191291093826,0.07899916172027588,,,,47499,0.19809474050998688,1.0
3.7035863399505615,792,,,0.010069988667964935,0.024306755512952805,0.005839667282998562,0.0,0.18505866825580597,3.7035863399505615,-6.407169818878174,0.08717134594917297,0.1253613829612732,,,,47549,0.2289501428604126,1.0
3.9003429412841797,793,,,0.009547339752316475,0.01897258125245571,0.0032260697335004807,0.0,0.18062272667884827,3.9003429412841797,-6.800686359405518,0.07022032886743546,0.09702050685882568,,,,47599,0.21468347311019897,1.0
3.8129007816314697,794,,,0.011436599306762218,0.01827731356024742,0.0010403465712442994,0.0,0.1796150654554367,3.8129007816314697,-6.625802040100098,0.05710816755890846,0.06989175081253052,,,,47649,0.206538587808609,1.0
3.7324790954589844,794,,,0.010651249438524246,0.023589983582496643,0.011362513527274132,0.0,0.19038639962673187,3.7324790954589844,-6.464961528778076,0.10220396518707275,0.11934775114059448,,,,47699,0.2325686812400818,1.0
3.8370978832244873,795,,,0.007559704594314098,0.019270628690719604,0.000920863589271903,0.0,0.16686192154884338,3.8370978832244873,-6.674194812774658,0.07974276691675186,0.12024784088134766,,,,47749,0.20677120983600616,1.0
3.8488900661468506,796,,,0.01085255853831768,0.02400144562125206,0.0014549808111041784,0.0,0.1665942519903183,3.8488900661468506,-6.697780132293701,0.0862828865647316,0.11023801565170288,,,,47799,0.20646217465400696,1.0
3.844856023788452,797,,,0.009361116215586662,0.01845128834247589,0.0026186907198280096,0.0,0.1577254980802536,3.844856023788452,-6.689711570739746,0.07623636722564697,0.09141236543655396,,,,47849,0.19010372459888458,1.0
3.862656831741333,798,,,0.008409018628299236,0.015675988048315048,0.002062518149614334,0.0,0.16421827673912048,3.862656831741333,-6.725313663482666,0.07932572066783905,0.07107096910476685,,,,47899,0.19008579850196838,1.0
3.889092445373535,799,,,0.008920019492506981,0.01867402158677578,0.0015301334206014872,0.0,0.16072948276996613,3.889092445373535,-6.778183937072754,0.07051043212413788,0.08378171920776367,,,,47949,0.19127318263053894,1.0
3.8181610107421875,799,,,0.008310833014547825,0.0216020829975605,0.0020272182300686836,0.0,0.17718298733234406,3.8181610107421875,-6.636321544647217,0.08720367401838303,0.13123762607574463,,,,47999,0.221051886677742,1.0
,799,79.451904296875,96000.0,,,,,,,,,,24.683298110961914,,0.8864717483520508,47999,,
3.90606951713562,800,,,0.009443094953894615,0.021971695125102997,0.003147707786411047,0.0,0.16451923549175262,3.90606951713562,-6.812139511108398,0.06929931789636612,0.09691476821899414,,,,48049,0.2000485509634018,1.0
3.7123072147369385,801,,,0.006982205435633659,0.013663149438798428,0.0018979189917445183,0.0,0.18609273433685303,3.7123072147369385,-6.4246134757995605,0.055913008749485016,0.0622178316116333,,,,48099,0.2087007761001587,1.0
3.754136085510254,802,,,0.01192115806043148,0.02292706072330475,0.005033277906477451,0.0,0.17063550651073456,3.754136085510254,-6.508272647857666,0.07718994468450546,0.11182808876037598,,,,48149,0.21047991514205933,1.0
3.877516984939575,803,,,0.010992081835865974,0.01963089033961296,0.0017056732904165983,0.0,0.18820111453533173,3.877516984939575,-6.755028247833252,0.09674382209777832,0.09874987602233887,,,,48199,0.2230214774608612,1.0
3.8351118564605713,804,,,0.011117152869701385,0.018471140414476395,0.0008167438791133463,0.0,0.1839410960674286,3.8351118564605713,-6.670225620269775,0.07593479007482529,0.0729532241821289,,,,48249,0.21171331405639648,1.0
3.957247257232666,804,,,0.009663471020758152,0.020987410098314285,0.0011319105979055166,0.0,0.18033885955810547,3.957247257232666,-6.914495468139648,0.09413591772317886,0.1291903257369995,,,,48299,0.2234000265598297,1.0
3.7518935203552246,805,,,0.008724287152290344,0.021868400275707245,0.0012746290303766727,0.0,0.15792348980903625,3.7518935203552246,-6.503785610198975,0.08733197301626205,0.1296757459640503,,,,48349,0.20152659714221954,1.0
3.632298231124878,806,,,0.008885731920599937,0.022136753425002098,0.02057887241244316,0.0,0.18759359419345856,3.632298231124878,-6.264598369598389,0.07827737927436829,0.12122905254364014,,,,48399,0.2297058403491974,1.0
3.609171152114868,807,,,0.00940057821571827,0.02128591202199459,0.003732115961611271,0.0,0.18264202773571014,3.609171152114868,-6.218342304229736,0.08504719287157059,0.11056399345397949,,,,48449,0.22125430405139923,1.0
3.845828056335449,808,,,0.007013234309852123,0.014744943007826805,0.0030971551313996315,0.0,0.1746443510055542,3.845828056335449,-6.691652297973633,0.06995609402656555,0.07625424861907959,,,,48499,0.201333150267601,1.0
3.7405307292938232,809,,,0.008970594964921474,0.020356478169560432,0.002586968243122101,0.0,0.19534550607204437,3.7405307292938232,-6.481059551239014,0.08866254985332489,0.11424928903579712,,,,48549,0.234375,1.0
3.87050199508667,809,,,0.011434268206357956,0.023151276633143425,0.0012105958303436637,0.0,0.18083223700523376,3.87050199508667,-6.74100399017334,0.07214492559432983,0.10432863235473633,,,,48599,0.21880614757537842,1.0
,809,79.6178207397461,97200.0,,,,,,,,,,24.67464256286621,,0.8864889144897461,48599,,
3.763659954071045,810,,,0.010701000690460205,0.02150607481598854,0.0018692363519221544,0.0,0.17096549272537231,3.763659954071045,-6.527322769165039,0.07106931507587433,0.09438252449035645,,,,48649,0.2056284099817276,1.0
3.7766990661621094,811,,,0.010048022493720055,0.018809493631124496,0.0025170077569782734,0.0,0.17788119614124298,3.7766990661621094,-6.553398609161377,0.0694848969578743,0.08838266134262085,,,,48699,0.2096957266330719,1.0
3.72878098487854,812,,,0.00881652720272541,0.01893192157149315,0.002992914989590645,0.0,0.179650217294693,3.72878098487854,-6.457560062408447,0.059005558490753174,0.09194201231002808,,,,48749,0.21239691972732544,1.0
3.7866315841674805,813,,,0.00953582115471363,0.02163110300898552,0.009296584874391556,0.0,0.17074932157993317,3.7866315841674805,-6.573265552520752,0.07999219745397568,0.11160469055175781,,,,48799,0.20993685722351074,1.0
3.9371609687805176,814,,,0.011000867001712322,0.0211399607360363,0.001784136751666665,0.0,0.17160236835479736,3.9371609687805176,-6.874322891235352,0.08713169395923615,0.10093533992767334,,,,48849,0.20772580802440643,1.0
3.8076276779174805,814,,,0.01167734619230032,0.021971648558974266,0.0020364304073154926,0.0,0.16111139953136444,3.8076276779174805,-6.615255355834961,0.076790452003479,0.10269129276275635,,,,48899,0.19811289012432098,1.0
3.9186453819274902,815,,,0.009894205257296562,0.02211240492761135,0.0017194888787344098,0.0,0.17612490057945251,3.9186453819274902,-6.8372907638549805,0.05935265123844147,0.09392893314361572,,,,48949,0.21095368266105652,1.0
3.624931812286377,816,,,0.00886446237564087,0.020436540246009827,0.0015017432160675526,0.0,0.15625892579555511,3.624931812286377,-6.249862194061279,0.068546362221241,0.10067141056060791,,,,48999,0.1919042021036148,1.0
3.761862277984619,817,,,0.008826741948723793,0.01955486834049225,0.001393644604831934,0.0,0.17733101546764374,3.761862277984619,-6.523722171783447,0.06667518615722656,0.08695876598358154,,,,49049,0.20910364389419556,1.0
3.6819849014282227,818,,,0.009852360934019089,0.020146703347563744,0.0017933400813490152,0.0,0.1793433576822281,3.6819849014282227,-6.363969802856445,0.07501916587352753,0.08350753784179688,,,,49099,0.21058472990989685,1.0
3.8717000484466553,819,,,0.012361327186226845,0.024186652153730392,0.0019082718063145876,0.0,0.187383770942688,3.8717000484466553,-6.743396282196045,0.11157198250293732,0.12832939624786377,,,,49149,0.23191618919372559,1.0
3.572603702545166,819,,,0.008733147755265236,0.023630380630493164,0.0016204906860366464,0.0,0.15240377187728882,3.572603702545166,-6.145206928253174,0.08732869476079941,0.1184769868850708,,,,49199,0.19409704208374023,1.0
,819,79.49754333496094,98400.0,,,,,,,,,,24.682851791381836,,0.8863911628723145,49199,,
3.9490814208984375,820,,,0.012049784883856773,0.019932767376303673,0.0009559009922668338,0.0,0.17109356820583344,3.9490814208984375,-6.898163318634033,0.05271708220243454,0.0703839659690857,,,,49249,0.19898109138011932,1.0
3.908087730407715,821,,,0.007729626260697842,0.022188544273376465,0.0015085909981280565,0.0,0.1689901053905487,3.908087730407715,-6.8161749839782715,0.06710551679134369,0.10013556480407715,,,,49299,0.20534922182559967,1.0
3.8836450576782227,822,,,0.010404670611023903,0.01919463276863098,0.0013061268255114555,0.0,0.17116160690784454,3.8836450576782227,-6.767288684844971,0.06972943246364594,0.08503174781799316,,,,49349,0.20230963826179504,1.0
3.7481157779693604,823,,,0.010756541043519974,0.020727738738059998,0.002685282379388809,0.0,0.18079695105552673,3.7481157779693604,-6.496229648590088,0.08272203803062439,0.10148799419403076,,,,49399,0.21686886250972748,1.0
3.8757381439208984,824,,,0.014196625910699368,0.024935593828558922,0.00224960595369339,0.0,0.20155194401741028,3.8757381439208984,-6.751474857330322,0.10137282311916351,0.11889004707336426,,,,49449,0.24415341019630432,1.0
3.804013252258301,824,,,0.009032521396875381,0.023339828476309776,0.014309600926935673,0.0,0.18019254505634308,3.804013252258301,-6.608025550842285,0.07484285533428192,0.12398278713226318,,,,49499,0.2234417051076889,1.0
3.8245513439178467,825,,,0.009534585289657116,0.019871000200510025,0.0014666230417788029,0.0,0.177948459982872,3.8245513439178467,-6.649104118347168,0.0926489606499672,0.09897017478942871,,,,49549,0.2129015326499939,1.0
3.667635202407837,826,,,0.008081713691353798,0.019627463072538376,0.0012232043081894517,0.0,0.1739560216665268,3.667635202407837,-6.335269451141357,0.08100232481956482,0.09382104873657227,,,,49599,0.20745763182640076,1.0
3.803868293762207,827,,,0.011066239327192307,0.020446311682462692,0.0014446605928242207,0.0,0.19781647622585297,3.803868293762207,-6.607736110687256,0.09352453052997589,0.10397887229919434,,,,49649,0.2343471199274063,1.0
3.630659341812134,828,,,0.015377521514892578,0.02549963817000389,0.003062131116166711,0.0,0.1796821802854538,3.630659341812134,-6.261318683624268,0.07283204793930054,0.10135626792907715,,,,49699,0.21823206543922424,1.0
3.9144656658172607,829,,,0.009165853261947632,0.01926615834236145,0.0014955040533095598,0.0,0.16971269249916077,3.9144656658172607,-6.8289313316345215,0.0901203379034996,0.08254414796829224,,,,49749,0.2002483457326889,1.0
3.576107978820801,829,,,0.010938076302409172,0.019236138090491295,0.0035114954225718975,0.0,0.16264870762825012,3.576107978820801,-6.152215957641602,0.07967592775821686,0.09490162134170532,,,,49799,0.19635342061519623,1.0
,829,79.39197540283203,99600.0,,,,,,,,,,24.69184112548828,,0.8864338994026184,49799,,
3.832599401473999,830,,,0.007955702021718025,0.016561394557356834,0.001371631515212357,0.0,0.16048233211040497,3.832599401473999,-6.665198802947998,0.08093477785587311,0.07860374450683594,,,,49849,0.18864715099334717,1.0
3.846419334411621,831,,,0.00879623368382454,0.02159067988395691,0.0020184689201414585,0.0,0.16613420844078064,3.846419334411621,-6.692834377288818,0.06555004417896271,0.0914955735206604,,,,49899,0.20007380843162537,1.0
3.6959359645843506,832,,,0.008009849116206169,0.017037585377693176,0.006993270479142666,0.0,0.1792943924665451,3.6959359645843506,-6.391869068145752,0.07930911332368851,0.08559966087341309,,,,49949,0.2095881700515747,1.0
3.6636064052581787,833,,,0.00972807127982378,0.02037878707051277,0.002090263878926635,0.0,0.17263032495975494,3.6636064052581787,-6.327213764190674,0.08633814752101898,0.11026144027709961,,,,49999,0.2106805443763733,1.0
,834,88.30445861816406,100000.0,,,,,,,,,,24.779022216796875,,0.8822050094604492,50000,,
